geo,time,Channel0_impression,Channel1_impression,Channel2_impression,Channel3_impression,competitor_sales_control,sentiment_score_control,Channel0_spend,Channel1_spend,Channel2_spend,Channel3_spend,Organic_channel0_impression,Promo,conversions,revenue_per_conversion,population,total_revenue
Geo0,2021-01-25,280668,0,0,470611,-1.3387649,0.11558147,2058.0608,0.0,0.0,3667.3965,97320,0.0,1954576.8,0.020054754,136670.94,39198.55689810721
Geo0,2021-02-01,366206,182108,19825,527702,0.8936449,0.9442244,2685.2874,1755.7454,147.31808,4112.2974,201441,0.0,2064249.6,0.02010317,136670.94,41497.960631232
Geo0,2021-02-08,197565,230170,0,393618,-0.28454947,-1.290579,1448.6895,2219.1223,0.0,3067.4023,0,0.68381935,2086382.8,0.019928792,136670.94,41579.0888535776
Geo0,2021-02-15,140990,66643,0,326034,-1.0347397,-1.0845139,1033.8406,642.52057,0.0,2540.731,0,1.2890546,2826431.5,0.019987345,136670.94,56492.8615093675
Geo0,2021-02-22,399116,164991,0,381982,-0.3192759,-0.017502785,2926.6072,1590.7164,0.0,2976.7249,0,0.22773853,3551929.2,0.02000035,136670.94,71039.82717522001
Geo0,2021-03-01,219462,149254,0,417941,-0.65269506,-0.30211386,1609.2542,1438.9924,0.0,3256.9475,0,0.0,2241229.2,0.02014213,136670.94,45143.12990619601
Geo0,2021-03-08,39715,52062,273250,662155,1.4276155,-0.23733935,291.2191,501.94177,2030.5001,5160.0684,0,0.0,2553928.2,0.020031057,136670.94,51157.88134810741
Geo0,2021-03-15,114458,230897,122797,423700,0.45791247,0.8655758,839.2888,2226.1316,912.49524,3301.8264,88088,0.0,2218996.5,0.020035092,136670.94,44457.799025178
Geo0,2021-03-22,235989,256233,0,413992,0.89351004,-0.80686784,1730.442,2470.4019,0.0,3226.1736,334506,1.4659629,2322239.5,0.020043833,136670.94,46546.5807240035
Geo0,2021-03-29,428627,0,280553,501091,0.520105,-0.24917367,3143.003,0.0,2084.768,3904.9224,0,0.9731307,2363707.5,0.019865984,136670.94,46957.37537568
Geo0,2021-04-05,221340,143848,0,397356,-0.8563197,0.050081678,1623.025,1386.8718,0.0,3096.532,46898,0.0,2229578.5,0.019946404,136670.94,44472.073510714
Geo0,2021-04-12,391678,50750,0,722273,-1.4528581,1.5585525,2872.0662,489.2925,0.0,5628.5586,228913,1.6279713,3524765.0,0.019867629,136670.94,70028.723332185
Geo0,2021-04-19,244001,0,0,329811,-1.9642203,-0.59979314,1789.1918,0.0,0.0,2570.1646,140779,0.6690695,3347289.8,0.019929865,136670.94,66711.03382987701
Geo0,2021-04-26,205575,38204,0,397778,-0.6964144,-1.240535,1507.4246,368.33362,0.0,3099.8206,0,0.5568802,2779414.2,0.019973803,136670.94,55515.471686202596
Geo0,2021-05-03,90953,0,0,78105,-1.5696856,-2.3092334,666.93317,0.0,0.0,608.6598,0,1.2657831,2335399.5,0.020143956,136670.94,47044.184770422005
Geo0,2021-05-10,155015,289612,0,475510,1.1948755,-1.364184,1136.6821,2792.2163,0.0,3705.5735,0,0.0,2429740.0,0.02005313,136670.94,48723.892086199994
Geo0,2021-05-17,139836,184700,0,277029,-0.12523502,-0.71586806,1025.3787,1780.7355,0.0,2158.8428,10126,0.0,4339777.0,0.020103911,136670.94,87246.490567847
Geo0,2021-05-24,388037,147001,0,92359,-0.4660951,-0.9799271,2845.368,1417.2706,0.0,719.73895,0,0.0,3068357.0,0.019971617,136670.94,61280.050823269004
Geo0,2021-05-31,0,491676,160928,801735,0.1384334,1.8121941,0.0,4740.362,1195.8438,6247.793,117413,0.0,2179792.5,0.019968163,136670.94,43526.4519461775
Geo0,2021-06-07,221746,58085,0,628365,0.36252737,0.016913712,1626.002,560.0109,0.0,4896.748,172884,0.23471534,1972932.8,0.020036265,136670.94,39530.204407992
Geo0,2021-06-14,522698,53047,10339,800459,1.5063099,1.1276338,3832.7998,511.43842,76.82833,6237.8496,330830,0.0,1048366.8,0.019912552,136670.94,20875.6584200736
Geo0,2021-06-21,31481,111302,0,0,-1.636292,-0.27724043,230.84145,1073.0884,0.0,0.0,0,0.0,3893564.2,0.019935414,136670.94,77619.8142625788
Geo0,2021-06-28,124951,98741,0,426485,1.9607203,-1.8176672,916.2311,951.9848,0.0,3323.5295,113464,0.15866125,1130191.2,0.020028308,136670.94,22635.817452489602
Geo0,2021-07-05,0,28473,0,416725,0.76883364,-1.5893306,0.0,274.51477,0.0,3247.4714,172538,0.8438258,1630339.4,0.020078905,136670.94,32735.429930357
Geo0,2021-07-12,202855,208509,0,343028,-0.20756881,0.14665473,1487.4795,2010.2834,0.0,2673.1626,0,0.0,1636969.8,0.019916069,136670.94,32602.003487716203
Geo0,2021-07-19,0,0,0,194185,-2.278555,-0.76092386,0.0,0.0,0.0,1513.2528,0,0.22925419,2052384.2,0.02014443,136670.94,41344.109850006
Geo0,2021-07-26,0,188866,188847,551956,1.6827729,-0.33497372,0.0,1820.9009,1403.3077,4301.305,476514,0.0,1971319.4,0.019972587,136670.94,39372.3482212878
Geo0,2021-08-02,82595,246895,111412,144402,-0.6259522,-0.23797643,605.64624,2380.3718,827.8941,1125.3018,34179,1.4114499,2183971.0,0.019968498,136670.94,43610.620545558006
Geo0,2021-08-09,65819,0,171922,501537,-0.04261376,0.8738909,482.6325,0.0,1277.5394,3908.3977,0,0.0,3191705.2,0.020046635,136670.94,63982.949172002
Geo0,2021-08-16,315181,245276,0,623642,-0.60718906,0.8728794,2311.135,2364.7627,0.0,4859.9424,213951,1.0073695,2329655.0,0.020101883,136670.94,46830.452240365004
Geo0,2021-08-23,312903,0,0,455914,0.98262155,-0.31538105,2294.431,0.0,0.0,3552.865,65117,0.0,3049318.0,0.020039301,136670.94,61106.201246717996
Geo0,2021-08-30,482966,368806,153256,838658,0.8541256,2.1781638,3541.456,3555.744,1138.8337,6535.528,382727,0.0,1722396.4,0.020027785,136670.94,34495.784783974
Geo0,2021-09-06,73496,0,0,155334,-0.3233289,-2.1662579,538.92584,0.0,0.0,1210.4932,0,1.0616482,2601330.8,0.02008969,136670.94,52259.929359452
Geo0,2021-09-13,208795,245380,0,673509,1.4636033,-0.23727089,1531.0359,2365.7654,0.0,5248.548,0,0.0,1641318.4,0.0200919,136670.94,32977.205160959995
Geo0,2021-09-20,189431,155799,0,282879,-0.63264465,-0.7244637,1389.0452,1502.0942,0.0,2204.431,202,0.5559206,3196749.0,0.02006347,136670.94,64137.87765903
Geo0,2021-09-27,151698,205055,0,489137,-0.020206705,-1.5114229,1112.3594,1976.9828,0.0,3811.7666,0,1.089553,2394687.5,0.020079006,136670.94,48082.944680625
Geo0,2021-10-04,319900,146187,14469,762709,1.4515426,-0.6711726,2345.7383,1409.4227,107.51804,5943.6694,34799,0.0,1063526.2,0.020036345,136670.94,21309.177859739
Geo0,2021-10-11,307650,577327,295997,915117,2.0164177,-0.16415071,2255.9124,5566.1436,2199.5312,7131.361,307127,0.9845294,1374069.1,0.019972345,136670.94,27443.3821190395
Geo0,2021-10-18,367332,85671,362145,642076,0.9615391,0.4220463,2693.5437,825.97394,2691.072,5003.596,377410,1.5786209,2741299.0,0.019870654,136670.94,54471.403939546006
Geo0,2021-10-25,175832,209304,0,290784,0.36119574,-0.30546933,1289.3274,2017.9484,0.0,2266.0332,0,0.0,2612483.2,0.020107808,136670.94,52531.31058882561
Geo0,2021-11-01,168631,86902,0,403115,-0.5987632,0.14141196,1236.5244,837.8423,0.0,3141.411,0,0.0,2361390.2,0.020123994,136670.94,47520.6022164588
Geo0,2021-11-08,238164,0,0,472360,0.33029667,1.2681701,1746.3906,0.0,0.0,3681.0264,479203,0.0,1420466.9,0.02015066,136670.94,28623.345543154
Geo0,2021-11-15,375155,273468,0,749763,-0.016226262,1.2139597,2750.9077,2636.5684,0.0,5842.7837,470025,1.5787075,2604857.0,0.020027334,136670.94,52168.341161238
Geo0,2021-11-22,520753,403994,148653,970082,-0.49421322,3.2494621,3818.5376,3894.9998,1104.6293,7559.6943,495078,1.1300328,3886090.2,0.020042188,136670.94,77885.7503733576
Geo0,2021-11-29,172833,416089,0,641773,0.93568575,0.2566672,1267.3365,4011.6106,0.0,5001.2344,126937,0.0,2133698.2,0.019980261,136670.94,42631.846931230204
Geo0,2021-12-06,9903,359768,0,410835,0.027330041,0.7406813,72.61596,3468.6064,0.0,3201.5715,205954,0.0261873,1997668.0,0.020075487,136670.94,40104.157964316
Geo0,2021-12-13,76250,393135,0,253507,-0.03356865,0.31170642,559.1201,3790.3054,0.0,1975.5397,29447,0.0,2676694.2,0.019991074,136670.94,53509.991827570804
Geo0,2021-12-20,209231,18239,0,420895,-0.31126687,-0.48883623,1534.233,175.84642,0.0,3279.9675,136572,0.0,2817375.8,0.019943582,136670.94,56188.5652921156
Geo0,2021-12-27,405537,141793,3596,848756,0.86072326,-0.07130891,2973.6904,1367.0591,26.721603,6614.22,284255,1.4557307,1985086.4,0.020193754,136670.94,40086.3464303456
Geo0,2022-01-03,374597,0,0,236533,-0.9655842,0.45107216,2746.816,0.0,0.0,1843.2639,0,0.0,2982074.0,0.02000462,136670.94,59655.25718188
Geo0,2022-01-10,36607,54538,0,587840,-0.47562334,-0.46259028,268.429,525.8135,0.0,4580.9434,0,0.013619795,1938691.5,0.020117559,136670.94,39001.7406340485
Geo0,2022-01-17,137673,0,0,471948,0.42950368,-1.6772591,1009.518,0.0,0.0,3677.8154,0,0.0,2693435.2,0.019853743,136670.94,53474.7702479536
Geo0,2022-01-24,579492,43963,0,393241,-1.6291564,0.8005363,4249.2544,423.85748,0.0,3064.4646,487929,2.4903753,3443451.8,0.019973516,136670.94,68777.8396225288
Geo0,2022-01-31,308581,0,0,191085,-0.40192538,-2.3970306,2262.739,0.0,0.0,1489.0948,0,0.0,949304.5,0.020171236,136670.94,19148.645105362
Geo0,2022-02-07,297608,400014,0,389475,0.45713294,0.86050504,2182.277,3856.6274,0.0,3035.1165,506575,0.0,1566831.0,0.019918619,136670.94,31209.109726388997
Geo0,2022-02-14,245095,220899,0,579486,-0.4965551,1.5591516,1797.2137,2129.7385,0.0,4515.842,155157,0.24869093,1960729.4,0.02012141,136670.94,39452.640156454
Geo0,2022-02-21,15123,202927,473934,598668,2.116428,0.6951898,110.89278,1956.4663,3521.7678,4665.324,237597,0.0,993044.5,0.019957699,136670.94,19818.8832246055
Geo0,2022-02-28,183311,177421,0,222313,-2.3563435,0.102197394,1344.1687,1710.557,0.0,1732.4497,215642,1.0494665,4033642.0,0.020135395,136670.94,81218.97495859
Geo0,2022-03-07,410756,30425,14469,511332,0.12923342,-0.113438696,3011.96,293.33447,107.51804,3984.7288,249437,0.78975,1792589.2,0.01982532,136670.94,35538.654518544
Geo0,2022-03-14,306297,341106,199621,647233,0.284594,1.1370645,2245.991,3288.682,1483.3687,5043.7837,243823,0.0,2489067.2,0.019955788,136670.94,49671.2973609536
Geo0,2022-03-21,302066,0,0,865187,-0.17871842,0.014229178,2214.9663,0.0,0.0,6742.2646,201472,0.0,2444715.5,0.019942455,136670.94,48753.62884655251
Geo0,2022-03-28,248430,0,0,183041,-1.1868709,-1.491713,1821.6683,0.0,0.0,1426.4094,126196,1.1935049,2752760.0,0.019846555,136670.94,54632.8027418
Geo0,2022-04-04,71431,153986,197484,308073,-1.37861,1.3533523,523.78375,1484.6146,1467.4886,2400.7637,476568,0.0,3680882.8,0.019947797,136670.94,73425.5028751916
Geo0,2022-04-11,205338,0,0,559674,0.85015684,-0.72383606,1505.6868,0.0,0.0,4361.45,71432,0.06707682,1217228.4,0.020155618,136670.94,24533.990649151197
Geo0,2022-04-18,63661,0,0,321413,-1.2089398,-1.5254242,466.8085,0.0,0.0,2504.7202,23125,1.6383218,2549975.8,0.020067692,136670.94,51172.1289618536
Geo0,2022-04-25,114318,0,0,307610,-0.940853,-2.318157,838.26227,0.0,0.0,2397.1558,0,0.0,2134881.8,0.01997442,136670.94,42643.025723556
Geo0,2022-05-02,8715,157943,0,328810,-1.6358266,0.33082163,63.904682,1522.765,0.0,2562.364,48332,0.4733336,1378953.2,0.020034153,136670.94,27626.159388639597
Geo0,2022-05-09,165397,10443,0,510014,-0.005049259,-0.49602363,1212.8104,100.68338,0.0,3974.4578,0,0.7193704,3630084.2,0.019799327,136670.94,71873.2241133334
Geo0,2022-05-16,0,30888,0,375457,-1.4216976,-0.85026455,0.0,297.79837,0.0,2925.8765,0,1.4950795,2398120.5,0.019974042,136670.94,47900.159588061004
Geo0,2022-05-23,132926,430323,48499,212899,0.10301748,-0.9344294,974.70953,4148.8438,360.3924,1659.088,0,0.0,3216923.2,0.020045895,136670.94,64486.10469026401
Geo0,2022-05-30,269624,0,0,598379,0.85623324,-0.4434283,1977.0781,0.0,0.0,4663.072,24392,0.75847054,2790068.5,0.019998046,136670.94,55795.91820615099
Geo0,2022-06-06,612859,48312,0,304242,-2.2206829,-0.6584718,4493.9253,465.7872,0.0,2370.9092,315096,2.5858955,2771488.2,0.020064259,136670.94,55607.857060243805
Geo0,2022-06-13,382977,383237,0,288614,-1.2487503,1.8107901,2808.2642,3694.8767,0.0,2249.1228,473898,0.0,2454786.8,0.019843549,136670.94,48711.68215035319
Geo0,2022-06-20,0,166375,0,358551,-0.6823603,-0.67876065,0.0,1604.0598,0.0,2794.1309,0,0.0,1558354.6,0.019948184,136670.94,31086.344298046402
Geo0,2022-06-27,111527,449120,0,364583,-2.280542,1.1343421,817.79663,4330.07,0.0,2841.1372,21188,0.30106974,3449616.5,0.019968258,136670.94,68882.83227305699
Geo0,2022-07-04,566751,0,148981,380696,-1.1102456,1.0116013,4155.828,0.0,1107.0665,2966.7034,161962,2.3646197,3017796.8,0.019970119,136670.94,60265.7612138192
Geo0,2022-07-11,294096,18443,167332,930557,1.3211659,1.1586655,2156.5244,177.81323,1243.4315,7251.6826,428218,1.0622299,2893510.5,0.0200032,136670.94,57879.46923359999
Geo0,2022-07-18,79902,79385,0,297898,-0.1673303,-0.9862238,585.89923,765.3692,0.0,2321.4714,0,0.0,2202815.0,0.020117538,136670.94,44315.214469470004
Geo0,2022-07-25,217515,318165,0,414344,-0.7474463,1.7219849,1594.9773,3067.5024,0.0,3228.9167,79640,0.001066133,2397625.0,0.020097299,136670.94,48185.786514875
Geo0,2022-08-01,150049,45187,151653,485379,2.1983528,-0.42495847,1100.2677,435.65836,1126.922,3782.481,70746,0.0,643680.5,0.020105021,136670.94,12941.2099697905
Geo0,2022-08-08,215156,103971,100212,389850,0.5942442,0.6480067,1577.6793,1002.4085,744.6678,3038.0388,72917,0.053025767,1642985.8,0.02014911,136670.94,33104.701612638004
Geo0,2022-08-15,39006,6811,0,301537,-1.3364316,-0.621883,286.0202,65.66643,0.0,2349.8298,53881,0.12712906,2337043.0,0.019975033,136670.94,46682.511047419
Geo0,2022-08-22,287110,575334,175409,274969,0.74234253,1.1299608,2105.2983,5546.9287,1303.451,2142.7896,382009,0.0,2840257.2,0.020051148,136670.94,56950.41747526561
Geo0,2022-08-29,622406,305225,376263,800796,1.4169893,1.5572851,4563.931,2942.745,2795.982,6240.4756,330101,2.1704597,2530940.5,0.019964227,136670.94,50528.2706654935
Geo0,2022-09-05,314555,0,0,758119,1.2290671,-1.1452007,2306.5447,0.0,0.0,5907.9004,0,0.0,1099342.5,0.020087829,136670.94,22083.4041524325
Geo0,2022-09-12,0,71623,199498,507936,1.6632881,-0.49532586,0.0,690.53394,1482.4545,3958.2642,42253,0.0,2774088.2,0.02007072,136670.94,55677.947517504006
Geo0,2022-09-19,523585,95627,321059,500605,0.46307784,0.7472849,3839.3037,921.96204,2385.7651,3901.135,52877,0.5371571,2014284.0,0.019793438,136670.94,39869.605468392
Geo0,2022-09-26,316706,408217,168271,944990,1.0406995,1.0887835,2322.3174,3935.7146,1250.4092,7364.1567,304060,1.7121215,2972293.8,0.02001578,136670.94,59492.778796164
Geo0,2022-10-03,495955,322925,24285,895616,0.62559754,1.4755116,3636.7007,3113.3948,180.46,6979.3926,156720,1.9037877,2193336.5,0.02004762,136670.94,43971.17668413
Geo0,2022-10-10,315727,230430,63614,290206,1.84513,0.000629902,2315.1387,2221.629,472.71082,2261.529,111019,0.49525234,2850047.8,0.02012686,136670.94,57362.513063907994
Geo0,2022-10-17,185487,209779,366345,984345,3.051661,1.3777279,1360.1249,2022.5278,2722.282,7670.8433,441399,0.0,1778753.1,0.020044498,136670.94,35654.21295544381
Geo0,2022-10-24,110803,96884,0,305280,-0.023480624,-0.6229453,812.48773,934.08105,0.0,2378.9983,126316,0.0,1745032.8,0.019724365,136670.94,34419.663884172005
Geo0,2022-10-31,367094,353510,63769,540719,-0.39045686,1.3595812,2691.7988,3408.2717,473.8626,4213.737,38764,0.0,3570955.2,0.020053716,136670.94,71610.9214295232
Geo0,2022-11-07,259605,64010,0,627892,1.1349496,0.8737269,1903.6116,617.13525,0.0,4893.062,44142,0.0,2060949.0,0.019922521,136670.94,41059.299732429
Geo0,2022-11-14,463582,0,0,342227,-1.3574674,-0.19535708,3399.3186,0.0,0.0,2666.9204,223959,1.0709755,3787274.2,0.02017507,136670.94,76408.522094194
Geo0,2022-11-21,249611,0,0,429676,1.0829043,-0.5786314,1830.3284,0.0,0.0,3348.3965,0,0.18471631,2373417.8,0.020007346,136670.94,47485.791127158795
Geo0,2022-11-28,199935,132459,138225,765472,2.5684571,0.7084166,1466.068,1277.0679,1027.1395,5965.201,198037,0.0,1082464.4,0.020011911,136670.94,21662.1812334684
Geo0,2022-12-05,222585,354737,0,558784,-0.23991112,-0.08572066,1632.1542,3420.1016,0.0,4354.5146,0,0.44002014,2823385.0,0.019860594,136670.94,56074.103190689995
Geo0,2022-12-12,29492,108697,54139,627121,1.7712035,-0.55998945,216.25667,1047.9729,402.30283,4887.054,292630,0.0,1119445.4,0.020159464,136670.94,22567.419241265598
Geo0,2022-12-19,211475,0,210215,593108,0.43662426,0.06374636,1550.6876,0.0,1562.0918,4621.996,163344,0.0,1455831.4,0.020046944,136670.94,29184.9705492416
Geo0,2022-12-26,233098,255270,186358,280160,0.044707805,0.85018,1709.2432,2461.1172,1384.8123,2183.2422,28884,0.8958492,2072967.9,0.020032864,136670.94,41527.4840170656
Geo0,2023-01-02,100713,26628,0,513233,0.18120709,-0.24844135,738.50055,256.7267,0.0,3999.543,2391,0.0,2076040.4,0.01994571,136670.94,41408.099766684
Geo0,2023-01-09,244492,158008,0,409000,-0.17927,-0.05996126,1792.7921,1523.3917,0.0,3187.2717,314125,0.33672917,1606244.5,0.020026922,136670.94,32168.133314429
Geo0,2023-01-16,287659,0,0,312341,-0.50717604,-0.43074533,2109.3237,0.0,0.0,2434.0234,0,0.0,1292715.8,0.020061763,136670.94,25934.1580059554
Geo0,2023-01-23,23859,0,0,142901,-1.6848481,-1.5306635,174.95143,0.0,0.0,1113.6047,0,0.0,3255511.0,0.01987897,136670.94,64716.20550367
Geo0,2023-01-30,0,0,0,156669,-0.44457,-1.654838,0.0,0.0,0.0,1220.8965,0,0.0,2934165.2,0.019956848,136670.94,58556.6889032896
Geo0,2023-02-06,156970,0,0,308908,-0.5034393,0.6843814,1151.0175,0.0,0.0,2407.2708,327845,0.0,981827.9,0.02003433,136670.94,19670.264151807
Geo0,2023-02-13,481782,172527,0,166221,0.030964851,0.42364636,3532.774,1663.3728,0.0,1295.3337,226138,0.86505544,2217086.8,0.019937165,136670.94,44202.42535092199
Geo0,2023-02-20,0,292041,0,0,0.1878117,-3.2211893,0.0,2815.635,0.0,0.0,0,0.0,1083812.6,0.019855544,136670.94,21519.688767054402
Geo0,2023-02-27,308228,158000,122358,612010,-0.9156432,0.6082955,2260.1504,1523.3146,909.23303,4769.2964,365901,2.7043977,3053675.8,0.019917928,136670.94,60822.8947197424
Geo0,2023-03-06,26378,106328,0,529967,1.0044158,-1.1133806,193.42258,1025.1329,0.0,4129.948,284763,0.4241345,2049406.6,0.020026593,136670.94,41042.6318697138
Geo0,2023-03-13,0,0,0,529206,-0.3503667,-0.086541116,0.0,0.0,0.0,4124.018,89128,0.0,1698339.1,0.01985455,136670.94,33719.758577905
Geo0,2023-03-20,80371,16165,41056,68180,-0.29209518,-1.6512051,589.3383,155.8505,305.08405,531.31586,0,0.13892072,1668393.5,0.019942205,136670.94,33271.445197667505
Geo0,2023-03-27,75067,277995,979,492758,-1.8022707,1.4024874,550.4455,2680.2144,7.274875,3839.9846,74603,0.0,2713922.2,0.020108355,136670.94,54572.51103998101
Geo0,2023-04-03,265243,381022,0,471021,-1.4912351,1.5805829,1944.9535,3673.5212,0.0,3670.5916,0,0.0,2888208.2,0.020078752,136670.94,57991.616172166396
Geo0,2023-04-10,342578,295734,0,298428,-1.0930823,-0.8079912,2512.0298,2851.24,0.0,2325.6018,0,0.0,2343210.5,0.01995879,136670.94,46767.646295295
Geo0,2023-04-17,27329,246745,0,516712,-0.13577867,-0.42502907,200.39598,2378.9258,0.0,4026.6543,23429,0.0,1460104.0,0.020089556,136670.94,29332.841073824
Geo0,2023-04-24,0,146559,0,157498,-1.4790956,-0.005551159,0.0,1413.0093,0.0,1227.3567,57460,0.0,2507804.0,0.020008942,136670.94,50178.50478336799
Geo0,2023-05-01,226898,74761,368479,673861,0.7725863,0.48848003,1663.7803,720.78815,2738.1394,5251.2915,159312,0.91592294,1364250.4,0.020158662,136670.94,27501.462696964798
Geo0,2023-05-08,22998,141311,0,71708,-0.30087912,-1.7956973,168.63797,1362.4121,0.0,558.809,83829,0.10965288,2435050.5,0.019914748,136670.94,48493.417074774
Geo0,2023-05-15,484169,0,0,105194,-1.7802922,-0.06326264,3550.2773,0.0,0.0,819.7601,135084,0.0,2994142.5,0.020122757,136670.94,60250.4019508725
Geo0,2023-05-22,225878,4905,0,227050,-1.252212,-0.16797458,1656.3009,47.29024,0.0,1769.3644,0,0.54361117,1883039.6,0.020009581,136670.94,37678.833402407596
Geo0,2023-05-29,548106,144594,0,509233,-0.8010889,-0.74721134,4019.1096,1394.0642,0.0,3968.3716,0,1.6832058,4074299.0,0.019980827,136670.94,81407.863465273
Geo0,2023-06-05,30399,9615,0,187115,-0.5501341,-1.3511072,222.90746,92.70044,0.0,1458.1573,0,0.25525734,3284566.0,0.020001335,136670.94,65695.70489560999
Geo0,2023-06-12,274492,181424,154054,374895,-0.26034456,2.111864,2012.7739,1749.1508,1144.7637,2921.497,283677,0.25686273,1800127.0,0.019970639,136670.94,35949.686471153
Geo0,2023-06-19,223586,0,0,649378,0.18249226,-1.2788186,1639.4943,0.0,0.0,5060.499,0,0.0,2668832.8,0.020098114,136670.94,53638.505861339196
Geo0,2023-06-26,11165,159963,229167,608864,-0.46319485,0.037628412,81.86985,1542.2404,1702.9226,4744.78,275192,0.90638375,1835606.5,0.019977244,136670.94,36670.358938486
Geo0,2023-07-03,320968,113578,0,254295,-0.91686636,-0.93919355,2353.5696,1095.0317,0.0,1981.6804,0,0.25472853,2581382.8,0.020023182,136670.94,51687.497616069595
Geo0,2023-07-10,199186,85065,0,323625,0.5183017,-1.2439843,1460.5758,820.13135,0.0,2521.958,0,1.0423979,1501768.5,0.020075202,136670.94,30148.305994737002
Geo0,2023-07-17,293026,269089,0,281053,-1.9768672,0.21212578,2148.6785,2594.3494,0.0,2190.2012,154767,0.0,3357161.0,0.01993119,136670.94,66912.21375159001
Geo0,2023-07-24,127607,0,0,161076,0.5035022,-2.3320017,935.7068,0.0,0.0,1255.2396,0,0.23483135,1089303.2,0.019885723,136670.94,21661.5816982136
Geo0,2023-07-31,0,0,0,230059,0.45361844,-0.553414,0.0,0.0,0.0,1792.8131,0,0.0,1479726.2,0.02011577,136670.94,29765.831902174003
Geo0,2023-08-07,249252,0,0,363425,1.4869119,-0.7411159,1827.6959,0.0,0.0,2832.113,289926,1.0618486,1004547.6,0.020096393,136670.94,20187.7833568068
Geo0,2023-08-14,347281,38774,0,355492,-0.17118827,-2.2247999,2546.5154,373.82913,0.0,2770.2925,251270,2.7463713,3505406.0,0.01995083,136670.94,69935.75918698
Geo0,2023-08-21,226179,238087,217863,595325,2.5932772,-0.014956832,1658.508,2295.452,1618.9235,4639.273,28169,0.0,855227.0,0.019914515,136670.94,17031.430919905
Geo0,2023-08-28,71990,0,0,344192,-1.2158941,-0.5780036,527.88275,0.0,0.0,2682.2332,0,0.3824602,3181603.2,0.019925997,136670.94,63396.615818390404
Geo0,2023-09-04,413648,378525,455266,712102,1.5675192,0.8500572,3033.1663,3649.4473,3383.0474,5549.2974,243407,0.6147878,1905986.8,0.019997794,136670.94,38115.5313931192
Geo0,2023-09-11,124229,229262,99138,865630,2.2832355,0.5938237,910.9369,2210.368,736.687,6745.7163,152068,0.7066211,2624217.5,0.019972086,136670.94,52411.097592705
Geo0,2023-09-18,0,164742,0,261587,-0.18241239,-1.3806567,0.0,1588.3158,0.0,2038.5057,0,0.0,2762614.5,0.020214953,136670.94,55846.1222746185
Geo0,2023-09-25,489714,150033,301683,738615,-0.14049292,1.3925332,3590.9373,1446.5029,2241.7834,5755.909,187471,0.56078744,2268472.0,0.020000024,136670.94,45369.494443328
Geo0,2023-10-02,344966,171891,0,400879,0.5181185,1.4628673,2529.5403,1657.2408,0.0,3123.986,168572,0.0,1331495.2,0.01994766,136670.94,26560.213541232
Geo0,2023-10-09,273775,255048,0,489120,-1.6781695,1.6788213,2007.5162,2458.9768,0.0,3811.6343,149032,0.35144922,2717736.5,0.01996494,136670.94,54259.44615831
Geo0,2023-10-16,154999,380851,422820,835947,2.9874253,0.35291868,1136.5647,3671.8728,3141.9436,6514.4014,302805,0.0,1554150.8,0.02003136,136670.94,31131.754169088003
Geo0,2023-10-23,407551,177392,371910,779124,0.8134521,1.4057963,2988.4587,1710.2773,2763.635,6071.589,267219,1.7764667,2492633.5,0.020155188,136670.94,50239.496807598
Geo0,2023-10-30,406914,81893,29611,174997,0.6495202,1.0289708,2983.7878,789.5494,220.03711,1363.7238,52585,0.0,3584369.5,0.019859957,136670.94,71185.4241421115
Geo0,2023-11-06,176909,119317,234617,546091,1.7949613,-0.6812645,1297.2247,1150.3629,1743.4213,4255.6,131601,0.0,2062280.5,0.020031892,136670.94,41311.380249705995
Geo0,2023-11-13,299061,341781,481152,910568,0.3260366,1.6720053,2192.9314,3295.1897,3575.4043,7095.911,123878,0.8533168,1855645.4,0.019941416,136670.94,37004.1968698864
Geo0,2023-11-20,36766,128466,0,490458,0.89583445,0.19123673,269.5949,1238.5706,0.0,3822.061,180819,0.0,1716356.0,0.020011386,136670.94,34346.662429416
Geo0,2023-11-27,202669,0,0,195178,0.48896912,-1.5795896,1486.1156,0.0,0.0,1520.991,0,0.14500114,902044.1,0.019916471,136670.94,17965.5351583711
Geo0,2023-12-04,318244,106720,185866,473261,-0.4569539,0.75998265,2333.5952,1028.9122,1381.1562,3688.0476,28740,1.3265772,2075852.1,0.01994192,136670.94,41396.476510032
Geo0,2023-12-11,367129,0,0,463676,-1.3869402,-1.7434634,2692.0552,0.0,0.0,3613.353,0,0.5872622,2669106.8,0.019819397,136670.94,52900.08730459959
Geo0,2023-12-18,0,305971,0,426874,0.18506959,0.7492187,0.0,2949.9373,0.0,3326.561,147360,0.0,3527291.2,0.019829152,136670.94,69943.1933530624
Geo0,2023-12-25,65532,0,156942,223832,0.504395,0.09916818,480.528,0.0,1166.2241,1744.2871,256189,0.0,2385392.2,0.020042479,136670.94,47809.1730752638
Geo0,2024-01-01,46686,0,0,590599,-1.4900186,-0.6456119,342.3355,0.0,0.0,4602.444,208967,0.0,2052164.9,0.019954767,136670.94,40950.472425078304
Geo0,2024-01-08,69662,188196,0,0,-1.4336833,-1.4066994,510.81216,1814.4413,0.0,0.0,0,0.0,2113785.8,0.01998436,136670.94,42242.65639008799
Geo0,2024-01-15,0,0,0,153290,-1.7149,-1.5670278,0.0,0.0,0.0,1194.5645,0,0.0,2261657.5,0.019995743,136670.94,45223.5221240225
Geo1,2021-01-25,293884,191662,108120,415415,0.035612315,-0.9478129,2154.97,1847.8578,803.4316,3237.2627,0,0.0,2126297.8,0.020085013,199816.9,42706.718954871394
Geo1,2021-02-01,597519,360999,255145,584855,1.0094333,1.3229833,4381.4414,3480.475,1895.9633,4557.6816,236553,0.0,1900217.6,0.019932954,199816.9,37876.9500107904
Geo1,2021-02-08,101282,456699,0,346725,-1.590099,-1.3597856,742.67285,4403.141,0.0,2701.9724,0,0.0,7177179.0,0.020158986,199816.9,144684.650980494
Geo1,2021-02-15,764935,160320,0,709178,-1.2895136,1.6275752,5609.0566,1545.6823,0.0,5526.511,419210,0.0,6683684.5,0.020129234,199816.9,134537.44928267298
Geo1,2021-02-22,336554,411163,0,552504,-0.016199833,0.41538808,2467.8572,3964.1177,0.0,4305.5757,0,0.07980612,3093098.5,0.01978965,199816.9,61211.336730525
Geo1,2021-03-01,14768,160193,0,139937,-1.203648,-2.4560122,108.28966,1544.4578,0.0,1090.5067,0,0.0,4022110.8,0.020046705,199816.9,80630.068684914
Geo1,2021-03-08,674608,68134,0,1230241,-0.8985154,0.9760616,4946.7134,656.8957,0.0,9587.072,285636,0.0,5277078.0,0.020031104,199816.9,105705.698234112
Geo1,2021-03-15,537424,90647,0,465799,-0.3466078,-0.084011585,3940.7815,873.94867,0.0,3629.8972,0,0.0,4738112.0,0.02006362,199816.9,95063.67868544
Geo1,2021-03-22,266579,113327,147075,998091,2.002528,-1.7444731,1954.75,1092.6118,1092.9032,7777.964,478950,1.0267199,671304.7,0.02003402,199816.9,13448.931785894
Geo1,2021-03-29,385287,361717,789141,1148082,1.3799336,1.3186967,2825.203,3487.3972,5864.047,8946.82,403514,0.4663515,1914557.9,0.020224417,199816.9,38720.8173402443
Geo1,2021-04-05,575662,655659,16983,1384928,-0.31317762,2.577884,4221.17,6321.36,126.199394,10792.523,17792,0.0,2558953.2,0.019893944,199816.9,50907.671659420805
Geo1,2021-04-12,0,0,0,386263,-0.42725042,-1.0355306,0.0,0.0,0.0,3010.086,89849,0.0,3710598.8,0.020026386,199816.9,74309.8838599368
Geo1,2021-04-19,220273,225327,0,785644,-0.7331597,-0.88391984,1615.2009,2172.4297,0.0,6122.3984,0,0.066592455,4059037.8,0.019795824,199816.9,80351.9978981472
Geo1,2021-04-26,0,0,0,243599,-1.5561299,-2.774277,0.0,0.0,0.0,1898.3281,0,0.13555102,4359442.5,0.020089906,199816.9,87580.79003740501
Geo1,2021-05-03,457211,0,0,177763,-0.5889628,-0.18811141,3352.6018,0.0,0.0,1385.2788,0,0.0,3643033.8,0.019813716,199816.9,72182.0370916008
Geo1,2021-05-10,237640,309212,0,1106935,-0.28827938,0.18085691,1742.5483,2981.1846,0.0,8626.168,288245,0.4350424,4557601.5,0.020023571,199816.9,91259.4572249565
Geo1,2021-05-17,59551,145053,0,408271,-1.3558961,-1.0025408,436.671,1398.4895,0.0,3181.5908,0,0.45473754,5526836.0,0.020150783,199816.9,111370.07291258799
Geo1,2021-05-24,212978,0,0,155961,-1.6512746,-0.73557544,1561.7087,0.0,0.0,1215.3793,0,0.0,6369704.0,0.01990081,199816.9,126762.26906024001
Geo1,2021-05-31,670512,68122,0,794471,0.3012076,-0.7583865,4916.679,656.78,0.0,6191.186,176927,2.6867244,1634599.5,0.020010712,199816.9,32709.499829844
Geo1,2021-06-07,140461,429724,0,677616,-0.38730177,2.0158389,1029.9617,4143.0684,0.0,5280.5537,484184,0.06223619,4176101.5,0.019917537,199816.9,83177.6561420055
Geo1,2021-06-14,201198,186865,0,664730,0.16884914,-0.25909993,1475.3292,1801.6088,0.0,5180.135,146623,0.38999146,2224883.5,0.019970853,199816.9,44432.8213206255
Geo1,2021-06-21,7202,408307,0,114326,-1.1998879,-0.5185815,52.810272,3936.5823,0.0,890.92426,0,1.0177737,5028102.5,0.01986006,199816.9,99858.41733615
Geo1,2021-06-28,184127,85350,293600,1220922,3.924682,-0.7969333,1350.1523,822.87915,2181.7195,9514.45,566004,0.9326464,714337.0,0.020023728,199816.9,14303.689788336002
Geo1,2021-07-05,329011,428863,306166,1216659,1.1030211,1.4466391,2412.5464,4134.7676,2275.0964,9481.23,1012480,1.2320731,3178565.5,0.019900769,199816.9,63255.89776686949
Geo1,2021-07-12,440854,0,0,196761,0.5860656,-1.852821,3232.6602,0.0,0.0,1533.3271,0,0.0,2449963.2,0.019991344,199816.9,48978.057118540804
Geo1,2021-07-19,130254,4645,0,428038,-0.9556161,0.06406179,955.1165,44.78352,0.0,3335.6318,0,0.0,5694114.5,0.020012487,199816.9,113953.3924077615
Geo1,2021-07-26,171485,443899,10215,528000,0.9151922,0.59606355,1257.452,4279.733,75.90689,4114.6196,262055,0.0,2297831.2,0.02012715,199816.9,46248.793237080004
Geo1,2021-08-02,149777,266780,131761,675799,1.2076584,-1.1591729,1098.2732,2572.0876,979.1061,5266.394,188305,0.0,644770.6,0.019899182,199816.9,12830.4075176492
Geo1,2021-08-09,875489,217426,0,1107609,-0.9165772,0.35311782,6419.7183,2096.2544,0.0,8631.42,70414,1.7389642,4763590.5,0.020104013,199816.9,95767.2853386765
Geo1,2021-08-16,0,0,0,1014696,1.937835,-1.0735035,0.0,0.0,0.0,7907.364,0,0.24422252,1776923.6,0.02010879,199816.9,35731.783518444005
Geo1,2021-08-23,580878,19250,0,664534,-0.2637428,-1.9054031,4259.4175,185.5937,0.0,5178.6074,0,1.2483022,3022465.2,0.020140013,199816.9,60872.4884200476
Geo1,2021-08-30,922491,846140,701953,1455221,1.5899689,0.88152635,6764.371,8157.8315,5216.1597,11340.305,682946,2.8456528,1649394.5,0.01994417,199816.9,32895.804305065
Geo1,2021-09-06,228813,0,0,165314,-0.77308255,-2.1050136,1677.8224,0.0,0.0,1288.2656,0,0.0,3383507.8,0.020070376,199816.9,67908.2737449328
Geo1,2021-09-13,182205,121904,0,714362,-0.41888237,-0.5010134,1336.0588,1175.3048,0.0,5566.909,0,0.0,2847640.5,0.020061273,199816.9,57127.293476356506
Geo1,2021-09-20,349956,0,0,594184,-1.0677353,-1.325591,2566.1306,0.0,0.0,4630.381,0,0.0,5230758.5,0.020165456,199816.9,105480.630378376
Geo1,2021-09-27,331518,82031,0,411302,0.6006217,0.8751066,2430.9297,790.8799,0.0,3205.211,192972,0.0,3597991.0,0.020033836,199816.9,72081.561623476
Geo1,2021-10-04,413998,371219,294810,1201048,1.0217068,1.3596729,3035.7327,3579.0083,2190.7107,9359.575,399490,0.19402242,2233913.5,0.019991396,199816.9,44659.049408246006
Geo1,2021-10-11,637767,713333,400377,1354237,0.14522865,1.7772478,4676.569,6877.4087,2975.1711,10553.353,860451,2.131112,3673188.2,0.020082738,199816.9,73767.6762452916
Geo1,2021-10-18,605945,426998,230080,687892,-0.06909673,-0.3326936,4443.227,4116.7866,1709.7072,5360.6323,0,1.7002289,4050002.2,0.020133667,199816.9,81541.39564406741
Geo1,2021-10-25,305865,247087,187951,940760,2.4175816,-0.028037712,2242.8232,2382.223,1396.6497,7331.1924,163126,0.0,810369.5,0.020062635,199816.9,16258.1474936325
Geo1,2021-11-01,553075,0,0,428765,-0.64325106,-0.1362027,4055.5457,0.0,0.0,3341.2974,0,0.0,4008362.0,0.0200397,199816.9,80326.3719714
Geo1,2021-11-08,351441,195649,0,314429,-1.6542926,1.8718199,2577.0195,1886.2972,0.0,2450.295,690017,0.0,5701713.0,0.020082437,199816.9,114504.29211458101
Geo1,2021-11-15,334114,279714,28792,818129,0.09079747,0.9487828,2449.9656,2696.7876,213.95117,6375.549,68225,0.11065988,2901419.2,0.019667452,199816.9,57063.5228478784
Geo1,2021-11-22,959141,535036,542297,1478473,1.7073146,2.3619874,7033.1157,5158.406,4029.768,11521.504,768535,0.95506644,1227681.8,0.019983912,199816.9,24533.8850552016
Geo1,2021-11-29,478566,0,339716,1192147,1.0709807,0.98985887,3509.192,0.0,2524.404,9290.211,579178,1.2819239,2567802.8,0.020114593,199816.9,51650.30822626039
Geo1,2021-12-06,361181,0,0,0,-0.94543916,-0.84013206,2648.4402,0.0,0.0,0.0,0,0.7171908,4866878.5,0.02004958,199816.9,97578.86983603
Geo1,2021-12-13,400224,641946,536645,1386076,-0.7009895,3.1038039,2934.7317,6189.15,3987.7686,10801.469,540989,3.0241275,3604359.5,0.020144247,199816.9,72607.1080447965
Geo1,2021-12-20,473911,0,0,147928,-1.703997,-0.19721353,3475.0583,0.0,0.0,1152.7793,21285,0.0,3611837.8,0.020062638,199816.9,72462.9942961164
Geo1,2021-12-27,660190,0,272575,847647,-0.8394829,0.27352864,4840.9907,0.0,2025.4843,6605.578,671448,4.028789,5514303.0,0.02001453,199816.9,110366.18282259
Geo1,2022-01-03,48943,415735,222962,851076,1.5930128,0.89794564,358.88547,4008.1975,1656.8137,6632.2993,585708,0.01877357,3162691.2,0.019921502,199816.9,63005.5590661824
Geo1,2022-01-10,746498,332468,0,941443,-0.056928277,0.69148713,5473.863,3205.401,0.0,7336.515,71098,0.70958173,4680506.5,0.019989304,199816.9,93560.067302476
Geo1,2022-01-17,378651,0,400526,1326041,2.198588,-1.6271515,2776.543,0.0,2976.2786,10333.626,263591,2.3069,1629145.5,0.019831512,199816.9,32308.418532996
Geo1,2022-01-24,587098,348852,106239,1044342,1.460584,1.3222189,4305.027,3363.363,789.454,8138.3906,151805,0.0,1694772.8,0.020074049,199816.9,34020.952231067204
Geo1,2022-01-31,254080,0,541464,1332884,2.7440524,1.0958943,1863.0983,0.0,4023.578,10386.952,563701,0.043197215,847435.8,0.020038715,199816.9,16981.524476997
Geo1,2022-02-07,592542,360246,110410,1114425,0.9834512,0.68485504,4344.9463,3473.215,820.44836,8684.536,299006,1.2893658,2476350.2,0.019959519,199816.9,49426.7588675538
Geo1,2022-02-14,729495,16633,0,671096,-2.0287554,0.71263033,5349.185,160.36261,0.0,5229.744,774919,0.4274778,5592358.5,0.019902736,199816.9,111303.234842856
Geo1,2022-02-21,76646,431403,0,665414,0.50027764,-0.64570653,562.02386,4159.2563,0.0,5185.465,0,0.90896535,2055108.9,0.019963395,199816.9,41026.950738715495
Geo1,2022-02-28,742707,94122,0,0,-2.0813184,-0.55683655,5446.065,907.452,0.0,0.0,12184,0.0,4589164.0,0.019953372,199816.9,91569.29646100801
Geo1,2022-03-07,528956,476133,0,175246,-0.6322006,0.65688145,3878.688,4590.5083,0.0,1365.6642,178652,0.0,4801633.0,0.019776393,199816.9,94958.981249769
Geo1,2022-03-14,68698,234571,31337,224827,0.48618948,-1.0575843,503.7434,2261.5532,232.86287,1752.041,249906,0.0,2611908.8,0.020130008,199816.9,52577.7450392704
Geo1,2022-03-21,22395,0,0,247260,-1.5509839,-1.6482319,164.21632,0.0,0.0,1926.8578,0,0.27413988,5086798.0,0.020098094,199816.9,102234.94436301201
Geo1,2022-03-28,0,0,0,0,-1.7468109,-2.556924,0.0,0.0,0.0,0.0,164968,0.0,4309861.0,0.020112127,199816.9,86680.471784347
Geo1,2022-04-04,399741,0,0,485581,-2.745525,0.98249424,2931.19,0.0,0.0,3784.0552,262651,0.0,4461330.5,0.019925628,199816.9,88894.811928054
Geo1,2022-04-11,368708,142852,0,949354,-1.5977135,2.3858063,2703.6338,1377.2693,0.0,7398.1646,530685,0.0,4185906.8,0.020018129,199816.9,83794.0223043772
Geo1,2022-04-18,252039,0,0,913912,1.3598661,-0.8903797,1848.1322,0.0,0.0,7121.9707,105188,0.0,484031.22,0.020127384,199816.9,9742.28223292848
Geo1,2022-04-25,73266,0,0,619856,-0.9158129,-0.47464415,537.2393,0.0,0.0,4830.439,0,0.8024889,5584216.5,0.01991936,199816.9,111234.01878144
Geo1,2022-05-02,547278,42705,0,304171,1.1405381,-1.4114151,4013.038,411.7288,0.0,2370.356,0,0.35965616,3817459.2,0.019995939,199816.9,76333.6812981888
Geo1,2022-05-09,341685,291546,293614,1082589,1.0305816,1.2837126,2505.4814,2810.8625,2181.8235,8436.443,276770,0.002096415,2724970.0,0.020081995,199816.9,54722.83391515
Geo1,2022-05-16,304048,89325,0,841271,0.37875354,-0.7872586,2229.4998,861.203,0.0,6555.8906,0,0.36829284,2758046.2,0.020182643,199816.9,55664.661832106605
Geo1,2022-05-23,31755,124603,44767,305986,1.2753017,-0.9091912,232.85063,1201.3264,332.6602,2384.5,15341,0.0,2187744.0,0.019955916,199816.9,43658.435493504
Geo1,2022-05-30,652790,317637,385740,1041890,0.1280477,1.890418,4786.7285,3062.4119,2866.4048,8119.2827,504610,0.0,2111353.0,0.020033257,199816.9,42297.277266720994
Geo1,2022-06-06,435549,154680,0,177168,-1.4179785,-0.49189323,3193.7603,1491.3058,0.0,1380.642,241112,0.08259082,5003043.0,0.02019503,199816.9,101036.60347629
Geo1,2022-06-13,796715,0,0,191989,-0.8145436,0.10981107,5842.0903,0.0,0.0,1496.1396,175312,1.578084,3310049.0,0.019941397,199816.9,66007.001198453
Geo1,2022-06-20,0,278551,0,252955,-0.44864246,-1.2731397,0.0,2685.5747,0.0,1971.238,0,0.0,5508775.0,0.019951226,199816.9,109906.81500814999
Geo1,2022-06-27,199678,22796,0,460586,-1.1920736,-2.1008265,1464.1835,219.78151,0.0,3589.2732,148281,1.9604217,6799049.5,0.019952878,199816.9,135660.605189461
Geo1,2022-07-04,47299,0,0,302943,-1.3493323,0.16590899,346.83047,0.0,0.0,2360.7866,0,0.42249388,5109619.0,0.020198412,199816.9,103206.189725028
Geo1,2022-07-11,0,0,0,561604,-0.46503088,-1.988564,0.0,0.0,0.0,4376.4907,301828,1.8971391,3624246.8,0.019972881,199816.9,72386.6500510308
Geo1,2022-07-18,111850,756846,0,430460,-1.4675448,0.23185036,820.16504,7296.9277,0.0,3354.506,0,0.0,6737750.0,0.019858385,199816.9,133800.83353375
Geo1,2022-07-25,51433,0,0,0,-0.41162318,-1.4287785,377.14395,0.0,0.0,0.0,0,0.0,4610986.0,0.020013612,199816.9,92282.484741432
Geo1,2022-08-01,607513,333207,461514,1005010,0.96958315,0.51993906,4454.7246,3212.5256,3429.4758,7831.8823,645031,0.83042586,3934972.8,0.020005314,199816.9,78720.36644545919
Geo1,2022-08-08,206333,0,0,0,0.038622044,-1.0628493,1512.9828,0.0,0.0,0.0,0,0.0,2730403.5,0.020045727,199816.9,54732.9231608445
Geo1,2022-08-15,155081,326503,0,602365,0.010166407,0.754644,1137.166,3147.891,0.0,4694.1343,451130,0.0,1979000.4,0.019757533,199816.9,39100.1657100132
Geo1,2022-08-22,301076,227862,272325,1254991,-0.026392832,1.3682697,2207.707,2196.8704,2023.6265,9779.945,603873,1.2570891,3462178.0,0.019893246,199816.9,68873.958649788
Geo1,2022-08-29,167983,62223,0,351035,-1.1309938,-0.6031672,1231.7728,599.9064,0.0,2735.5598,170061,0.0,4735009.0,0.02010707,199816.9,95207.15741363
Geo1,2022-09-05,0,483841,0,835366,0.11987983,-0.47277117,0.0,4664.823,0.0,6509.874,0,1.1959465,4493491.0,0.019859727,199816.9,89239.504536957
Geo1,2022-09-12,6222,301735,0,741516,-0.44015318,-0.52214533,45.624203,2909.097,0.0,5778.516,0,0.0,4263835.5,0.020160178,199816.9,85959.68264271901
Geo1,2022-09-19,345022,334192,383470,942760,1.6125498,1.1419436,2529.9507,3222.0225,2849.5366,7346.7783,569186,0.0,772547.8,0.019842725,199816.9,15329.453544755
Geo1,2022-09-26,196581,38692,46458,1170007,0.82654816,0.29657945,1441.474,373.03854,345.22586,9117.678,0,0.090628564,2394579.8,0.019742358,199816.9,47274.6516711684
Geo1,2022-10-03,723891,145767,0,755931,-1.0333297,0.2292816,5308.0923,1405.3734,0.0,5890.8496,376288,1.822931,4223222.5,0.019910015,199816.9,84084.4233233375
Geo1,2022-10-10,899785,458371,624423,1116590,3.0660248,1.1462232,6597.8745,4419.261,4640.04,8701.408,260087,0.0,862144.8,0.019827334,199816.9,17094.0329059632
Geo1,2022-10-17,424270,199736,802331,1125074,2.000359,0.018626064,3111.0544,1925.701,5962.061,8767.522,656173,1.7848256,905067.44,0.02005111,199816.9,18147.6067968584
Geo1,2022-10-24,228421,270571,368815,1114918,1.1866264,1.7820536,1674.948,2608.6377,2740.6365,8688.378,655125,0.0,904597.1,0.020003077,199816.9,18094.7254452767
Geo1,2022-10-31,246033,382336,0,355925,0.28979895,-1.1189816,1804.0919,3686.19,0.0,2773.6667,91970,0.5175623,4695804.5,0.019848745,199816.9,93205.82609035251
Geo1,2022-11-07,297505,8342,157042,843058,1.9557768,-0.54230475,2181.5217,80.427155,1166.9673,6569.8164,41368,0.2610157,679887.56,0.019927146,199816.9,13548.21867170376
Geo1,2022-11-14,528171,369158,358027,1353866,2.5497599,1.5828694,3872.9316,3559.1377,2660.4714,10550.462,779251,1.2825522,886984.44,0.01996469,199816.9,17708.3693794236
Geo1,2022-11-21,649952,234628,206378,1275311,0.2875365,0.5619452,4765.918,2262.1028,1533.5793,9938.295,661678,2.2082489,3491271.2,0.019987859,199816.9,69783.03647636081
Geo1,2022-11-28,575486,173954,177650,1123694,1.8565797,0.7589061,4219.8794,1677.1307,1320.1038,8756.768,337250,0.0,858483.56,0.02009619,199816.9,17252.2487336364
Geo1,2022-12-05,380992,435443,273893,897910,0.36614412,0.75018424,2793.7087,4198.207,2035.2781,6997.2695,186239,0.858506,2460137.0,0.019974073,199816.9,49138.956028001
Geo1,2022-12-12,0,0,0,165984,-0.3926678,-2.6846898,0.0,0.0,0.0,1293.4868,0,0.0,4338100.5,0.020098977,199816.9,87191.3821731885
Geo1,2022-12-19,97576,10315,13768,502673,-0.97004557,-0.92442214,715.4978,99.4493,102.30897,3917.2505,0,1.2209533,4632201.0,0.019874675,199816.9,92063.489409675
Geo1,2022-12-26,601295,368557,69228,837768,0.2244845,0.2510813,4409.13,3553.3433,514.42804,6528.5923,0,0.8592573,3078408.8,0.020103328,199816.9,61886.2618244864
Geo1,2023-01-02,930344,129583,17559,628958,0.78196216,-1.4222177,6821.955,1249.3397,130.4796,4901.3696,0,2.114701,2298017.5,0.019889204,199816.9,45705.738853070005
Geo1,2023-01-09,0,306746,0,433804,0.34161925,-0.4937448,0.0,2957.4092,0.0,3380.5652,350647,0.0,3785497.0,0.020096468,199816.9,76075.119324596
Geo1,2023-01-16,204651,12138,0,391504,-1.1172426,-0.4931349,1500.6492,117.02527,0.0,3050.9282,1828,0.0,5821458.0,0.020044753,199816.9,116689.687709874
Geo1,2023-01-23,151814,0,0,716301,0.93937916,-0.2517872,1113.21,0.0,0.0,5582.0195,28830,0.0,3178742.2,0.020079479,199816.9,63827.4872513138
Geo1,2023-01-30,255770,358605,0,403582,0.20712447,-0.47995254,1875.4906,3457.3938,0.0,3145.0503,0,0.0,3252781.2,0.019932523,199816.9,64836.136082967605
Geo1,2023-02-06,0,0,0,415703,0.21645117,-0.74457306,0.0,0.0,0.0,3239.5073,359973,0.19615003,3005144.2,0.020145727,199816.9,60540.8146488334
Geo1,2023-02-13,529825,334107,0,0,-0.72204417,-0.3820169,3885.06,3221.203,0.0,0.0,0,0.0,3367665.0,0.020065844,199816.9,67575.04053426
Geo1,2023-02-20,0,266352,121496,504261,1.6092869,-0.20222768,0.0,2567.9612,902.8276,3929.6255,0,0.0,502845.06,0.020053374,199816.9,10083.740052232439
Geo1,2023-02-27,221877,0,0,887936,0.006296635,-0.39827448,1626.9626,0.0,0.0,6919.5435,407824,0.967601,3073361.2,0.020033365,199816.9,61569.766696438004
Geo1,2023-03-06,479273,0,0,10818,0.6662595,-1.2452785,3514.3762,0.0,0.0,84.30295,63323,0.0,2500771.0,0.01989256,199816.9,49746.73716376
Geo1,2023-03-13,285361,0,0,293675,-2.462524,-2.1990783,2092.4731,0.0,0.0,2288.5625,0,1.0375158,6923140.0,0.020080341,199816.9,139019.01199074002
Geo1,2023-03-20,112471,0,0,153269,-1.5695583,-0.2835613,824.7187,0.0,0.0,1194.4009,95271,0.0,2740982.0,0.02003559,199816.9,54917.19154938
Geo1,2023-03-27,181511,144288,0,583897,-1.6650238,0.26667356,1330.9698,1391.114,0.0,4550.216,39777,0.0,4338292.5,0.020008001,199816.9,86800.5606782925
Geo1,2023-04-03,28344,174635,0,806387,-0.15625036,-0.15495354,207.8387,1683.6965,0.0,6284.0454,0,0.0,2764388.5,0.019990008,199816.9,55260.148230108
Geo1,2023-04-10,867442,85100,0,984390,-1.1205015,0.70448905,6360.712,820.4688,0.0,7671.194,617199,2.0768871,4359432.5,0.020070396,199816.9,87495.53661027
Geo1,2023-04-17,274907,0,0,803707,-1.9763683,0.6380145,2015.8169,0.0,0.0,6263.1606,0,0.0,3381398.8,0.019932162,199816.9,67398.5886682056
Geo1,2023-04-24,130134,368678,0,279198,-0.6708144,-0.37215164,954.2366,3554.51,0.0,2175.7456,35755,0.0,5220741.0,0.019999886,199816.9,104414.22483552601
Geo1,2023-05-01,535777,0,0,785508,0.90439403,-1.5561934,3928.7046,0.0,0.0,6121.3384,0,0.0,2553059.2,0.019752128,199816.9,50428.352109977604
Geo1,2023-05-08,86550,219539,0,559214,-0.9970741,0.5827402,634.6472,2116.6262,0.0,4357.8657,96087,0.0,3608483.2,0.020016806,199816.9,72230.3081686592
Geo1,2023-05-15,36229,136297,0,130550,0.89536834,-0.88825345,265.65723,1314.0709,0.0,1017.3553,18016,0.0,1716890.1,0.01997051,199816.9,34287.170910951005
Geo1,2023-05-22,454821,0,198343,926726,-1.02683,1.0412658,3335.0764,0.0,1473.8718,7221.828,0,0.13516766,3217811.5,0.019966975,199816.9,64249.961775212505
Geo1,2023-05-29,220321,88774,0,449027,0.76736987,0.16271597,1615.5529,855.8907,0.0,3499.1958,346517,0.1328432,1042715.7,0.020014534,199816.9,20869.468829983798
Geo1,2023-06-05,299824,90810,71621,482760,0.58786774,0.1681942,2198.5266,875.52026,532.21027,3762.0718,401831,0.9072281,1746015.4,0.019941775,199816.9,34818.646253335
Geo1,2023-06-12,357977,103294,0,89460,-0.43463165,-0.04719828,2624.9463,995.88135,0.0,697.1475,211649,0.0,4557810.0,0.020072771,199816.9,91487.87639151
Geo1,2023-06-19,158945,0,0,146857,-1.7472458,-1.511303,1165.4996,0.0,0.0,1144.4331,0,0.0,6976897.0,0.020061376,199816.9,139966.15403027198
Geo1,2023-06-26,181448,500599,0,610585,-0.14198035,-0.80555606,1330.508,4826.391,0.0,4758.1914,324079,0.0,3372246.5,0.020069947,199816.9,67680.8085259355
Geo1,2023-07-03,136134,111177,0,632535,-0.76491815,-0.1686179,998.2329,1071.8833,0.0,4929.2446,0,0.037960976,4464661.5,0.020051083,199816.9,89521.2983034045
Geo1,2023-07-10,345137,120485,0,430322,-1.4721451,0.08144534,2530.794,1161.6238,0.0,3353.4307,0,1.0529433,4930969.0,0.020032298,199816.9,98778.640436762
Geo1,2023-07-17,342757,0,0,98518,-1.926363,-1.7640166,2513.3423,0.0,0.0,767.73505,0,0.0,4443267.0,0.019927314,199816.9,88542.376694838
Geo1,2023-07-24,717075,245263,0,409104,-0.41704154,0.7822099,5258.1123,2364.6372,0.0,3188.0823,141240,0.0,3753777.5,0.020093556,199816.9,75426.73840778999
Geo1,2023-07-31,367498,445420,23097,904658,1.2492123,0.64434,2694.761,4294.3975,171.63206,7049.8555,277803,0.0,1828833.0,0.0199844,199816.9,36548.130205199996
Geo1,2023-08-07,537383,126425,324035,1131695,1.0482781,-0.6412653,3940.4807,1218.8927,2407.8794,8819.119,129012,1.4972384,4570132.5,0.020081425,199816.9,91774.7730388125
Geo1,2023-08-14,643976,0,0,844852,0.184618,-0.5548172,4722.0977,0.0,0.0,6583.797,177187,2.7904472,2424102.2,0.020097313,199816.9,48717.9406573886
Geo1,2023-08-21,344612,306215,136814,393001,1.8778713,-0.88958746,2526.9446,2952.2898,1016.6545,3062.594,177958,0.7633261,582637.9,0.01990959,199816.9,11600.081707461
Geo1,2023-08-28,0,0,0,71507,-0.28471398,-1.9172231,0.0,0.0,0.0,557.2426,0,0.0,1135253.8,0.019966453,199816.9,22666.9916407714
Geo1,2023-09-04,538446,143267,180990,907193,0.35370055,1.2221984,3948.2754,1381.2704,1344.923,7069.6104,348315,0.7745005,4057483.2,0.019985205,199816.9,81089.633536056
Geo1,2023-09-11,107567,197571,0,882796,2.0173001,-0.92890114,788.759,1904.8278,0.0,6879.4883,415294,0.0,656120.3,0.020063216,199816.9,13163.8833008848
Geo1,2023-09-18,242290,414898,0,675436,0.6251661,-0.18074477,1776.6455,4000.1277,0.0,5263.565,272682,0.517767,3291354.0,0.020065943,199816.9,66044.121756822
Geo1,2023-09-25,513674,368522,669588,849629,2.404037,0.76558924,3766.6292,3553.006,4975.658,6621.0234,550859,0.0,870014.2,0.0199427,199816.9,17350.43218634
Geo1,2023-10-02,3818,517388,0,477573,0.59100056,-0.9647798,27.996338,4988.2573,0.0,3721.6501,0,0.0,2993824.0,0.020065622,199816.9,60072.94071852801
Geo1,2023-10-09,368852,320876,34789,924345,-1.7256455,0.9433538,2704.6895,3093.6396,258.51443,7203.273,515646,1.1645869,6459065.5,0.019910377,199816.9,128602.4291726935
Geo1,2023-10-16,276124,0,0,810025,2.3086085,0.2030055,2024.7408,0.0,0.0,6312.3955,629389,0.0,999437.6,0.019923944,199816.9,19912.738773894398
Geo1,2023-10-23,659648,442410,0,752200,1.1519096,0.29500297,4837.016,4265.377,0.0,5861.7744,362997,2.4254413,3390806.2,0.020115599,199816.9,68208.09780591381
Geo1,2023-10-30,523703,0,0,258118,-1.9491954,1.257282,3840.169,0.0,0.0,2011.4724,672080,0.0,5914144.0,0.019883174,199816.9,117591.954213056
Geo1,2023-11-06,538866,392142,104092,365307,-0.4070109,0.9152435,3951.3552,3780.7317,773.4998,2846.7793,378596,0.65285754,4406245.5,0.020074043,199816.9,88451.1616355565
Geo1,2023-11-13,190369,320368,559186,1156086,2.3862107,0.4599416,1395.9231,3088.742,4155.269,9009.194,254131,0.0,870047.25,0.019964946,199816.9,17370.446363698502
Geo1,2023-11-20,56609,25717,429737,709620,1.7964562,0.2712815,415.0981,247.94354,3193.3433,5529.9556,0,0.0,740076.8,0.02009111,199816.9,14868.964397248
Geo1,2023-11-27,682305,209591,113949,984496,1.8338875,0.5249634,5003.1533,2020.7153,846.7464,7672.0205,0,0.0,3487796.0,0.020028012,199816.9,69853.620141552
Geo1,2023-12-04,429972,140448,997113,879559,1.2072486,1.8714361,3152.8657,1354.0917,7409.4717,6854.263,542001,0.0,1373827.5,0.020156207,199816.9,27691.1514722925
Geo1,2023-12-11,462243,0,296384,974315,-0.068579346,-0.5006899,3389.5,0.0,2202.407,7592.6816,292119,2.370615,3431680.8,0.019997515,199816.9,68625.088273212
Geo1,2023-12-18,474296,612121,0,909146,-0.004930817,1.3438869,3477.8813,5901.6006,0.0,7084.83,542993,0.0,3673141.5,0.019930048,199816.9,73205.886405792
Geo1,2023-12-25,86396,65396,0,236886,0.4193798,0.064059734,633.51794,630.498,0.0,1846.0148,222113,0.0,3009462.0,0.019895583,199816.9,59875.00100634601
Geo1,2024-01-01,897814,363680,448431,891343,-0.74791664,2.0886235,6583.4214,3506.323,3332.2568,6946.094,575692,1.8949735,3207906.5,0.020019468,199816.9,64220.581523741996
Geo1,2024-01-08,42933,0,0,433941,-0.08447036,-1.8070778,314.81583,0.0,0.0,3381.633,0,0.0,5641006.0,0.0201025,199816.9,113398.32311499999
Geo1,2024-01-15,0,165884,0,878546,1.4424813,-0.5829132,0.0,1599.326,0.0,6846.369,95607,0.0,589451.4,0.020141313,199816.9,11872.3251456882
Geo10,2021-01-25,1640283,881526,0,4531850,-0.68230915,0.17230359,12027.741,8498.996,0.0,35315.984,2245629,0.38105553,22316264.0,0.020102825,994048.94,448619.9498458
Geo10,2021-02-01,3776228,1201307,0,3259231,-0.744678,0.5478338,27690.033,11582.079,0.0,25398.668,0,0.0,26041400.0,0.020037496,994048.94,521804.44833439996
Geo10,2021-02-08,1493520,1716544,0,2399894,-0.923498,-0.32305935,10951.569,16549.598,0.0,18701.992,7469,0.0,17542934.0,0.019929253,994048.94,349617.570048302
Geo10,2021-02-15,628321,0,0,4746146,0.6015028,-0.82289124,4607.304,0.0,0.0,36985.96,524398,0.69188297,20109734.0,0.0199858,994048.94,401909.1217772
Geo10,2021-02-22,3083046,587479,984933,3188312,1.1699595,-0.072357,22607.121,5664.021,7318.9624,24846.006,0,0.0,17244990.0,0.020189691,994048.94,348171.01939808996
Geo10,2021-03-01,394647,0,0,1663231,-1.6916357,-0.4160915,2893.8372,0.0,0.0,12961.294,512477,0.10684907,26752062.0,0.020160932,994048.94,539346.502841784
Geo10,2021-03-08,1126788,0,0,2516165,-1.5200653,-0.74161434,8262.425,0.0,0.0,19608.072,0,0.0,27003968.0,0.019917471,994048.94,537850.7495249279
Geo10,2021-03-15,1366491,0,459958,4704638,1.9102787,-0.0503321,10020.1,0.0,3417.9133,36662.492,888291,0.0,16709609.0,0.020025445,994048.94,334617.356001005
Geo10,2021-03-22,830365,2016669,0,4167506,0.5659203,-2.0904458,6088.8364,19443.172,0.0,32476.71,1772606,0.4095841,17787674.0,0.020101298,994048.94,357555.335800852
Geo10,2021-03-29,2509978,584718,0,1383507,-0.15373509,0.9782561,18404.975,5637.4014,0.0,10781.449,431249,0.0,23526432.0,0.0199815,994048.94,470093.40100799996
Geo10,2021-04-05,77638,0,0,30096,-1.1545408,-1.7978218,569.2979,0.0,0.0,234.53333,0,0.0,13286240.0,0.02004188,994048.94,266281.2277312
Geo10,2021-04-12,0,3022340,234814,3730367,1.2082852,-0.01237838,0.0,29139.08,1744.8851,29070.154,0,0.0,19101068.0,0.019919273,994048.94,380479.388083564
Geo10,2021-04-19,0,0,0,800133,-2.526429,-0.34876043,0.0,0.0,0.0,6235.309,796486,0.0,17322378.0,0.019965718,994048.94,345853.714237404
Geo10,2021-04-26,1844590,2020702,0,4544291,1.7409887,-1.6216058,13525.868,19482.057,0.0,35412.938,1103153,0.5551785,18811608.0,0.020120021,994048.94,378489.948003768
Geo10,2021-05-03,2992572,236852,482933,4388014,0.3625688,0.1295897,21943.701,2283.545,3588.6384,34195.094,0,0.3981601,17435202.0,0.020131862,994048.94,351003.080606124
Geo10,2021-05-10,0,0,0,5509712,-2.0388741,0.79287475,0.0,0.0,0.0,42936.31,1701121,1.3953645,30265984.0,0.019952942,994048.94,603895.423324928
Geo10,2021-05-17,525101,2420274,0,3878253,-0.20491126,-0.9759681,3850.4202,23334.422,0.0,30222.605,950923,0.20119683,24060714.0,0.020091902,994048.94,483425.50773802795
Geo10,2021-05-24,1961548,0,0,3300182,-0.6542927,-0.1398325,14383.488,0.0,0.0,25717.793,270853,1.0586084,20365602.0,0.019879367,994048.94,404855.276333934
Geo10,2021-05-31,2531623,730858,0,2884237,-1.0935966,0.6489837,18563.69,7046.371,0.0,22476.398,0,0.80257,18144632.0,0.020139841,994048.94,365430.003483512
Geo10,2021-06-07,1422833,0,0,6324125,1.1012125,-0.7571075,10433.24,0.0,0.0,49282.895,1655623,1.5460832,21387042.0,0.02009997,994048.94,429878.90258874005
Geo10,2021-06-14,1515178,0,0,3398987,1.2122355,-0.14985579,11110.381,0.0,0.0,26487.764,340748,0.0,7899265.0,0.020119473,994048.94,158929.04888734498
Geo10,2021-06-21,1299242,0,0,1366619,-2.360023,0.05325356,9526.982,0.0,0.0,10649.844,2344098,0.0,30747530.0,0.020074682,994048.94,617246.88703546
Geo10,2021-06-28,1188945,0,1621473,5863961,2.675421,0.52788275,8718.205,0.0,12049.043,45696.91,2634084,0.3898582,16052349.0,0.02023892,994048.94,324882.20722308
Geo10,2021-07-05,1816083,0,0,2827792,-0.75186497,-0.37690645,13316.834,0.0,0.0,22036.531,795747,0.5535859,31340176.0,0.020060927,994048.94,628712.982903152
Geo10,2021-07-12,957247,426946,0,1066553,-0.1642048,-1.8449198,7019.227,4116.285,0.0,8311.478,0,0.0,16334393.0,0.019969521,994048.94,326190.004035753
Geo10,2021-07-19,1692094,272564,0,3018771,0.12519574,-0.22252448,12407.657,2627.8528,0.0,23524.8,576502,0.0,9421600.0,0.019901663,994048.94,187505.5081208
Geo10,2021-07-26,0,2457172,0,2448289,0.4307776,-0.64989483,0.0,23690.164,0.0,19079.127,1457546,0.0,8931807.0,0.019979194,994048.94,178450.304823558
Geo10,2021-08-02,663734,1606930,2998326,4900998,2.6665573,-0.39470783,4866.9775,15492.784,22280.334,38192.695,3080152,1.0000412,7653483.5,0.019962117,994048.94,152779.7330845695
Geo10,2021-08-09,3536310,1757198,103140,6408722,0.74793994,-0.46941394,25930.781,16941.553,766.42554,49942.15,3058280,2.3485775,15868693.0,0.019907616,994048.94,315907.846665888
Geo10,2021-08-16,619984,0,0,3058134,0.38428536,0.008588031,4546.171,0.0,0.0,23831.55,587561,0.0,21530014.0,0.019881252,994048.94,428043.633897528
Geo10,2021-08-23,1433799,729850,0,3371450,0.63009214,-1.0164334,10513.651,7036.653,0.0,26273.172,1494507,1.6437073,12021576.0,0.020179424,994048.94,242588.479252224
Geo10,2021-08-30,1401580,1321220,2052081,6021694,2.6054075,0.067258954,10277.398,12738.188,15248.859,46926.1,2765960,1.1572912,13539174.0,0.019972952,994048.94,270417.27242164797
Geo10,2021-09-06,0,0,0,2215079,-0.6489057,-2.5084596,0.0,0.0,0.0,17261.758,0,0.18846294,12464068.0,0.02005518,994048.94,249969.12727223997
Geo10,2021-09-13,1929375,1080742,3025231,5585310,1.6124029,0.5994847,14147.573,10419.684,22480.262,43525.43,161251,0.9995647,7625273.0,0.01994759,994048.94,152105.81944207
Geo10,2021-09-20,1996278,0,0,3021418,-0.17389017,0.56818557,14638.154,0.0,0.0,23545.428,339572,0.0,16820126.0,0.020087779,994048.94,337878.973840154
Geo10,2021-09-27,2218974,893901,516120,3201629,0.15841123,1.0607653,16271.122,8618.307,3835.2488,24949.783,227525,0.9291252,22275314.0,0.020209478,994048.94,450172.468226092
Geo10,2021-10-04,3861939,181951,1180417,5447360,0.5075002,0.68535775,28318.53,1754.2317,8771.59,42450.406,859437,1.1719859,22297530.0,0.019901048,994048.94,443744.21481144003
Geo10,2021-10-11,768411,1865465,1087669,4582283,0.31421834,0.52752554,5634.545,17985.38,8082.386,35709.0,2400750,0.82938576,19719698.0,0.01984711,994048.94,391379.01537278004
Geo10,2021-10-18,1585282,109451,152125,2615034,-0.002206929,-2.1040802,11624.434,1055.2424,1130.4293,20378.543,0,1.177645,23335340.0,0.019961841,994048.94,465816.34676094004
Geo10,2021-10-25,2492687,1657860,1357300,5304200,3.2732959,-0.94859415,18278.184,15983.812,10085.994,41334.785,2710808,1.6233163,10648472.0,0.020024959,994048.94,213235.21521264798
Geo10,2021-11-01,873961,0,0,2085468,0.06403052,-1.0057425,6408.514,0.0,0.0,16251.719,0,0.0,5709808.5,0.020051362,994048.94,114489.437184177
Geo10,2021-11-08,1522496,0,3104922,5325041,2.0869129,0.6945291,11164.042,0.0,23072.44,41497.195,480162,1.6223047,12098038.0,0.019790944,994048.94,239431.59256787202
Geo10,2021-11-15,505389,1665186,0,3395982,0.18394884,0.23235124,3705.8774,16054.444,0.0,26464.346,1562647,0.0,26631224.0,0.020110669,994048.94,535571.7309288561
Geo10,2021-11-22,2541663,2272426,1442719,6700130,0.94649863,1.6589808,18637.312,21908.986,10720.736,52213.043,1916038,0.0,21125982.0,0.020000372,994048.94,422527.498865304
Geo10,2021-11-29,530328,0,117808,3887698,0.38543436,-0.18320112,3888.7485,0.0,875.4223,30296.21,713385,0.0,25344098.0,0.020054517,994048.94,508263.64419066603
Geo10,2021-12-06,236887,1937952,1399578,1949221,0.539577,0.9763987,1737.0267,18684.244,10400.158,15189.968,0,0.31698355,11840298.0,0.020068355,994048.94,237615.30356979
Geo10,2021-12-13,835532,1845927,0,3594440,-0.78355104,1.0769994,6126.725,17797.01,0.0,28010.898,846264,0.1153065,25705992.0,0.020058254,994048.94,515617.31685796805
Geo10,2021-12-20,1929190,2450457,580206,4507034,0.64244866,2.3544383,14146.216,23625.424,4311.467,35122.598,2257127,0.0,21814824.0,0.019878343,994048.94,433642.553956632
Geo10,2021-12-27,2572345,521534,0,4244294,0.21582791,0.26034635,18862.295,5028.23,0.0,33075.105,3043790,0.5660472,17226558.0,0.01981923,994048.94,341417.11511034
Geo10,2022-01-03,831806,1790579,0,3956394,1.4696939,-1.9835196,6099.403,17263.387,0.0,30831.549,434118,1.2583255,10849596.0,0.020044992,994048.94,217480.06502323202
Geo10,2022-01-10,2324134,377912,0,3764329,-0.88391733,0.7788889,17042.232,3643.537,0.0,29334.816,994051,0.2481116,33824700.0,0.02015822,994048.94,681845.7440340001
Geo10,2022-01-17,3205130,882133,648703,6274934,1.6593516,1.0306194,23502.33,8504.848,4820.463,48899.56,1023778,0.9487165,15404715.0,0.020103622,994048.94,309690.56737773004
Geo10,2022-01-24,784170,285677,0,1423336,-1.582905,0.1360881,5750.1016,2754.278,0.0,11091.83,0,0.0,21956154.0,0.020012923,994048.94,439406.81937814195
Geo10,2022-01-31,1703651,1346328,0,1932808,-0.24477644,-1.3385048,12492.401,12980.26,0.0,15062.064,0,0.0,17325560.0,0.020015143,994048.94,346773.56095507997
Geo10,2022-02-07,2880464,1691090,0,4962705,-0.33501214,0.12104857,21121.646,16304.19,0.0,38673.566,2660970,1.1508282,17195798.0,0.02009599,994048.94,345566.58465002
Geo10,2022-02-14,521725,0,0,2305221,-2.2972689,0.23020774,3825.665,0.0,0.0,17964.22,1155190,0.0,31382168.0,0.02013805,994048.94,631975.6682924001
Geo10,2022-02-21,501131,0,0,2952620,0.3040974,-2.1985385,3674.655,0.0,0.0,23009.297,0,0.0,23068688.0,0.020272685,994048.94,467664.24518727994
Geo10,2022-02-28,2320020,584715,52740,2778070,1.0495224,-0.2729419,17012.064,5637.3726,391.90698,21649.057,296796,0.0,22980446.0,0.019905293,994048.94,457432.510900678
Geo10,2022-03-07,3652076,793490,0,2411273,1.4963984,-0.85902065,26779.662,7650.221,0.0,18790.666,0,0.7554698,12420178.0,0.019903928,994048.94,247210.32865918402
Geo10,2022-03-14,2227680,195237,0,2526395,-1.9399191,0.32318366,16334.961,1882.3251,0.0,19687.795,1901424,0.0,32741422.0,0.019962253,994048.94,653592.549543766
Geo10,2022-03-21,989179,1454241,0,3202236,0.112998426,-0.40385202,7253.3755,14020.674,0.0,24954.514,0,0.0,23546114.0,0.020030126,994048.94,471631.630230364
Geo10,2022-03-28,0,0,0,564285,-1.1361103,-1.5495396,0.0,0.0,0.0,4397.383,1788520,0.0,22227602.0,0.019870153,994048.94,441665.85256310605
Geo10,2022-04-04,255288,334292,0,753826,-2.3916693,-1.2233623,1871.9563,3222.9866,0.0,5874.446,0,0.60852236,23153718.0,0.019838825,994048.94,459342.55950135004
Geo10,2022-04-11,1567352,169344,0,3496154,0.4950735,-0.27449256,11492.958,1632.6847,0.0,27244.97,272778,0.0,14526247.0,0.020150444,994048.94,292710.326703668
Geo10,2022-04-18,1451105,710760,1192070,3814068,0.6861692,0.121566534,10640.551,6852.6016,8858.182,29722.424,0,0.0,6734480.0,0.019947426,994048.94,134335.54144848
Geo10,2022-04-25,1922066,0,0,3314426,-0.47191703,-1.3713481,14093.978,0.0,0.0,25828.795,0,0.0,21176776.0,0.020073207,994048.94,425085.808240632
Geo10,2022-05-02,0,0,0,395568,-1.059211,-1.3635254,0.0,0.0,0.0,3082.5981,209800,0.0,28215494.0,0.01998271,994048.94,563822.03410874
Geo10,2022-05-09,0,1248740,322030,3943531,3.0176916,-0.9130107,0.0,12039.391,2392.9805,30731.309,500853,0.0,10453359.0,0.020058384,994048.94,209677.488911856
Geo10,2022-05-16,2103551,191490,0,3442890,-2.5049932,0.7104815,15424.757,1846.1993,0.0,26829.893,1707535,1.5335808,28149198.0,0.019837322,994048.94,558404.704767756
Geo10,2022-05-23,0,403476,0,279555,-0.46834666,-2.1546268,0.0,3890.0056,0.0,2178.5276,0,0.0,24037004.0,0.02011613,994048.94,483531.49727452
Geo10,2022-05-30,1168024,1079837,0,2008281,-0.35829055,0.32840908,8564.797,10410.959,0.0,15650.213,744085,0.49707904,23754570.0,0.02006648,994048.94,476670.6038136
Geo10,2022-06-06,1884721,255132,0,984896,-1.1847123,-0.8005353,13820.137,2459.7869,0.0,7675.1377,1126415,0.0,26941618.0,0.020134818,994048.94,542464.575055524
Geo10,2022-06-13,2323596,0,0,2259837,-1.5693464,-0.18587852,17038.285,0.0,0.0,17610.55,710592,0.0,16211633.0,0.019907288,994048.94,322729.647081304
Geo10,2022-06-20,0,0,565317,3816846,0.47887808,-0.606393,0.0,0.0,4200.828,29744.072,753883,1.5754286,23018742.0,0.020034896,994048.94,461178.102020832
Geo10,2022-06-27,1303730,319759,0,3884900,-0.55087686,-0.6443779,9559.891,3082.8706,0.0,30274.406,0,0.16187453,22289320.0,0.019990217,994048.94,445568.34358244005
Geo10,2022-07-04,1526624,0,446680,2265138,0.016363159,-0.36001202,11194.311,0.0,3319.2454,17651.86,0,0.26848745,21337244.0,0.020048061,994048.94,427770.369283884
Geo10,2022-07-11,746423,1800332,0,4764222,0.18032989,1.5189279,5473.313,17357.418,0.0,37126.824,1949912,0.0,29877274.0,0.020127289,994048.94,601348.528330186
Geo10,2022-07-18,3398918,1733303,873487,2834398,-1.2069939,1.4540395,24923.324,16711.176,6490.816,22088.012,1577275,1.1723416,21203758.0,0.02024117,994048.94,429188.87031686
Geo10,2022-07-25,831969,920973,0,2188712,-1.1405549,0.6850564,6100.5986,8879.314,0.0,17056.283,565895,0.03991297,16266196.0,0.020045266,994048.94,326060.22562813596
Geo10,2022-08-01,2774567,381124,0,4470978,0.04651484,-0.23882663,20345.133,3674.5046,0.0,34841.62,1910218,1.2192186,9066218.0,0.02021426,994048.94,183266.88786868
Geo10,2022-08-08,1998421,0,0,0,-1.5762918,-1.6081289,14653.868,0.0,0.0,0.0,0,0.0,26679934.0,0.019951608,994048.94,532307.584633872
Geo10,2022-08-15,860197,96507,0,3409423,-0.005699337,-0.62229145,6307.5864,930.4463,0.0,26569.09,651213,0.010510109,20637644.0,0.020095564,994048.94,414725.095811216
Geo10,2022-08-22,3457290,2111946,0,3782630,0.18471047,1.4229213,25351.35,20361.76,0.0,29477.432,2050503,1.5108266,20651572.0,0.019828798,994048.94,409495.849570456
Geo10,2022-08-29,1959522,2129520,1264336,3438988,1.1690784,0.49614275,14368.632,20531.195,9395.185,26799.484,1968450,1.4997396,13976052.0,0.019990243,994048.94,279384.67566063604
Geo10,2022-09-05,0,1749115,0,4147678,1.9062778,-1.1819125,0.0,16863.621,0.0,32322.193,988512,0.16218546,16339243.0,0.019945566,994048.94,325895.449646538
Geo10,2022-09-12,434750,539659,2353508,3895460,2.0690181,0.095603436,3187.9016,5202.9775,17488.74,30356.697,1260231,0.78818417,24354270.0,0.02004069,994048.94,488076.3752463
Geo10,2022-09-19,545147,2041923,2980176,5054564,1.5827937,1.1846284,3997.412,19686.652,22145.463,39389.41,1744303,0.0,10137689.0,0.019798467,994048.94,200710.701122763
Geo10,2022-09-26,1733367,0,0,3597193,0.081923544,-0.9101554,12710.3,0.0,0.0,28032.352,2832180,2.340512,23435488.0,0.019963197,994048.94,467847.26373513596
Geo10,2022-10-03,1399964,1867904,1287085,3801736,1.2686737,1.002898,10265.548,18008.895,9564.231,29626.322,1051161,0.5572603,10996184.0,0.019917853,994048.94,219020.376472952
Geo10,2022-10-10,1475062,1167101,0,3335694,2.1053529,-1.0064287,10816.221,11252.291,0.0,25994.531,0,0.0,9752678.0,0.020016264,994048.94,195212.177554992
Geo10,2022-10-17,1096118,0,0,3398420,1.351916,0.36766282,8037.53,0.0,0.0,26483.344,392525,0.060623825,17777562.0,0.019949924,994048.94,354661.01080528804
Geo10,2022-10-24,3719948,1324744,1890550,5263424,0.31421375,-0.047738314,27277.348,12772.164,14048.534,41017.023,1818997,1.7643127,23313426.0,0.019855894,994048.94,462908.91543284396
Geo10,2022-10-31,2003684,2571863,0,2725636,0.2680072,0.04235041,14692.46,24795.926,0.0,21240.445,1764801,0.8432981,28977696.0,0.02005956,994048.94,581279.83157376
Geo10,2022-11-07,1901461,1661820,0,6731472,0.6538201,1.5812337,13942.887,16021.991,0.0,52457.29,1361500,0.0,19272406.0,0.02003584,994048.94,386138.84303104
Geo10,2022-11-14,4504412,736613,3290809,7167588,1.4319538,1.5097544,33029.605,7101.8564,24453.752,55855.867,5801781,3.0055392,20861718.0,0.019949418,994048.94,416179.132580124
Geo10,2022-11-21,1377524,0,0,3373466,1.4919583,-1.3394945,10101.002,0.0,0.0,26288.883,157774,0.48067018,26830478.0,0.020125834,994048.94,539985.746368652
Geo10,2022-11-28,0,1771231,0,4413945,0.31058073,0.821401,0.0,17076.848,0.0,34397.168,36539,0.0,28593402.0,0.020042371,994048.94,573079.571036142
Geo10,2022-12-05,2615050,194963,72034,4728774,0.8898617,0.6741431,19175.438,1879.6833,535.2792,36850.58,451822,0.0,17239838.0,0.019873142,994048.94,342609.748630996
Geo10,2022-12-12,697968,2331616,934195,4637678,0.12014945,0.5628208,5118.006,22479.65,6941.9326,36140.684,2308165,0.3931285,18091786.0,0.01981968,994048.94,358573.40914848
Geo10,2022-12-19,1205138,1775807,0,2603957,-1.5830272,0.2548185,8836.943,17120.967,0.0,20292.223,692687,0.0,28658604.0,0.019907653,994048.94,570525.543896412
Geo10,2022-12-26,961314,25169,583941,2450060,0.49830937,-0.086663455,7049.0493,242.66016,4339.2217,19092.926,7175,0.024039377,8192896.0,0.019952597,994048.94,163469.552150912
Geo10,2023-01-02,1062699,1969644,0,2892397,-0.55485743,1.0452559,7792.4775,18989.795,0.0,22539.988,0,0.0,23728972.0,0.02010588,994048.94,477091.86355536
Geo10,2023-01-09,1640130,309660,23489,3289447,1.6704142,0.5625153,12026.619,2985.5037,174.54498,25634.137,107320,0.0,13202194.0,0.019981723,994048.94,263802.583500262
Geo10,2023-01-16,0,1826749,0,3440480,-0.22493921,-0.22919162,0.0,17612.11,0.0,26811.111,0,0.12816441,19695626.0,0.01994717,994048.94,392872.00007842
Geo10,2023-01-23,974497,0,0,4251973,-0.021834612,-0.7678641,7145.7163,0.0,0.0,33134.95,0,0.6671359,17241086.0,0.020047054,994048.94,345632.982060644
Geo10,2023-01-30,2307225,366785,0,344664,0.24870622,-1.3607348,16918.242,3536.259,0.0,2685.9116,0,0.0,22217242.0,0.019953763,994048.94,443317.581381646
Geo10,2023-02-06,1407816,1276711,2783179,3509637,0.66728497,0.5260759,10323.125,12309.066,20681.592,27350.043,0,0.0,5597731.5,0.020017475,994048.94,112052.4503579625
Geo10,2023-02-13,2494542,295893,0,0,-1.978654,0.737517,18291.785,2852.773,0.0,0.0,0,1.6488992,28650082.0,0.020044837,994048.94,574286.2237266339
Geo10,2023-02-20,1041874,855288,0,1205231,-1.7123085,-1.6341043,7639.7734,8246.029,0.0,9392.173,1414906,0.8348744,31296026.0,0.020008227,994048.94,626177.992405902
Geo10,2023-02-27,1375615,0,0,0,-2.253419,-0.73438716,10087.004,0.0,0.0,0.0,0,1.0937052,25493934.0,0.020041578,994048.94,510938.666787852
Geo10,2023-03-06,0,0,0,1545829,0.061418295,-1.4069664,0.0,0.0,0.0,12046.399,0,0.0,21563832.0,0.020158373,994048.94,434691.768765336
Geo10,2023-03-13,698386,0,0,3159855,-1.023045,0.1526097,5121.071,0.0,0.0,24624.246,0,0.21314323,10425134.0,0.019936532,994048.94,207841.017595288
Geo10,2023-03-20,2447448,377850,0,1892635,-1.7255523,-1.1908005,17946.457,3642.9392,0.0,14749.003,1981805,2.303757,27071794.0,0.020007733,994048.94,541645.226183002
Geo10,2023-03-27,0,0,0,2969710,-2.3373988,-0.68580616,0.0,0.0,0.0,23142.477,0,1.1107666,18780948.0,0.019974167,994048.94,375133.791770316
Geo10,2023-04-03,2170813,1603186,0,3236175,-0.8478464,-0.30460697,15917.971,15456.687,0.0,25218.996,0,0.5535936,18701558.0,0.019782392,994048.94,369961.551366736
Geo10,2023-04-10,1482808,585080,66500,1683416,-0.76259696,-0.32187614,10873.021,5640.8916,494.15646,13118.592,0,0.47318,16527560.0,0.02007824,994048.94,331844.3162944
Geo10,2023-04-17,0,0,0,3257834,-0.609559,-1.1360471,0.0,0.0,0.0,25387.78,0,0.08797924,20866466.0,0.019985229,994048.94,417021.101430714
Geo10,2023-04-24,0,289381,0,760835,-1.7310476,-1.5835052,0.0,2789.9893,0.0,5929.066,0,0.0,19564714.0,0.02002265,994048.94,391737.4207721
Geo10,2023-05-01,3236816,892166,2296001,4109901,0.89931524,1.3733556,23734.676,8601.579,17061.41,32027.803,3839498,0.0,18847180.0,0.020128082,994048.94,379357.58450875996
Geo10,2023-05-08,1003975,2210044,0,4262686,0.19005638,-0.6503732,7361.8706,21307.547,0.0,33218.434,603850,1.4186759,22543502.0,0.019999528,994048.94,450859.399467056
Geo10,2023-05-15,314769,0,0,1109835,-0.7393594,-1.6413196,2308.114,0.0,0.0,8648.767,0,0.8784088,23049450.0,0.020157002,994048.94,464607.8097489
Geo10,2023-05-22,496936,0,0,2760113,-2.9582934,-0.17302674,3643.894,0.0,0.0,21509.12,823424,0.0,18728948.0,0.020048657,994048.94,375490.254422836
Geo10,2023-05-29,2437470,2122542,0,2279290,0.606071,-0.69105864,17873.293,20463.918,0.0,17762.145,0,1.0747144,26538908.0,0.020023167,994048.94,531392.9868816361
Geo10,2023-06-05,1197023,2237260,1685100,6812416,2.0283303,-0.04916483,8777.438,21569.941,12521.851,53088.07,419772,0.084344655,16252300.0,0.01990993,994048.94,323582.155339
Geo10,2023-06-12,515332,986257,0,461616,-0.13226181,-0.76555645,3778.787,9508.732,0.0,3597.2998,513755,0.0,12955062.0,0.020067519,994048.94,259975.95283117797
Geo10,2023-06-19,1420040,0,0,191378,-1.2922049,-2.3440995,10412.76,0.0,0.0,1491.3783,0,0.0,23282648.0,0.020033527,994048.94,466433.557339496
Geo10,2023-06-26,4779204,3337374,3246970,5904974,-0.07513219,1.5964986,35044.58,32176.396,24127.988,46016.52,3962920,3.024769,24217588.0,0.020046739,994048.94,485483.665845532
Geo10,2023-07-03,0,0,0,1525904,-0.43368697,0.27084637,0.0,0.0,0.0,11891.126,186712,0.12927592,13061040.0,0.020079877,994048.94,262264.07669208
Geo10,2023-07-10,683795,0,0,1206265,-1.898789,-0.86637247,5014.0796,0.0,0.0,9400.231,0,0.4577961,21807632.0,0.020045469,994048.94,437144.21121940797
Geo10,2023-07-17,0,2115338,0,1650067,0.7531286,-0.70707536,0.0,20394.465,0.0,12858.709,0,0.0,21300384.0,0.02010154,994048.94,428170.52099136
Geo10,2023-07-24,2747134,0,0,1885310,-0.46899226,-1.3793626,20143.975,0.0,0.0,14691.92,1964568,3.9359832,20025646.0,0.019917376,994048.94,398858.321024896
Geo10,2023-07-31,791030,2454708,1349113,4248858,2.468096,0.3569873,5800.404,23666.408,10025.157,33110.67,1535682,0.0,8588343.0,0.019956702,994048.94,171395.001924786
Geo10,2023-08-07,3819456,631368,0,4858512,0.38410497,0.18006875,28007.014,6087.165,0.0,37861.61,2204680,2.146913,14391565.0,0.020014977,994048.94,288046.842469005
Geo10,2023-08-14,3164304,1384626,0,3448031,-0.06638569,0.53021187,23202.967,13349.5,0.0,26869.955,1310988,0.91339135,20059452.0,0.019965075,994048.94,400488.46363889996
Geo10,2023-08-21,1273496,0,858537,4941238,1.2234514,0.61901087,9338.194,0.0,6379.7236,38506.28,3605421,0.59102,16970130.0,0.01991141,994048.94,337899.2161833
Geo10,2023-08-28,1409034,1183145,1691998,6802788,0.9580687,0.24112326,10332.056,11406.975,12573.109,53013.04,1443273,2.1137426,19847992.0,0.019915568,994048.94,395284.034339456
Geo10,2023-09-04,4000134,2345493,2624338,6298058,1.2678277,0.22000223,29331.877,22613.441,19501.258,49079.76,735819,1.1496452,9460972.0,0.020048864,994048.94,189681.740935808
Geo10,2023-09-11,1592315,0,76516,3624177,2.0341983,-2.75088,11676.005,0.0,568.5846,28242.635,0,2.256398,11932726.0,0.019975409,994048.94,238361.082334934
Geo10,2023-09-18,628783,1362916,0,1776516,-1.8374803,-1.763552,4610.6914,13140.189,0.0,13844.106,0,0.0,31307234.0,0.020082485,994048.94,628727.05719649
Geo10,2023-09-25,1556975,978542,1425661,3237053,0.44036305,0.3561562,11416.867,9434.35,10593.979,25225.838,338543,0.0,16098027.0,0.01990698,994048.94,320463.10152846004
Geo10,2023-10-02,3632117,1384349,1627144,4692293,-0.25028494,1.033197,26633.309,13346.829,12091.184,36566.293,1669469,1.2556536,24092068.0,0.020066071,994048.94,483433.147024828
Geo10,2023-10-09,2908446,455805,1312510,3998238,-0.888956,1.8944087,21326.83,4394.5215,9753.163,31157.63,2371765,1.1311846,29158000.0,0.019973453,994048.94,582385.942574
Geo10,2023-10-16,1572013,1744828,0,3770366,1.0636145,1.414556,11527.136,16822.29,0.0,29381.86,1296652,0.41676337,18162124.0,0.019980632,994048.94,362890.71598236804
Geo10,2023-10-23,903131,950798,0,2235823,-0.22193754,0.95737696,6622.4097,9166.864,0.0,17423.412,118479,0.0,17937232.0,0.01991745,994048.94,357263.9214984
Geo10,2023-10-30,168353,294479,0,3534,-0.9913937,-2.3315682,1234.486,2839.1401,0.0,27.539898,385673,0.0,28230672.0,0.019904707,994048.94,561923.254573104
Geo10,2023-11-06,4134691,2682737,324404,4998142,-0.9651232,2.7972772,30318.545,25864.889,2410.6216,38949.723,2311146,0.77232826,20602144.0,0.019890415,994048.94,409785.19404976006
Geo10,2023-11-13,2012625,3211463,0,2058769,-1.3289125,1.6924479,14758.022,30962.457,0.0,16043.658,838229,0.0,25079138.0,0.019834999,994048.94,497444.677150862
Geo10,2023-11-20,615752,843038,0,3443304,0.53119373,-0.22148627,4515.139,8127.9243,0.0,26833.117,1420036,0.1472798,25936632.0,0.020054674,994048.94,520150.69941796805
Geo10,2023-11-27,1609502,2757354,538436,1249812,-0.09702006,0.27794117,11802.033,26584.287,4001.0771,9739.586,516508,0.1777372,12486615.0,0.019993033,994048.94,249645.305753295
Geo10,2023-12-04,3117932,2830088,747706,2713322,-1.1189485,0.9860594,22862.932,27285.533,5556.147,21144.486,1822241,1.5726702,26183166.0,0.020041222,994048.94,524742.642468852
Geo10,2023-12-11,3302584,109762,0,5094413,0.16730389,0.57708454,24216.934,1058.2408,0.0,39699.95,1554615,0.07271075,27853980.0,0.01993077,994048.94,555151.2689646
Geo10,2023-12-18,0,1956078,0,3628172,0.059948936,0.7385616,0.0,18859.0,0.0,28273.766,3081013,0.11087525,20890052.0,0.01986372,994048.94,414954.14371344005
Geo10,2023-12-25,0,0,0,1652674,-0.381042,0.67839867,0.0,0.0,0.0,12879.025,0,0.0,28331122.0,0.01989532,994048.94,563656.73814904
Geo10,2024-01-01,1225166,1038714,0,2301000,0.6780484,0.3361238,8983.803,10014.482,0.0,17931.326,0,0.0,16737179.0,0.020007955,994048.94,334876.72425894503
Geo10,2024-01-08,2395540,299638,0,3280262,0.4850886,-1.0155689,17565.832,2888.8792,0.0,25562.559,0,0.2566537,18942866.0,0.01988629,994048.94,376703.32670714
Geo10,2024-01-15,1223700,0,0,5752647,-2.0884814,1.279819,8973.053,0.0,0.0,44829.46,721022,0.0,26094610.0,0.02011427,994048.94,524874.0310847
Geo11,2021-01-25,1727586,0,0,1968598,-1.6889827,0.34784633,12667.91,0.0,0.0,15340.97,780034,0.14715216,13804867.0,0.020130703,659730.0,277901.677531501
Geo11,2021-02-01,0,0,0,2328265,-1.0522182,-0.41528934,0.0,0.0,0.0,18143.799,681526,0.2426188,5072539.5,0.019824937,659730.0,100562.77601751151
Geo11,2021-02-08,1784805,850526,0,1827911,-1.3807817,-0.23190254,13087.481,8200.118,0.0,14244.619,0,1.4686844,10594685.0,0.0201272,659730.0,213241.34393200002
Geo11,2021-02-15,978611,505903,0,2922090,-1.3728563,0.4776796,7175.8833,4877.528,0.0,22771.383,729388,0.0,10164097.0,0.020001845,659730.0,203300.69275896501
Geo11,2021-02-22,1626391,1425135,315389,3715094,2.3095977,-0.7880238,11925.875,13740.057,2343.6318,28951.135,0,0.9952378,11133285.0,0.020023473,659730.0,222927.031598805
Geo11,2021-03-01,1427654,257592,0,1398662,-0.59927106,-1.0956504,10468.592,2483.504,0.0,10899.55,0,0.0,9542382.0,0.020000193,659730.0,190849.48167972598
Geo11,2021-03-08,0,0,0,1131739,-1.2459205,-1.1432413,0.0,0.0,0.0,8819.461,0,0.2827705,10883626.0,0.01994654,659730.0,217090.68135404
Geo11,2021-03-15,870139,319816,0,2366265,0.5868739,0.029462248,6380.4883,3083.42,0.0,18439.926,406725,0.0,14833091.0,0.019818224,659730.0,293965.520050384
Geo11,2021-03-22,1676690,2028855,1934488,4242753,2.1268084,-2.0903816,12294.704,19560.66,14375.034,33063.098,1266386,2.8871818,13304728.0,0.02002725,659730.0,266457.113838
Geo11,2021-03-29,906670,0,0,1944632,-0.4810663,-0.06154941,6648.36,0.0,0.0,15154.207,330272,0.24112076,13847812.0,0.020094572,659730.0,278265.855276464
Geo11,2021-04-05,978175,107759,969320,3860110,-1.1372532,1.4073514,7172.6865,1038.9294,7202.9434,30081.223,874136,0.3959537,15685235.0,0.019979687,659730.0,313386.085821445
Geo11,2021-04-12,45061,901686,0,1409616,-1.0744572,0.67566764,330.41983,8693.363,0.0,10984.913,0,0.0,12041067.0,0.020111728,659730.0,242166.664333776
Geo11,2021-04-19,133278,0,0,969272,-1.7520262,0.18513012,977.2907,0.0,0.0,7553.382,0,1.0987945,12231630.0,0.020031864,659730.0,245022.34865832
Geo11,2021-04-26,0,475852,0,2598655,1.4018624,-1.824704,0.0,4587.7993,0.0,20250.904,0,0.0,6353249.5,0.02000749,659730.0,127112.575838755
Geo11,2021-05-03,1605708,0,146123,2841279,-0.6716858,1.2260394,11774.212,0.0,1085.829,22141.635,1965809,0.83844954,11897296.0,0.02000158,659730.0,237964.71772768002
Geo11,2021-05-10,0,393950,1791588,3759983,0.83199924,1.2507178,0.0,3798.1633,13313.155,29300.947,749392,0.6341013,6260021.0,0.019988732,659730.0,125129.882083372
Geo11,2021-05-17,840037,837667,0,0,-2.0216408,-0.6157149,6159.7583,8076.1416,0.0,0.0,0,0.0,7908369.0,0.020116242,659730.0,159086.664629298
Geo11,2021-05-24,603116,140805,0,2497847,0.027671158,-0.2311549,4422.4824,1357.5336,0.0,19465.324,132836,0.0,8388165.5,0.020180823,659730.0,169280.08325020652
Geo11,2021-05-31,442699,429238,1394527,3159934,1.9631777,0.6818477,3246.1892,4138.383,10362.625,24624.861,162829,0.18257841,2465725.5,0.020258367,659730.0,49951.5721002585
Geo11,2021-06-07,274763,399294,494800,2647062,0.44153327,0.23822984,2014.761,3849.686,3676.8215,20628.133,1489923,0.0,7072224.0,0.019925429,659730.0,140917.097184096
Geo11,2021-06-14,1058414,816533,510044,4138985,1.7119622,0.11705735,7761.057,7872.3833,3790.0984,32254.45,224272,0.35343271,9345711.0,0.020092739,659730.0,187780.93189242898
Geo11,2021-06-21,2222930,171019,0,895677,-0.7467362,0.13713336,16300.13,1648.8337,0.0,6979.868,309209,0.0,12745578.0,0.01995167,659730.0,254295.56621526
Geo11,2021-06-28,0,77648,0,1529350,0.2571153,-1.6112975,0.0,748.6224,0.0,11917.981,414872,1.4944084,11970675.0,0.019867903,659730.0,237832.209744525
Geo11,2021-07-05,2991445,0,244670,3188095,1.039448,1.3894503,21935.438,0.0,1818.1243,24844.316,2997194,1.6714135,13803087.0,0.019908257,659730.0,274795.403389359
Geo11,2021-07-12,1504597,105461,759436,2698038,-0.06662975,1.6985016,11032.793,1016.7739,5643.3115,21025.38,1114286,0.0,11892815.0,0.019993966,659730.0,237784.53875428997
Geo11,2021-07-19,723938,54061,0,2307822,-1.0293385,-0.7269342,5308.437,521.2146,0.0,17984.488,269192,0.0,11667318.0,0.01987551,659730.0,231893.89558217998
Geo11,2021-07-26,0,890036,0,565108,-1.5410326,0.58884096,0.0,8581.043,0.0,4403.7964,372432,0.0,11062425.0,0.02012084,659730.0,222585.283437
Geo11,2021-08-02,1437441,0,0,1920811,1.054526,-0.45073113,10540.357,0.0,0.0,14968.574,733721,0.0,9046966.0,0.019928196,659730.0,180289.71165333598
Geo11,2021-08-09,2303642,248853,535450,2589041,-0.66002136,0.5099885,16891.97,2399.2495,3978.8884,20175.984,0,0.0,7847141.5,0.019846356,659730.0,155737.16379137398
Geo11,2021-08-16,0,374020,0,1329725,0.69891405,-0.4142037,0.0,3606.0134,0.0,10362.335,0,0.0,8256092.0,0.01998466,659730.0,164995.19154872
Geo11,2021-08-23,1130537,1706964,0,2500561,1.4442644,-0.06601292,8289.915,16457.234,0.0,19486.473,2201649,1.6201752,6645493.5,0.020126967,659730.0,133753.62837321448
Geo11,2021-08-30,1446702,1583485,1386572,4733867,1.197264,1.7350595,10608.265,15266.746,10303.512,36890.273,2248896,0.14290297,6655620.5,0.019993525,659730.0,133069.3148572625
Geo11,2021-09-06,1782043,526932,0,2468614,0.37961662,0.7286011,13067.228,5080.2734,0.0,19237.516,1356214,0.0,11429541.0,0.019917266,659730.0,227645.208354906
Geo11,2021-09-13,900607,0,0,2229884,-0.34483314,-0.77006817,6603.902,0.0,0.0,17377.13,0,0.0,13691358.0,0.020006651,659730.0,273918.221222058
Geo11,2021-09-20,1254834,367528,0,3058674,0.24860552,0.77545154,9201.35,3543.4226,0.0,23835.758,1589949,0.041953817,7251915.0,0.020026037,659730.0,145227.118110855
Geo11,2021-09-27,909961,813708,539400,2378944,0.50599736,1.1099786,6672.492,7845.147,4008.2407,18538.732,423376,0.0,6122214.5,0.02001203,659730.0,122517.940240435
Geo11,2021-10-04,1633321,1415109,55162,1345696,1.0255857,0.012317121,11976.691,13643.394,409.90466,10486.794,0,0.39384204,18516510.0,0.019974893,659730.0,369865.30598343
Geo11,2021-10-11,1504023,1442987,0,3512633,0.39387837,0.9940017,11028.584,13912.172,0.0,27373.389,1503886,0.37133422,14718381.0,0.019824946,659730.0,291791.108532426
Geo11,2021-10-18,729023,997391,1566924,2824454,1.3446136,-0.096005455,5345.724,9616.078,11643.694,22010.52,0,0.4106599,10694088.0,0.020080684,659730.0,214744.60179619203
Geo11,2021-10-25,736390,0,0,2599614,-0.012523651,-0.27575052,5399.744,0.0,0.0,20258.379,1336038,1.0719984,9890218.0,0.02007121,659730.0,198508.64242378
Geo11,2021-11-01,1092274,772084,0,2568309,-0.7952192,1.5150943,8009.343,7443.8403,0.0,20014.422,1363777,0.0,10056207.0,0.020132495,659730.0,202456.537146465
Geo11,2021-11-08,1022675,0,2441012,3626999,1.5075512,1.3999758,7498.9927,0.0,18138.977,28264.623,3414778,1.4470866,14727506.0,0.020006228,659730.0,294641.84290736803
Geo11,2021-11-15,655420,1532694,202077,2167421,0.4096989,0.9435993,4806.0137,14777.058,1501.6189,16890.365,1014142,0.13700904,10807887.0,0.019964205,659730.0,215770.87168483497
Geo11,2021-11-22,2847752,2053980,877567,5364796,1.1726317,1.0831903,20881.775,19802.896,6521.134,41807.0,2045684,2.3315015,14573345.0,0.020035727,659730.0,291987.561896815
Geo11,2021-11-29,43058,286808,0,2995942,0.4221574,-1.4378002,315.7324,2765.1821,0.0,23346.898,1242415,0.0,9467050.0,0.020058688,659730.0,189896.60223040002
Geo11,2021-12-06,1383020,710280,143345,1229517,-0.29222244,-0.5696572,10141.303,6847.974,1065.1859,9581.43,461020,0.024673939,11610794.0,0.020066056,659730.0,232982.84260846398
Geo11,2021-12-13,1625330,2176016,0,2925396,-0.26458943,1.9865552,11918.095,20979.475,0.0,22797.145,1481482,1.101893,9884984.0,0.020057417,659730.0,198267.246126328
Geo11,2021-12-20,1226995,1406945,0,2194828,-0.6688661,1.549274,8997.215,13564.683,0.0,17103.943,845392,0.0,9529405.0,0.020099912,659730.0,191540.20191236
Geo11,2021-12-27,196167,0,0,2395261,0.83445084,-1.0796429,1438.4382,0.0,0.0,18665.887,242506,0.0,8690624.0,0.019950535,659730.0,173382.59828384
Geo11,2022-01-03,407424,436718,0,3353658,1.2090887,-0.08440775,2987.5276,4210.4995,0.0,26134.521,0,0.0,6170793.0,0.019868568,659730.0,122604.820334424
Geo11,2022-01-10,1337281,0,0,2071546,-1.8619382,0.02319318,9805.911,0.0,0.0,16143.228,205301,1.1930444,12723230.0,0.020069158,659730.0,255344.51314034002
Geo11,2022-01-17,818913,0,0,2423991,-0.56613725,-1.2001244,6004.8623,0.0,0.0,18889.775,726574,0.9767506,14493086.0,0.02002886,659730.0,290279.99046195997
Geo11,2022-01-24,1099795,182441,0,1611448,-1.932991,-0.049428165,8064.492,1758.9559,0.0,12557.757,437202,0.0,9515403.0,0.019899271,659730.0,189349.582971213
Geo11,2022-01-31,1461736,706476,0,2219802,-0.87387556,1.0836091,10718.505,6811.2983,0.0,17298.562,1186734,0.0,12454993.0,0.019959915,659730.0,248600.60160559503
Geo11,2022-02-07,1357897,1310819,0,3487543,1.0066103,-0.06549999,9957.083,12637.909,0.0,27177.865,1144423,1.0689425,8359636.5,0.019989915,659730.0,167108.4230658975
Geo11,2022-02-14,1900890,336123,0,1439498,-0.63039505,0.31597328,13938.7,3240.6396,0.0,11217.778,2091208,0.0,15410093.0,0.020051893,659730.0,309001.53595604905
Geo11,2022-02-21,0,310916,0,2162821,-0.6065252,0.21829394,0.0,2997.6133,0.0,16854.52,239716,0.0,16373284.0,0.019899476,659730.0,325819.771999184
Geo11,2022-02-28,2277152,450876,120153,1804922,-0.12854213,0.2558949,16697.725,4347.0,892.8479,14065.469,2573,0.0,15819209.0,0.019829873,659730.0,313692.90543045703
Geo11,2022-03-07,2204032,428108,0,226163,-0.48481894,-0.31548446,16161.556,4127.4883,0.0,1762.4521,313970,0.056891084,11727695.0,0.020046847,659730.0,235103.30732766498
Geo11,2022-03-14,770162,31190,0,1239908,-0.7987026,-0.6093116,5647.3843,300.71,0.0,9662.405,1869890,0.0,11000032.0,0.019938175,659730.0,219320.56302159998
Geo11,2022-03-21,2621515,0,0,1811313,0.8704466,-0.15225893,19222.844,0.0,0.0,14115.273,0,0.0,14031091.0,0.01985751,659730.0,278622.52984340995
Geo11,2022-03-28,0,38249,0,1149079,-1.4739861,-1.695661,0.0,368.76746,0.0,8954.589,0,0.0,14146183.0,0.020218533,659730.0,286015.06780953903
Geo11,2022-04-04,1038983,221114,96360,2872828,-0.46510828,-0.03350754,7618.5747,2131.8113,716.0439,22387.49,882736,0.70648426,14886119.0,0.020104162,659730.0,299272.947927278
Geo11,2022-04-11,478287,0,0,439407,-1.4476964,-1.2708366,3507.1462,0.0,0.0,3424.2288,915537,0.0,14633213.0,0.019958703,659730.0,292059.952202739
Geo11,2022-04-18,1693555,1178917,0,1712854,-0.6749237,-0.5369343,12418.37,11366.212,0.0,13347.998,0,0.0,9080480.0,0.019961534,659730.0,181260.31025632
Geo11,2022-04-25,69521,235780,0,723935,0.83193165,-2.2309947,509.77826,2273.2095,0.0,5641.51,0,0.0,12846232.0,0.019991217,659730.0,256811.81154434397
Geo11,2022-05-02,964250,64894,0,2203344,-0.21190614,-0.5846046,7070.5786,625.6581,0.0,17170.309,229224,2.1153092,11813669.0,0.020157631,659730.0,238135.58045813898
Geo11,2022-05-09,116118,1423280,0,1792181,-0.79852486,-0.15917137,851.4611,13722.172,0.0,13966.181,198356,0.0,8193210.5,0.020050634,659730.0,164279.065020457
Geo11,2022-05-16,1358810,0,0,354838,-2.697597,-0.65586746,9963.778,0.0,0.0,2765.196,0,0.113803685,9034077.0,0.01987947,659730.0,179592.66269919
Geo11,2022-05-23,598458,1148322,0,1132384,0.41419,-1.4174539,4388.327,11071.238,0.0,8824.488,0,0.8650261,13952447.0,0.02007942,659730.0,280157.04334074
Geo11,2022-05-30,0,403701,0,3500778,-0.14754,0.63932765,0.0,3892.1748,0.0,27281.004,0,0.0,9428967.0,0.019937547,659730.0,187990.472723949
Geo11,2022-06-06,1304628,300389,0,1913233,-1.9367455,-0.18521869,9566.476,2896.12,0.0,14909.52,1011336,0.019804657,18731188.0,0.019820854,659730.0,371268.14259455196
Geo11,2022-06-13,1413165,582292,0,1663757,-1.3629453,0.038413584,10362.348,5614.012,0.0,12965.393,1246080,1.9665214,11684047.0,0.019995822,659730.0,233632.124051634
Geo11,2022-06-20,1850407,1369110,267297,3008862,-0.56472504,2.4753096,13568.522,13199.907,1986.2638,23447.582,1883832,1.4816055,10042542.0,0.020064054,659730.0,201494.104985268
Geo11,2022-06-27,2315752,706707,0,1431048,-0.6953207,-0.9070175,16980.768,6813.526,0.0,11151.929,0,2.0872416,12852841.0,0.02012777,659730.0,258699.02749457
Geo11,2022-07-04,747466,644927,0,1486731,-0.29397303,-1.3110036,5480.961,6217.8906,0.0,11585.858,1438067,1.8329192,13202486.0,0.020159874,659730.0,266160.454246764
Geo11,2022-07-11,2671748,1227615,443687,4313428,0.28692707,3.1524527,19591.188,11835.72,3297.0044,33613.855,1172894,1.1664934,9391156.0,0.019905278,659730.0,186933.570921368
Geo11,2022-07-18,931775,1174762,0,457411,-1.9067333,0.36597276,6832.448,11326.152,0.0,3564.531,0,0.0,4352117.0,0.019888395,659730.0,86556.621982215
Geo11,2022-07-25,271436,627668,0,0,-1.1281197,-0.879197,1990.365,6051.4927,0.0,0.0,0,0.0,12228679.0,0.020182502,659730.0,246805.33837485802
Geo11,2022-08-01,669569,432978,0,2668582,0.6960687,1.3170553,4909.764,4174.4414,0.0,20795.834,1100932,0.0,17795250.0,0.020036347,659730.0,356551.80395175
Geo11,2022-08-08,1082502,0,0,971839,-0.6575433,-0.2815415,7937.6875,0.0,0.0,7573.3867,103677,0.0,18273958.0,0.02006839,659730.0,366728.91598761996
Geo11,2022-08-15,1620975,842450,0,1402592,0.51812315,-0.8334423,11886.161,8122.2554,0.0,10930.176,178100,0.0,17520574.0,0.020207096,659730.0,354039.920793104
Geo11,2022-08-22,1139697,2128883,152562,1825975,0.5783934,-0.26608354,8357.082,20525.055,1133.6768,14229.532,647867,1.0394838,17863856.0,0.019977085,659730.0,356867.76973975997
Geo11,2022-08-29,1648406,0,0,3089177,0.22167338,1.054403,12087.305,0.0,0.0,24073.465,1416835,0.42972136,7662462.0,0.020155663,659730.0,154442.00182230602
Geo11,2022-09-05,968743,2157997,298405,4430416,1.1501819,1.6791683,7103.524,20805.748,2217.425,34525.523,1219500,0.095352545,10393005.0,0.019971669,659730.0,207565.65577534502
Geo11,2022-09-12,261063,69973,651079,2954406,0.3182162,1.4582711,1914.3027,674.62585,4838.119,23023.215,844413,0.70361173,14588619.0,0.019974612,659730.0,291402.004140828
Geo11,2022-09-19,1551264,1780991,777356,880225,1.971606,-2.1254542,11374.989,17170.945,5776.4736,6859.453,417,1.8866076,12680113.0,0.019930435,659730.0,252720.16793915498
Geo11,2022-09-26,1371977,0,691720,3055876,1.6163478,0.44416955,10060.327,0.0,5140.119,23813.953,905717,0.9849317,10821385.0,0.020019047,659730.0,216633.81492009503
Geo11,2022-10-03,2599659,530576,803285,3862543,-0.5174284,2.3846793,19062.58,5115.406,5969.15,30100.182,1507611,0.0,9757040.0,0.020068306,659730.0,195807.26437424
Geo11,2022-10-10,952748,0,603998,3108974,1.8687617,0.60021985,6986.2373,0.0,4488.2637,24227.738,986356,0.0,11692232.0,0.020099293,659730.0,235005.59679197602
Geo11,2022-10-17,1390226,1862409,2990618,4224141,3.4125714,1.6198819,10194.142,17955.916,22223.057,32918.055,2090695,0.0,6288416.5,0.020057399,659730.0,126129.2788186835
Geo11,2022-10-24,968229,717049,0,2502310,-0.3132969,-0.48015717,7099.755,6913.2354,0.0,19500.102,298966,1.3254025,7313935.5,0.020055693,659730.0,146686.04500980148
Geo11,2022-10-31,676086,1139384,0,2346494,-0.64652604,-1.3441093,4957.5513,10985.065,0.0,18285.854,0,2.5976985,17564974.0,0.020020304,659730.0,351656.119232096
Geo11,2022-11-07,586021,0,818922,2406379,1.4551114,-0.39597976,4297.1294,0.0,6085.3477,18752.527,940510,0.772232,6555170.5,0.019883819,659730.0,130341.8237361395
Geo11,2022-11-14,491246,1741273,804293,3795166,0.7896268,1.2899609,3602.171,16788.016,5976.6406,29575.123,882509,0.22065492,14134143.0,0.020094628,659730.0,284020.345683804
Geo11,2022-11-21,574755,144631,0,1653982,0.122805834,0.4668689,4214.5195,1394.421,0.0,12889.218,739476,0.0,12959549.0,0.019851563,659730.0,257267.30342508698
Geo11,2022-11-28,958893,1255836,449842,3783030,2.6446943,-0.06898101,7031.297,12107.806,3342.742,29480.55,1272480,0.2905234,11271937.0,0.020055907,659730.0,226068.92018185902
Geo11,2022-12-05,2401785,11388,826026,2339496,-1.7806443,2.7850745,17611.623,109.79434,6138.137,18231.32,730858,0.0,15000337.0,0.020069,659730.0,301041.763253
Geo11,2022-12-12,1159121,296880,718172,1058727,-0.7150904,-0.23352697,8499.513,2862.2888,5336.682,8250.49,1406162,1.3226386,10625294.0,0.020032588,659730.0,212852.137080872
Geo11,2022-12-19,2100667,1269093,68171,3608444,0.54988897,0.9292264,15403.61,12235.619,506.57355,28120.027,337807,0.0,9609930.0,0.020123176,659730.0,193382.31273767998
Geo11,2022-12-26,0,76402,1842706,1498190,1.0759339,0.34248358,0.0,736.6094,13693.009,11675.156,722458,0.0,7788657.5,0.019944418,659730.0,155340.240838835
Geo11,2023-01-02,0,403374,0,1202470,0.51143545,-1.4042875,0.0,3889.0222,0.0,9370.657,0,0.0,13476203.0,0.020001983,659730.0,269550.783310549
Geo11,2023-01-09,0,1196504,0,3002625,-0.32948467,2.1537826,0.0,11535.772,0.0,23398.979,2299290,0.452143,7652356.5,0.019978644,659730.0,152883.706274586
Geo11,2023-01-16,157027,0,0,1526981,-0.6688242,0.20666865,1151.4355,0.0,0.0,11899.519,300342,0.006943226,11522008.0,0.02000251,659730.0,230469.08024008002
Geo11,2023-01-23,689346,821347,0,3101384,-0.23196024,-0.41790235,5054.7837,7918.7964,0.0,24168.59,0,1.875823,14449707.0,0.019881511,659730.0,287282.008667277
Geo11,2023-01-30,142622,0,0,1249916,-0.37089288,-0.3497758,1045.8076,0.0,0.0,9740.396,0,0.0,9753141.0,0.02007368,659730.0,195781.43142888
Geo11,2023-02-06,1437908,993991,781338,3511177,0.2276777,1.685055,10543.781,9583.297,5806.0635,27362.043,2621219,0.0,11421946.0,0.020225512,659730.0,231014.70588635202
Geo11,2023-02-13,3028994,1836086,586303,2090354,-0.0631592,2.202767,22210.773,17702.13,4356.7734,16289.795,1232279,1.2429669,10674302.0,0.019991163,659730.0,213391.711193226
Geo11,2023-02-20,1124914,1014030,1073377,2425414,0.74021244,1.4932795,8248.683,9776.498,7976.1836,18900.863,322891,0.040980995,12124126.0,0.01998084,659730.0,242250.22174583998
Geo11,2023-02-27,269180,0,0,1440292,-1.4618158,-0.8054642,1973.8224,0.0,0.0,11223.966,0,0.052175254,6958203.0,0.01988168,659730.0,138340.76542103998
Geo11,2023-03-06,1643546,137394,0,782969,1.7678503,-1.6142445,12051.668,1324.6473,0.0,6101.5527,467201,0.0,14060494.0,0.019969096,659730.0,280775.354493424
Geo11,2023-03-13,1225669,480111,0,1474545,-0.43356448,-0.8554262,8987.491,4628.8613,0.0,11490.894,0,0.0,15451029.0,0.01981296,659730.0,306130.61953584
Geo11,2023-03-20,1003104,779240,0,1628964,0.37462974,-1.463659,7355.484,7512.8335,0.0,12694.257,0,0.0,12721307.0,0.020059818,659730.0,255187.103142126
Geo11,2023-03-27,138577,0,0,2418131,-1.2463949,-0.4696082,1016.1467,0.0,0.0,18844.11,0,1.2221546,8569506.0,0.019924387,659730.0,170742.15394282198
Geo11,2023-04-03,2369812,87553,0,2871878,-1.1424459,0.9368774,17377.176,844.1188,0.0,22380.088,1226524,1.3256721,16749141.0,0.019931765,659730.0,333839.94236386503
Geo11,2023-04-10,1352312,396711,0,368611,-2.0378227,-1.220783,9916.129,3824.7825,0.0,2872.5269,608532,1.123675,11683879.0,0.020120163,659730.0,235081.549952277
Geo11,2023-04-17,192470,280943,0,2258650,-1.7841692,-0.19475761,1411.3292,2708.6365,0.0,17601.3,0,0.37442076,13209651.0,0.019913273,659730.0,263047.386597723
Geo11,2023-04-24,1850899,0,0,1567762,-0.756132,0.0831818,13572.13,0.0,0.0,12217.319,859427,0.0,13076660.0,0.020118563,659730.0,263083.60803958
Geo11,2023-05-01,2080641,0,690544,3060318,0.46787822,1.6298168,15256.764,0.0,5131.3804,23848.57,1765624,1.071576,11893363.0,0.019874169,659730.0,236370.706240347
Geo11,2023-05-08,468135,903077,0,1061633,-1.0699909,-1.0863534,3432.7043,8706.774,0.0,8273.137,0,0.045818448,9805486.0,0.019863304,659730.0,194769.34928574399
Geo11,2023-05-15,449961,999363,0,954108,-1.631887,-1.536288,3299.4395,9635.09,0.0,7435.2114,0,2.4898489,15086043.0,0.020074103,659730.0,302838.781044429
Geo11,2023-05-22,1146544,244942,659058,3272226,0.21949393,-0.4982227,8407.29,2361.5425,4897.41,25499.936,902860,1.4181025,12162278.0,0.02014444,659730.0,245002.27943432
Geo11,2023-05-29,1171318,1056042,0,1750764,-1.1943303,-0.73125285,8588.951,10181.545,0.0,13643.425,0,0.82621944,15372510.0,0.019985037,659730.0,307220.18113287
Geo11,2023-06-05,755136,302542,0,1080243,0.16551128,-0.3340876,5537.203,2916.8774,0.0,8418.161,60508,0.0,7958018.5,0.019973041,659730.0,158945.8297792585
Geo11,2023-06-12,74592,0,0,0,-1.5592842,-1.3579962,546.9625,0.0,0.0,0.0,0,0.33118904,16624923.0,0.020067353,659730.0,333618.198438819
Geo11,2023-06-19,1229308,0,0,1671465,-0.8754278,-0.6828109,9014.175,0.0,0.0,13025.46,683113,0.15490279,8139973.0,0.020049129,659730.0,163199.36873351698
Geo11,2023-06-26,1425540,1161062,397992,2702312,0.90614164,0.10005668,10453.09,11194.068,2957.4485,21058.686,2100958,2.3864374,12228751.0,0.020067826,659730.0,245404.44726532602
Geo11,2023-07-03,1539836,1191031,1620394,3975416,0.73617613,1.1548713,11291.191,11483.006,12041.025,30979.781,1582305,0.0,4171549.5,0.019950747,659730.0,83225.5286724765
Geo11,2023-07-10,3158800,1098298,0,2462684,-0.55973905,0.31439397,23162.605,10588.945,0.0,19191.305,0,0.9823313,15937333.0,0.020000348,659730.0,318752.206191884
Geo11,2023-07-17,0,1009943,423426,1331372,-1.9410467,0.2046963,0.0,9737.094,3146.4465,10375.17,0,0.0,16527311.0,0.020048134,659730.0,331341.74558767397
Geo11,2023-07-24,103332,631234,700452,2647226,0.28595084,0.9739247,757.70496,6085.873,5205.006,20629.41,812445,1.0700153,12548145.0,0.020110663,659730.0,252351.51537013502
Geo11,2023-07-31,350835,0,204731,902832,0.91333103,-0.4953798,2572.576,0.0,1521.3406,7035.626,0,0.0,2149347.0,0.019877274,659730.0,42723.159240078
Geo11,2023-08-07,3665473,0,665657,5159938,1.3955635,0.19869484,26877.898,0.0,4946.447,40210.57,1879867,2.101315,12080320.0,0.02012393,659730.0,243103.51405760003
Geo11,2023-08-14,2890604,331013,2119707,3021324,0.7500824,1.0941496,21195.998,3191.373,15751.383,23544.695,966711,2.3306582,11766351.0,0.020127075,659730.0,236822.22905332502
Geo11,2023-08-21,3493681,1282571,2416358,4166888,1.3887993,1.1839163,25618.195,12365.564,17955.773,32471.895,2143401,2.0309455,9740289.0,0.019918716,659730.0,194014.050348924
Geo11,2023-08-28,0,0,0,911496,-1.2519147,-1.7467679,0.0,0.0,0.0,7103.143,0,0.0,18355106.0,0.020077106,659730.0,368517.40880323603
Geo11,2023-09-04,2842604,1441976,856818,3607487,-0.023443758,1.4606254,20844.027,13902.424,6366.95,28112.57,0,0.8201691,10252804.0,0.019987948,659730.0,204932.51320619197
Geo11,2023-09-11,2525139,1166394,622586,3230149,1.3919243,0.001741007,18516.146,11245.475,4626.3896,25172.035,2405720,2.5599012,11337063.0,0.020096589,659730.0,227836.295578107
Geo11,2023-09-18,892792,407167,0,660232,-0.5509911,-0.3869842,6546.5967,3925.5913,0.0,5145.0825,421605,0.0,9080972.0,0.020086538,659730.0,182405.289154936
Geo11,2023-09-25,1379787,0,0,2123091,-0.95686746,0.52284646,10117.596,0.0,0.0,16544.908,0,0.0,7281392.0,0.019914985,659730.0,145008.81245912
Geo11,2023-10-02,62106,0,12617,2471058,-0.2208862,-0.53060085,455.4061,0.0,93.755974,19256.56,1513607,0.4984202,7386509.5,0.019870784,659730.0,146775.734788448
Geo11,2023-10-09,1863988,0,121497,3024017,-0.9050378,1.2482808,13668.108,0.0,902.835,23565.682,1869338,0.0,7227261.5,0.020004038,659730.0,144574.41368193697
Geo11,2023-10-16,1456728,255839,474047,3471025,1.3033496,0.5066216,10681.783,2466.603,3522.6074,27049.145,1436565,0.5022501,12369171.0,0.01992011,659730.0,246395.24692881003
Geo11,2023-10-23,340668,707235,1882194,3948929,2.7747972,1.1938257,2498.0242,6818.6167,13986.441,30773.373,161442,1.464589,13057424.0,0.019883538,659730.0,259627.78628611198
Geo11,2023-10-30,251061,0,0,2284370,1.100258,-1.3257114,1840.9607,0.0,0.0,17801.732,886176,0.29936466,12992526.0,0.019893117,659730.0,258461.83984354197
Geo11,2023-11-06,93592,617393,0,24786,0.15356931,-0.5016972,686.28424,5952.429,0.0,193.15335,308753,0.0,6658160.5,0.02016269,659730.0,134246.42613174501
Geo11,2023-11-13,388772,1197359,93186,1904026,0.42493984,0.4272014,2850.7576,11544.015,692.4581,14837.771,398889,0.0,9041272.0,0.020072594,659730.0,181481.782099568
Geo11,2023-11-20,937451,2632907,0,1666665,0.33411938,0.14580947,6874.0684,25384.467,0.0,12988.054,1121366,1.4056606,10679769.0,0.019993078,659730.0,213521.45463898202
Geo11,2023-11-27,2479247,741941,1290990,1438963,-0.3170332,-1.570878,18179.633,7153.225,9593.249,11213.609,318177,2.6573372,18577880.0,0.020012321,659730.0,371786.49805948
Geo11,2023-12-04,1656276,924666,911692,808656,-0.69396925,-0.45254302,12145.013,8914.919,6774.7144,6301.727,81378,0.84086424,14467704.0,0.019950405,659730.0,288636.55422012
Geo11,2023-12-11,2237785,0,1038563,4077065,0.9580538,-0.013786554,16409.059,0.0,7717.483,31771.918,698151,2.7401624,12678505.0,0.020005511,659730.0,253639.971241055
Geo11,2023-12-18,39955,1953253,0,2240522,-0.7372726,-0.010879338,292.97894,18831.764,0.0,17460.03,363902,0.36543968,17418450.0,0.0199516,659730.0,347525.94702
Geo11,2023-12-25,96353,540029,0,1998302,-1.0675923,0.96829337,706.52985,5206.5444,0.0,15572.449,577356,0.0,4715841.0,0.02010601,659730.0,94816.74630441
Geo11,2024-01-01,0,1447519,0,2083082,1.8447402,-1.4220747,0.0,13955.866,0.0,16233.126,716507,0.0,9419148.0,0.019967804,659730.0,188079.701110992
Geo11,2024-01-08,136293,923744,0,2136194,-1.129326,0.34995037,999.3988,8906.03,0.0,16647.02,1337470,0.17709231,14836320.0,0.020120949,659730.0,298520.83806768
Geo11,2024-01-15,2051320,0,1817748,2815561,-0.22037524,1.692105,15041.762,0.0,13507.548,21941.219,1762694,1.0960689,11311549.0,0.02000025,659730.0,226233.80788725
Geo12,2021-01-25,323377,537143,389702,2044714,0.82591546,-0.9822403,2371.234,5178.72,2895.846,15934.13,370143,0.0,4223155.5,0.019974323,560989.75,84354.67203622649
Geo12,2021-02-01,2001506,1586580,0,1791917,0.4546743,2.488192,14676.489,15296.585,0.0,13964.123,1361834,0.0,16624782.0,0.01995208,560989.75,331698.98044656
Geo12,2021-02-08,0,6528,0,2511124,-0.3577652,0.0780943,0.0,62.93796,0.0,19568.787,0,0.0,10910603.0,0.02016045,560989.75,219962.66625135
Geo12,2021-02-15,402148,0,0,1829406,-1.3038476,-0.25067854,2948.84,0.0,0.0,14256.269,0,0.0,11909285.0,0.019901209,560989.75,237009.16982556498
Geo12,2021-02-22,460512,62235,0,2103833,-0.21154334,-0.21823148,3376.807,600.02203,0.0,16394.836,1386,0.0,10547473.0,0.019985279,560989.75,210794.19064996703
Geo12,2021-03-01,895071,0,0,316531,-2.5119028,0.8007902,6563.308,0.0,0.0,2466.6755,0,0.0,13191485.0,0.020099593,560989.75,265143.479565605
Geo12,2021-03-08,295484,0,0,2570065,-1.8121219,1.0648082,2166.7021,0.0,0.0,20028.105,807224,0.0,15458425.0,0.019996358,560989.75,309112.20041615
Geo12,2021-03-15,387357,512892,3478,2212632,1.9869937,-0.3129329,2840.3818,4944.9106,25.844755,17242.688,217582,0.071397066,11900498.0,0.01992873,560989.75,237161.81150754
Geo12,2021-03-22,765294,0,0,441867,-0.59007293,-1.2138661,5611.689,0.0,0.0,3443.399,1051811,2.246624,11267727.0,0.019987533,560989.75,225214.06524749097
Geo12,2021-03-29,1245179,198998,0,1432041,-0.45436764,-0.5258612,9130.553,1918.5857,0.0,11159.667,0,0.0,4472066.5,0.020059383,560989.75,89706.8947249695
Geo12,2021-04-05,0,89325,1112343,2172097,2.2032158,0.15147905,0.0,861.203,8265.737,16926.807,346018,0.0,6256264.0,0.019943932,560989.75,124774.50379004801
Geo12,2021-04-12,725018,370975,0,1103902,0.07386866,-0.78065735,5316.3564,3576.6558,0.0,8602.532,255976,0.0,5218872.5,0.020070735,560989.75,104746.6069462875
Geo12,2021-04-19,0,0,0,168629,-1.1811202,-1.6217473,0.0,0.0,0.0,1314.0989,0,0.0,5729047.5,0.020051494,560989.75,114875.961571965
Geo12,2021-04-26,744711,1332407,0,2249586,1.5576897,-1.4370378,5460.7593,12846.044,0.0,17530.664,246102,0.0,8024506.0,0.020032395,560989.75,160750.07387187
Geo12,2021-05-03,0,0,393615,1930199,0.77027917,0.048233002,0.0,0.0,2924.9233,15041.733,579966,0.17736635,3507490.0,0.019898172,560989.75,69792.63930827999
Geo12,2021-05-10,1087075,590215,0,3826753,0.16003126,0.2875151,7971.22,5690.3994,0.0,29821.275,159196,1.2786045,10727801.0,0.020003788,560989.75,214596.65691018803
Geo12,2021-05-17,829679,902252,0,1933410,-0.55991393,-1.5177442,6083.8066,8698.82,0.0,15066.756,1164584,2.2919097,9933463.0,0.019951815,560989.75,198190.616085345
Geo12,2021-05-24,78097,1926354,0,901045,-1.4623073,-0.86321735,572.6637,18572.424,0.0,7021.7,0,0.0,10566476.0,0.020098496,560989.75,212370.275620096
Geo12,2021-05-31,71893,0,0,0,-0.76607305,-1.5355768,527.17145,0.0,0.0,0.0,0,0.0,9662224.0,0.019910403,560989.75,192378.773716272
Geo12,2021-06-07,1410398,2396870,1161453,2646001,0.020225957,1.9603591,10342.058,23108.777,8630.669,20619.863,1726085,0.37232143,12608855.0,0.019908866,560989.75,251028.00460843
Geo12,2021-06-14,745623,402999,142111,2520539,1.3241711,1.0658245,5467.447,3885.4067,1056.0161,19642.158,1310502,0.0,13740191.0,0.019988675,560989.75,274648.21233692503
Geo12,2021-06-21,0,0,0,61093,-0.5720786,-2.8606493,0.0,0.0,0.0,476.088,0,0.31501698,5297616.5,0.020072103,560989.75,106334.3040424995
Geo12,2021-06-28,431209,149467,0,2410665,0.14685833,-0.17152724,3161.9363,1441.046,0.0,18785.928,934366,0.0,13560930.0,0.020059478,560989.75,272025.17699454
Geo12,2021-07-05,209072,0,0,2313918,-0.79318434,-1.6636088,1533.0671,0.0,0.0,18031.994,800690,2.2528095,15965002.0,0.01999784,560989.75,319265.55559567997
Geo12,2021-07-12,1457569,0,0,1463943,0.54277855,-0.94207925,10687.95,0.0,0.0,11408.274,0,0.0,8482807.0,0.02007658,560989.75,170305.75336006
Geo12,2021-07-19,435605,0,0,862922,-1.2489942,-0.03981787,3194.1707,0.0,0.0,6724.6133,183257,0.0,10609288.0,0.020048546,560989.75,212700.79849524802
Geo12,2021-07-26,1126246,778842,0,835699,-1.6797323,-0.16678327,8258.45,7508.996,0.0,6512.469,0,0.0,10522679.0,0.01996519,560989.75,210087.28554401
Geo12,2021-08-02,0,0,502820,2761333,0.6096124,0.40065205,0.0,0.0,3736.4175,21518.629,935518,0.0,8461856.0,0.019997211,560989.75,169213.519883616
Geo12,2021-08-09,1918368,0,0,52550,-1.9889803,0.018255055,14066.861,0.0,0.0,409.5138,257563,0.0,8400122.0,0.020101625,560989.75,168856.10239825002
Geo12,2021-08-16,546914,0,0,1361675,-0.1265031,-1.8118536,4010.369,0.0,0.0,10611.316,0,0.0,9688860.0,0.019919436,560989.75,192996.62668296
Geo12,2021-08-23,1161148,2300341,0,1667815,-0.62591183,0.2420947,8514.377,22178.12,0.0,12997.016,0,0.0,13756559.0,0.019972049,560989.75,274746.67041939095
Geo12,2021-08-30,1007287,1029392,581248,3663042,1.7326128,0.23555297,7386.1567,9924.607,4319.21,28545.502,1342402,1.550199,13083434.0,0.020005306,560989.75,261738.100700804
Geo12,2021-09-06,1360156,1364164,123770,1792102,-0.20027655,0.30780542,9973.647,13152.221,919.7255,13965.565,41020,0.0,12551848.0,0.01987955,560989.75,249525.0899084
Geo12,2021-09-13,634976,1334288,938763,1803460,0.32944822,-0.304326,4656.103,12864.18,6975.877,14054.076,0,0.0,12090506.0,0.020155458,560989.75,243689.685881748
Geo12,2021-09-20,468919,17439,0,2013104,0.4224988,0.36752695,3438.4534,168.13344,0.0,15687.798,714561,0.0,11239803.0,0.020034684,560989.75,225185.901327252
Geo12,2021-09-27,3082815,197902,884216,2214910,-0.35977328,3.1212516,22605.428,1908.019,6570.5425,17260.44,1661413,0.8343773,10879751.0,0.02001218,560989.75,217727.53536718
Geo12,2021-10-04,2312438,709434,0,991205,-2.0883284,0.97266597,16956.469,6839.8174,0.0,7724.3027,1057488,0.65688396,7063154.0,0.019949326,560989.75,140905.161734204
Geo12,2021-10-11,1749528,811774,1860928,3343774,2.1366916,1.7685913,12828.804,7826.501,13828.415,26057.498,1465741,0.74110866,13457168.0,0.019890577,560989.75,267670.836305936
Geo12,2021-10-18,1601607,375326,1670939,2320794,-0.31942868,0.21983966,11744.141,3618.6047,12416.621,18085.578,522219,1.9340926,14891083.0,0.019898387,560989.75,296308.532383121
Geo12,2021-10-25,0,0,0,1837112,0.2045671,-1.1589283,0.0,0.0,0.0,14316.321,0,0.0,10209590.0,0.020050474,560989.75,204707.11884565998
Geo12,2021-11-01,1385975,911436,0,1804908,0.29764494,1.815002,10162.971,8787.366,0.0,14065.36,1045945,0.0,8729395.0,0.019924112,560989.75,173925.44367224
Geo12,2021-11-08,1732194,1491412,1377776,2615877,-0.7152749,2.094794,12701.699,14379.048,10238.149,20385.111,97921,0.0,9619294.0,0.020066714,560989.75,193027.62157991598
Geo12,2021-11-15,732521,703831,0,1564769,-1.3703728,1.0538945,5371.3735,6785.7974,0.0,12193.995,0,0.0,11852079.0,0.019949764,560989.75,236446.17895935598
Geo12,2021-11-22,2135458,1768453,1540667,2791373,0.9857881,1.9594113,15658.722,17050.064,11448.58,21752.725,2041647,0.25258365,9465202.0,0.019859383,560989.75,187973.07169036602
Geo12,2021-11-29,967356,605131,471496,1999291,0.058170974,1.2847052,7093.3535,5834.208,3503.6514,15580.156,1901807,0.01078777,12551082.0,0.019936915,560989.75,250229.85499202998
Geo12,2021-12-06,0,412991,0,1265086,1.1910005,-0.8550012,0.0,3981.7417,0.0,9858.613,0,0.104189634,3444528.0,0.020009087,560989.75,68921.860425936
Geo12,2021-12-13,982641,1944822,303348,3340764,0.15694228,2.4756608,7205.4346,18750.48,2254.156,26034.04,2132041,0.0,10530077.0,0.020058727,560989.75,211219.939831979
Geo12,2021-12-20,911524,247444,0,1114378,0.9202032,-1.0102267,6683.953,2385.665,0.0,8684.17,0,0.0,9681860.0,0.020065239,560989.75,194268.83486454
Geo12,2021-12-27,1426090,0,0,1857372,-0.9091253,-0.93602645,10457.123,0.0,0.0,14474.204,751551,0.0,11158024.0,0.019817058,560989.75,221119.208773392
Geo12,2022-01-03,281851,1383340,2204501,2675252,2.4184866,0.5168874,2066.7354,13337.101,16381.48,20847.812,0,0.0,10569336.0,0.020215146,560989.75,213660.670363056
Geo12,2022-01-10,1037688,504068,0,1198125,-1.1439853,-0.11843076,7609.079,4859.8364,0.0,9336.797,309976,0.0,11209177.0,0.020108202,560989.75,225396.395369754
Geo12,2022-01-17,0,1104774,0,2001369,1.8692935,-0.21117416,0.0,10651.382,0.0,15596.349,659867,0.0,9805848.0,0.019972824,560989.75,195850.476274752
Geo12,2022-01-24,817416,0,0,1241509,-2.378081,1.5869454,5993.885,0.0,0.0,9674.882,1937246,0.0,10254331.0,0.019841231,560989.75,203458.550121461
Geo12,2022-01-31,671880,577415,121888,90290,-0.24450688,-0.686996,4926.71,5566.9917,905.7405,703.61554,0,0.0,11730484.0,0.020134898,560989.75,236192.098830632
Geo12,2022-02-07,788133,961297,0,1293015,-0.008317888,-1.0114254,5779.161,9268.087,0.0,10076.26,672143,2.392444,10752844.0,0.020114884,560989.75,216292.209730096
Geo12,2022-02-14,1145421,764945,0,2425678,-2.1366014,1.6335037,8399.055,7375.012,0.0,18902.922,557802,1.0074944,10482663.0,0.019920398,560989.75,208818.819059874
Geo12,2022-02-21,125672,0,0,700773,-1.107716,0.37916172,921.518,0.0,0.0,5461.012,187891,0.29234034,11779741.0,0.01999992,560989.75,235593.87762072
Geo12,2022-02-28,1271240,0,0,130994,-1.4315581,-0.90016764,9321.651,0.0,0.0,1020.81537,799766,0.0,12989422.0,0.020044101,560989.75,260361.28649962202
Geo12,2022-03-07,922585,398839,0,0,-1.6932429,-0.41527733,6765.0605,3845.2993,0.0,0.0,33526,0.0,7815738.5,0.020064777,560989.75,156821.0500928145
Geo12,2022-03-14,1090076,1505598,0,2226385,-0.80531025,-0.23367018,7993.2256,14515.819,0.0,17349.863,1659642,0.49250782,4732887.5,0.019959152,560989.75,94464.4210114
Geo12,2022-03-21,0,224203,16416,1164306,-0.2005103,-0.82410455,0.0,2161.593,121.98605,9073.251,0,0.0,11805050.0,0.020158585,560989.75,237973.10385425
Geo12,2022-03-28,0,0,0,0,-2.243504,-1.7667489,0.0,0.0,0.0,0.0,0,0.0,15962239.0,0.019867731,560989.75,317133.470609709
Geo12,2022-04-04,655692,1073075,289241,1274106,-0.80907464,0.8215451,4808.008,10345.765,2149.328,9928.905,320117,0.0,15114188.0,0.020042138,560989.75,302920.64165394404
Geo12,2022-04-11,1236924,0,0,1004997,-0.8788222,-0.7462243,9070.021,0.0,0.0,7831.7817,298834,0.0,8223406.5,0.019944612,560989.75,164012.651960778
Geo12,2022-04-18,193904,0,0,1724175,0.1392473,-0.8016361,1421.8444,0.0,0.0,13436.221,0,0.0,8384978.5,0.019891337,560989.75,166788.43308125448
Geo12,2022-04-25,1049511,0,0,1973632,-1.7276931,-0.76611316,7695.7734,0.0,0.0,15380.199,0,2.3165178,11708204.0,0.02013044,560989.75,235691.29812976
Geo12,2022-05-02,0,0,0,95915,-1.754816,-1.6232721,0.0,0.0,0.0,747.4503,0,0.0897739,9137664.0,0.019949453,560989.75,182291.398497792
Geo12,2022-05-09,516023,189927,0,1931048,-0.61809266,-0.46881026,3783.8538,1831.1301,0.0,15048.349,0,0.0,11399306.0,0.019917363,560989.75,227044.11555007802
Geo12,2022-05-16,796834,0,0,451416,-1.311984,0.22232187,5842.963,0.0,0.0,3517.813,0,0.0,10396544.0,0.02008826,560989.75,208848.47897344
Geo12,2022-05-23,1535702,896358,460767,1314200,-1.4118986,2.0275922,11260.878,8641.995,3423.9248,10241.351,770798,0.0,9805478.0,0.019950135,560989.75,195620.60983953002
Geo12,2022-05-30,893860,644101,191934,1083776,0.0743435,1.2915174,6554.428,6209.927,1426.247,8445.693,718346,1.2393972,15325000.0,0.02014066,560989.75,308655.6145
Geo12,2022-06-06,818680,567118,0,610337,-2.4381113,-1.3253558,6003.154,5467.716,0.0,4756.259,396950,0.061163276,5060227.5,0.019971568,560989.75,101060.67761171999
Geo12,2022-06-13,1878153,590708,1512894,3808314,2.0117018,1.254551,13771.976,5695.1523,11242.201,29677.584,734362,0.16917825,12083219.0,0.020084267,560989.75,242682.59661547298
Geo12,2022-06-20,1794136,693338,228574,1633561,-0.2581925,0.645914,13155.903,6684.632,1698.5161,12730.08,924511,1.2130641,6695204.5,0.020059533,560989.75,134302.67560949852
Geo12,2022-06-27,2437828,758727,0,1024123,-1.4991213,0.3523035,17875.918,7315.0625,0.0,7980.827,1265221,1.545047,14462073.0,0.020003077,560989.75,289285.959798621
Geo12,2022-07-04,237946,0,0,1541127,0.1604152,-0.45062307,1744.7921,0.0,0.0,12009.757,189724,0.61661166,8379228.0,0.020155434,560989.75,168886.976924952
Geo12,2022-07-11,1509113,1397311,1032870,2485050,-0.07513162,0.35813898,11065.908,13471.799,7675.179,19365.598,693155,1.9765475,19537316.0,0.020030279,560989.75,391337.89039116405
Geo12,2022-07-18,0,337901,94833,414648,-0.2876696,-0.8168814,0.0,3257.7817,704.6969,3231.2856,56723,0.0,7346207.5,0.020107547,560989.75,147714.2125780025
Geo12,2022-07-25,982804,244807,0,1210742,-1.4107143,1.6199795,7206.6294,2360.241,0.0,9435.119,701804,0.0,13804080.0,0.020061279,560989.75,276927.50021832
Geo12,2022-08-01,1111816,722391,668564,3278530,1.1626192,1.6020515,8152.639,6964.739,4968.0483,25549.062,1831446,0.9469739,12371138.0,0.01996528,560989.75,246993.23408864
Geo12,2022-08-08,0,0,0,1277618,1.2462503,-1.9178752,0.0,0.0,0.0,9956.273,0,0.0,11472178.0,0.020048779,560989.75,230003.16137066198
Geo12,2022-08-15,218538,0,0,1414993,0.3108262,0.74804217,1602.4786,0.0,0.0,11026.815,483457,0.0,11886959.0,0.01999039,560989.75,237624.94632401
Geo12,2022-08-22,912288,1440049,0,2649458,1.2157538,-0.38148886,6689.5557,13883.846,0.0,20646.805,0,0.0,8026901.0,0.020230638,560989.75,162389.32839283798
Geo12,2022-08-29,474196,809282,0,1637086,-0.83623266,-0.080432594,3477.148,7802.475,0.0,12757.55,0,0.0,7737772.5,0.020176189,560989.75,156118.7603990025
Geo12,2022-09-05,749508,718292,163145,1726849,0.6031128,0.28161728,5495.9346,6925.2197,1212.3181,13457.059,1239020,0.8016417,12163068.0,0.020198954,560989.75,245681.25103087202
Geo12,2022-09-12,543074,0,658981,2835835,2.0615425,-1.9795797,3982.2112,0.0,4896.838,22099.21,0,1.4144406,7110681.5,0.019933943,560989.75,141743.9197121545
Geo12,2022-09-19,1614098,0,0,2199214,0.7360561,-0.24263826,11835.734,0.0,0.0,17138.123,1125857,0.7759891,9408982.0,0.020201484,560989.75,190075.399329288
Geo12,2022-09-26,1454032,0,226466,2812517,0.609449,1.0431917,10662.014,0.0,1682.8518,21917.496,1669023,0.3735103,9321411.0,0.019869484,560989.75,185211.626721924
Geo12,2022-10-03,305536,182517,0,2217779,0.32889998,0.806296,2240.411,1759.6886,0.0,17282.799,1321050,0.0,8218135.0,0.01994309,560989.75,163895.00593715
Geo12,2022-10-10,1116492,742218,2118282,2666676,1.8495381,2.2631083,8186.9263,7155.8955,15740.793,20780.98,1917141,0.29580784,4090948.2,0.020040493,560989.75,81984.6187654626
Geo12,2022-10-17,1436601,563415,226336,2114978,-1.3692222,0.9573438,10534.197,5432.0146,1681.8857,16481.686,1342336,1.7477634,13868903.0,0.019937137,560989.75,276506.219150711
Geo12,2022-10-24,487911,163915,407192,1997718,-1.1885016,0.20536405,3577.7163,1580.3425,3025.813,15567.898,9720,0.33935064,15560686.0,0.020020682,560989.75,311535.546107852
Geo12,2022-10-31,1768847,981849,41404,1275406,-0.69977134,1.0420055,12970.465,9466.234,307.67,9939.036,2580430,1.5466081,12448497.0,0.019937938,560989.75,248197.36137918598
Geo12,2022-11-07,1256931,689746,0,4075475,-0.103985906,0.9362366,9216.727,6650.001,0.0,31759.525,1083926,1.9774656,11193420.0,0.020085352,560989.75,224823.78078384002
Geo12,2022-11-14,389119,1355536,0,2501678,1.4955981,-0.13937092,2853.302,13069.036,0.0,19495.178,0,0.0,10969796.0,0.019957436,560989.75,218929.00160305598
Geo12,2022-11-21,1265023,162087,0,2136024,-0.37750542,0.60197693,9276.063,1562.7183,0.0,16645.693,90780,0.0,9530844.0,0.019846406,560989.75,189152.999546664
Geo12,2022-11-28,427445,859775,0,2485777,1.5207858,-0.223113,3134.3357,8289.29,0.0,19371.264,831519,0.0,6194108.5,0.019912923,560989.75,123342.80561414549
Geo12,2022-12-05,1437784,348417,433943,2506678,0.05811259,0.40682283,10542.872,3359.169,3224.5977,19534.143,346183,0.0,12615528.0,0.020125408,560989.75,253892.648135424
Geo12,2022-12-12,638284,1330664,945406,2633420,-0.1887407,1.2256616,4680.36,12829.24,7025.2407,20521.822,1786064,0.4399655,14297525.0,0.019910224,560989.75,284666.92539560003
Geo12,2022-12-19,426467,1126617,1377866,514887,-0.049515292,0.9733814,3127.1646,10861.975,10238.818,4012.4321,173962,0.0,16079565.0,0.019946141,560989.75,320725.270708665
Geo12,2022-12-26,1444741,686906,567474,910231,0.29394436,1.4202936,10593.886,6622.62,4216.8564,7093.285,1881875,0.0,13649755.0,0.020043083,560989.75,273583.172394665
Geo12,2023-01-02,1690587,309010,0,1827678,0.33693108,0.15286651,12396.606,2979.237,0.0,14242.803,571428,0.0,7884138.5,0.020074869,560989.75,158273.04756535648
Geo12,2023-01-09,220762,1224933,811129,2334330,0.73170304,-0.7034312,1618.7866,11809.863,6027.4385,18191.062,645525,1.8886667,8309208.5,0.019912051,560989.75,165453.3834216335
Geo12,2023-01-16,1370657,921390,0,1370530,-1.9462867,1.4482381,10050.648,8883.334,0.0,10680.322,992515,0.0,14336757.0,0.019941758,560989.75,285900.138598806
Geo12,2023-01-23,966757,0,0,618235,-1.4342372,-2.3164737,7088.9614,0.0,0.0,4817.8066,0,1.3462272,10232376.0,0.019942023,560989.75,204054.277536648
Geo12,2023-01-30,125026,1174453,216429,2630098,-0.19788906,1.1335064,916.78107,11323.173,1608.2675,20495.934,167150,0.5201452,11376639.0,0.020049056,560989.75,228090.87240278398
Geo12,2023-02-06,1204134,1731129,0,1063525,-1.2699498,0.27515316,8829.581,16690.217,0.0,8287.881,122455,0.0,12665328.0,0.02002909,560989.75,253674.99439151998
Geo12,2023-02-13,987823,0,0,628230,-0.24766102,-0.7676782,7243.4326,0.0,0.0,4895.696,0,0.6517595,9568531.0,0.019971423,560989.75,191097.180089613
Geo12,2023-02-20,790403,0,0,886608,-1.0319042,-0.65078545,5795.8066,0.0,0.0,6909.1943,270351,0.7693167,13005260.0,0.019983636,560989.75,259892.38192535998
Geo12,2023-02-27,130617,517048,0,1760996,-1.0429738,0.13305885,957.7783,4984.9795,0.0,13723.161,872820,0.0,13917932.0,0.020084782,560989.75,279538.63011082396
Geo12,2023-03-06,647238,0,0,868965,-0.16038905,-0.68664485,4746.017,0.0,0.0,6771.7056,0,0.0,9797183.0,0.019967526,560989.75,195625.506279258
Geo12,2023-03-13,282919,292045,0,2422412,-1.5104756,0.78521144,2074.5667,2815.6736,0.0,18877.47,0,0.0,11801647.0,0.01997058,560989.75,235685.73554526002
Geo12,2023-03-20,235279,0,0,608530,-0.51941836,-1.5722982,1725.2357,0.0,0.0,4742.177,0,0.0,6977084.0,0.019847611,560989.75,138478.449146324
Geo12,2023-03-27,0,82975,0,1888029,-1.188608,-0.15825018,0.0,799.9812,0.0,14713.109,0,0.22897917,10627583.0,0.019993631,560989.75,212483.97292387302
Geo12,2023-04-03,1980166,1180772,0,2274070,-1.767263,0.77290064,14520.009,11384.096,0.0,17721.465,0,0.7912504,14496643.0,0.020041537,560989.75,290535.007060291
Geo12,2023-04-10,1148840,991560,683542,3023974,1.132392,0.9432848,8424.126,9559.86,5079.349,23565.348,1392036,0.0,8205053.0,0.019850258,560989.75,162872.418953674
Geo12,2023-04-17,1175289,0,0,2528986,-1.2943254,0.5873616,8618.069,0.0,0.0,19707.984,916878,1.2496,7755532.0,0.019879907,560989.75,154179.25489552398
Geo12,2023-04-24,1129920,556377,0,1428572,-0.5112678,-0.19827363,8285.391,5364.1597,0.0,11132.634,0,0.0,13741035.0,0.02002686,560989.75,275189.7842001
Geo12,2023-05-01,652014,50759,312986,2092853,0.26817155,-0.38365984,4781.038,489.37927,2325.7751,16309.27,157190,0.0,8104660.0,0.02011558,560989.75,163029.9366028
Geo12,2023-05-08,505525,778028,0,1077961,-1.930834,-0.6408322,3706.8748,7501.148,0.0,8400.378,0,0.0,14218688.0,0.019979477,560989.75,284081.949866176
Geo12,2023-05-15,165033,343408,0,511100,-2.6418552,-0.6719853,1210.1412,3310.876,0.0,3982.9207,0,0.0,12349770.0,0.020039001,560989.75,247477.05337977002
Geo12,2023-05-22,324427,272676,0,123492,-0.08997458,-1.73042,2378.9333,2628.9326,0.0,962.35345,0,0.0,6217314.5,0.019947989,560989.75,124022.9212555405
Geo12,2023-05-29,887777,838554,0,522841,0.60754764,-1.958557,6509.823,8084.6934,0.0,4074.4165,0,0.61441743,11049702.0,0.019887878,560989.75,219755.12531235602
Geo12,2023-06-05,1048928,1261210,285768,3619814,1.8239031,0.7475907,7691.4985,12159.618,2123.5205,28208.635,1575883,0.68383634,8577806.0,0.020211197,560989.75,173367.726893782
Geo12,2023-06-12,1533134,708093,847783,3073304,-0.054319263,2.3989549,11242.047,6826.8887,6299.8115,23949.768,937371,1.2607794,15007381.0,0.019981999,560989.75,299877.472134619
Geo12,2023-06-19,1295930,0,0,1105872,-1.0026276,-0.98737204,9502.696,0.0,0.0,8617.884,0,0.0,12382017.0,0.019878183,560989.75,246131.999835111
Geo12,2023-06-26,1476283,1617077,1344890,3897000,0.64705473,1.3157945,10825.175,15590.614,9993.776,30368.7,2028557,2.3297033,16543748.0,0.020069607,560989.75,332026.520667036
Geo12,2023-07-03,707633,14026,648546,1819386,0.72014934,0.53401613,5188.877,135.2279,4819.2964,14178.185,538328,0.0,12291837.0,0.019945636,560989.75,245168.50657333198
Geo12,2023-07-10,2111137,0,0,1523841,-0.3527084,0.38983217,15480.383,0.0,0.0,11875.05,0,0.27622077,10771150.0,0.019969542,560989.75,215094.9323133
Geo12,2023-07-17,113943,816214,0,657098,-1.8343356,0.28852892,835.5125,7869.308,0.0,5120.66,0,0.0,6493441.5,0.019909434,560989.75,129280.744977111
Geo12,2023-07-24,1282951,0,1453334,1767865,0.32237142,0.8637815,9407.524,0.0,10799.615,13776.69,811631,1.5364239,9551727.0,0.020114543,560989.75,192128.623465761
Geo12,2023-07-31,411715,0,0,477506,-1.323967,-0.2665316,3018.992,0.0,0.0,3721.128,545489,0.0,10991314.0,0.019901875,560989.75,218747.75731375
Geo12,2023-08-07,1640212,824897,388233,3099978,0.3166241,-0.26841915,12027.22,7953.023,2884.93,24157.635,764732,2.1249986,8719662.0,0.019940142,560989.75,173871.298472004
Geo12,2023-08-14,1328796,97710,0,1103247,-0.5905533,0.9684872,9743.693,942.04474,0.0,8597.428,915040,0.61824477,8538255.0,0.019873757,560989.75,169687.20507403498
Geo12,2023-08-21,0,281901,0,1064507,0.18082142,-1.5476198,0.0,2717.8728,0.0,8295.533,0,0.0,7949200.0,0.019953737,560989.75,158616.24616039998
Geo12,2023-08-28,762720,555963,0,3857744,-0.64390635,0.001829565,5592.8145,5360.168,0.0,30062.783,0,0.11870131,10771284.0,0.020130903,560989.75,216835.673389452
Geo12,2023-09-04,1604214,1495885,2113587,3583908,2.4326952,0.5190848,11763.257,14422.174,15705.905,27928.824,1211234,1.0044314,15322651.0,0.020030506,560989.75,306920.452791406
Geo12,2023-09-11,1378062,1015546,0,3025464,0.7176876,1.0979235,10104.947,9791.114,0.0,23576.957,1420217,0.8770383,17348282.0,0.019863399,560989.75,344595.847330518
Geo12,2023-09-18,215997,344863,0,928732,-0.106346175,-1.7363069,1583.8462,3324.904,0.0,7237.4604,0,0.9972298,12050615.0,0.020066133,560989.75,241809.243321795
Geo12,2023-09-25,671287,12116,1218399,3068705,3.1351292,0.28458256,4922.3613,116.81316,9053.831,23913.928,0,0.0,10593270.0,0.01991923,560989.75,211009.7815821
Geo12,2023-10-02,648817,1297548,0,1652503,0.15324005,-1.0148113,4757.5957,12509.961,0.0,12877.692,300702,0.0,10535057.0,0.01994161,560989.75,210085.99802176998
Geo12,2023-10-09,277628,254560,557528,2103386,-0.39402583,0.07314125,2035.7693,2454.272,4142.9487,16391.352,0,0.0,10769547.0,0.019869227,560989.75,213982.574030169
Geo12,2023-10-16,403563,793371,247989,1700805,-0.5249888,0.99044144,2959.2158,7649.0737,1842.7875,13254.102,0,0.0,11922356.0,0.019838082,560989.75,236516.675961192
Geo12,2023-10-23,1913142,605310,2203613,3806192,3.5509286,1.4496979,14028.541,5835.934,16374.882,29661.049,773145,0.0,11125246.0,0.01997906,560989.75,222271.95734875998
Geo12,2023-10-30,1475241,650793,0,2255947,1.4427428,-1.7991537,10817.534,6274.446,0.0,17580.236,0,0.0,4866439.5,0.019871019,560989.75,96701.1117668505
Geo12,2023-11-06,2438070,1106086,0,2722250,0.64865506,0.7591301,17877.691,10664.031,0.0,21214.06,810268,1.7531812,15895502.0,0.01990772,560989.75,316443.20307544
Geo12,2023-11-13,1624411,1057440,934594,1996934,0.9531933,1.560363,11911.356,10195.024,6944.8975,15561.788,806981,0.0,4013322.2,0.019972196,560989.75,80154.8575895512
Geo12,2023-11-20,0,290031,358662,1859150,1.1069669,-0.38993555,0.0,2796.256,2665.1902,14488.059,0,0.0,7626982.5,0.020244306,560989.75,154402.967586645
Geo12,2023-11-27,1362975,432396,0,514291,-0.81755686,0.16027403,9994.318,4168.83,0.0,4007.7878,15145,0.06931397,11663545.0,0.01996527,560989.75,232865.82508215
Geo12,2023-12-04,643904,903265,0,2137260,-0.21141565,0.82246506,4721.57,8708.587,0.0,16655.326,1748032,0.0,14616122.0,0.020196412,560989.75,295193.221754264
Geo12,2023-12-11,809212,0,0,321623,-2.4430351,-1.2202986,5933.7275,0.0,0.0,2506.3567,985614,1.5250381,12011093.0,0.020101607,560989.75,241442.271126451
Geo12,2023-12-18,141560,0,0,1188500,0.059621736,-1.2681739,1038.0203,0.0,0.0,9261.791,0,0.0,10566353.0,0.020036424,560989.75,211711.928841672
Geo12,2023-12-25,1089306,349710,0,1810672,-1.2014382,0.915753,7987.5796,3371.635,0.0,14110.278,131477,0.0,12662825.0,0.020028891,560989.75,253622.341677075
Geo12,2024-01-01,0,669166,0,1697623,0.08924702,-1.7944928,0.0,6451.5845,0.0,13229.305,466297,0.0,7774589.0,0.01985336,560989.75,154351.71426904
Geo12,2024-01-08,1863140,324315,474579,1630586,0.8392111,0.6863897,13661.89,3126.796,3526.5608,12706.897,1458087,0.0,8210193.5,0.0200978,560989.75,165006.8269243
Geo12,2024-01-15,0,0,0,2606966,-0.2960508,-1.5391796,0.0,0.0,0.0,20315.67,0,0.0,8941670.0,0.0200767,560989.75,179519.226089
Geo13,2021-01-25,503611,0,434795,1108743,1.2738452,-0.31240645,3692.84,0.0,3230.9287,8640.257,342404,0.0,5176061.5,0.019991627,444255.62,103477.8908370605
Geo13,2021-02-01,800534,116159,0,1375659,-0.12735501,0.7200396,5870.094,1119.9159,0.0,10720.291,438591,0.5941833,10032366.0,0.020153647,444255.62,202188.762938802
Geo13,2021-02-08,57378,0,0,746141,-0.9184526,-1.3025453,420.737,0.0,0.0,5814.558,0,0.60125875,8598932.0,0.020013586,444255.62,172095.465090152
Geo13,2021-02-15,1794550,1007461,628691,3454116,1.3547295,1.4032319,13158.938,9713.165,4671.7554,26917.373,915554,2.0668547,7473118.5,0.01991467,444255.62,148824.688798395
Geo13,2021-02-22,730420,683345,110222,2428372,0.478066,0.42854586,5355.9673,6588.2876,819.0514,18923.916,497082,0.0,5818197.5,0.019861512,444255.62,115558.19946462
Geo13,2021-03-01,0,0,0,0,-0.9884727,-2.7753992,0.0,0.0,0.0,0.0,0,1.3632191,8692439.0,0.019888662,444255.62,172880.98122661802
Geo13,2021-03-08,614898,0,0,1710042,-2.9498005,-0.7503652,4508.877,0.0,0.0,13326.085,0,0.0,12955190.0,0.019832134,444255.62,256929.06407546002
Geo13,2021-03-15,0,190571,4758,2101986,1.6533326,-1.2460403,0.0,1837.3391,35.35634,16380.442,0,0.16592896,1131578.8,0.019958459,444255.62,22584.5690850692
Geo13,2021-03-22,646893,444333,0,1016132,1.7524791,-4.1138744,4743.4873,4283.9175,0.0,7918.5547,0,1.1253555,2776248.0,0.019972106,444255.62,55447.519338288
Geo13,2021-03-29,734746,570994,557570,668726,0.53630507,0.30660948,5387.689,5505.0854,4143.2607,5211.275,481123,0.0,5418808.0,0.01996943,444255.62,108210.50703944
Geo13,2021-04-05,814799,619837,882569,2099465,0.6729819,0.27422488,5974.6953,5975.992,6558.3037,16360.796,557385,1.4857266,5831825.5,0.020011557,444255.62,116703.90840730349
Geo13,2021-04-12,0,960729,0,944666,-1.04705,-0.6451492,0.0,9262.611,0.0,7361.6313,0,0.0,10157806.0,0.019903278,444255.62,202173.63668806799
Geo13,2021-04-19,455190,0,0,351184,-1.2774618,-0.7200229,3337.7822,0.0,0.0,2736.721,0,0.5343257,12166828.0,0.020146964,444255.62,245124.645710192
Geo13,2021-04-26,701184,71393,0,1463286,0.35853508,-2.7454786,5141.588,688.31647,0.0,11403.154,0,0.81035,5141176.5,0.01993525,444255.62,102490.638821625
Geo13,2021-05-03,0,0,0,1204365,0.12591141,-1.4858336,0.0,0.0,0.0,9385.424,688729,0.6907802,6681236.5,0.020112304,444255.62,134375.059583896
Geo13,2021-05-10,0,857220,0,2651228,0.91997534,-0.07873758,0.0,8264.656,0.0,20660.596,1016490,1.8837118,7408497.5,0.020012995,444255.62,148266.2234250125
Geo13,2021-05-17,0,851604,0,697262,-0.73726165,-0.87097293,0.0,8210.512,0.0,5433.6514,0,1.6979861,13954875.0,0.019961,444255.62,278553.259875
Geo13,2021-05-24,959712,134131,0,867787,-1.1253574,0.3325553,7037.3027,1293.188,0.0,6762.5254,673232,0.0,10311401.0,0.019970348,444255.62,205922.26633754798
Geo13,2021-05-31,492966,216883,116636,1434242,0.56636864,0.25984308,3614.7832,2091.0193,866.7133,11176.819,0,0.23462531,7715276.5,0.020076944,444255.62,154899.174235016
Geo13,2021-06-07,182710,0,0,2004021,0.18652235,0.35207057,1339.7618,0.0,0.0,15617.016,0,0.0,9044722.0,0.020155836,444255.62,182303.933297592
Geo13,2021-06-14,691132,1104902,0,881383,0.47752196,-0.014811754,5067.8794,10652.616,0.0,6868.477,506194,0.0,6220444.5,0.019965576,444255.62,124194.757418532
Geo13,2021-06-21,1021290,1095128,0,1188007,-0.20028907,-0.43232572,7488.837,10558.383,0.0,9257.949,326123,1.0171831,10447926.0,0.019964753,444255.62,208590.26195227797
Geo13,2021-06-28,1720061,0,864672,1745331,0.59845424,0.42507273,12612.731,0.0,6425.3125,13601.086,582937,1.4991531,9125172.0,0.020026973,444255.62,182749.573264356
Geo13,2021-07-05,1587102,383403,366730,2327626,0.45755348,0.35386133,11637.78,3696.477,2725.143,18138.818,1345569,1.1947744,11888302.0,0.020080574,444255.62,238723.928045348
Geo13,2021-07-12,1106193,1501,0,369167,-0.8432178,0.14016014,8111.407,14.471488,0.0,2876.8596,602145,0.38546228,11321196.0,0.019965932,444255.62,226038.22949467198
Geo13,2021-07-19,0,49004,0,1311511,0.9067755,-0.61195505,0.0,472.4589,0.0,10220.396,0,0.0,6632251.5,0.019936396,444255.62,132223.192275594
Geo13,2021-07-26,140497,299149,136642,1406208,0.65839213,-0.79530406,1030.2256,2884.1648,1015.3764,10958.355,390402,0.0,4564711.5,0.020030916,444255.62,91435.352620734
Geo13,2021-08-02,1683169,253909,37019,1138563,0.7637141,-0.51837224,12342.212,2447.9956,275.08542,8872.64,289896,0.40040666,9991484.0,0.020132586,444255.62,201154.410897624
Geo13,2021-08-09,1266915,596227,608234,2330937,1.0651227,-0.4157604,9289.937,5748.3623,4519.741,18164.62,0,1.8269453,7426799.0,0.019962411,444255.62,148256.814052389
Geo13,2021-08-16,0,194179,0,973737,-0.3992707,-0.780396,0.0,1872.1248,0.0,7588.177,0,0.2847438,11826608.0,0.020105293,444255.62,237777.41903614398
Geo13,2021-08-23,0,792524,0,1229752,1.0559896,-1.0019904,0.0,7640.9077,0.0,9583.261,36451,0.57577825,3653657.8,0.020073561,444255.62,73341.9227214258
Geo13,2021-08-30,1569376,116038,646435,2204086,0.6810971,0.6583046,11507.8,1118.7493,4803.6094,17176.09,755451,1.0082392,10834645.0,0.019984761,444255.62,216527.790844845
Geo13,2021-09-06,458932,946656,0,902091,-2.8023438,-0.88097245,3365.2212,9126.93,0.0,7029.8516,0,0.0,13665635.0,0.020047616,444255.62,273963.40287616
Geo13,2021-09-13,782536,841922,0,1835816,-0.4578011,1.4828222,5738.12,8117.165,0.0,14306.221,0,0.09371024,10480343.0,0.02007418,444255.62,210384.29184374
Geo13,2021-09-20,351619,564887,669465,1985474,0.91883934,0.8973839,2578.3247,5446.2065,4974.744,15472.482,426349,0.0,4409217.5,0.020049205,444255.62,88401.3055470875
Geo13,2021-09-27,439429,381645,0,871807,0.142804,-1.745559,3222.2112,3679.5278,0.0,6793.853,0,0.0,7988810.5,0.020042855,444255.62,160118.57047397748
Geo13,2021-10-04,1490162,273542,0,1893813,0.60543513,0.18420714,10926.945,2637.2817,0.0,14758.183,888504,0.45219117,4115001.0,0.01996489,444255.62,82155.54231489
Geo13,2021-10-11,1399657,1064199,931392,2508094,1.3919051,0.54629517,10263.297,10260.189,6921.1035,19545.176,586431,1.7697834,6281753.0,0.019840954,444255.62,124635.972312362
Geo13,2021-10-18,964498,243588,589281,2148586,1.5439663,0.003793538,7072.397,2348.4883,4378.9023,16743.588,518342,1.9692243,6249883.5,0.020076646,444255.62,125476.698570741
Geo13,2021-10-25,181040,362654,0,1363748,1.2494309,-0.64999485,1327.5162,3496.4312,0.0,10627.471,44629,0.0,3514631.2,0.019731985,444255.62,69350.65011893201
Geo13,2021-11-01,837442,349625,0,2221853,0.924644,1.1252053,6140.7305,3370.8154,0.0,17314.547,161306,0.06862509,3641475.5,0.020005686,444255.62,72850.21542969301
Geo13,2021-11-08,301352,0,0,1441708,0.90888,-0.17123473,2209.7307,0.0,0.0,11235.0,598376,0.000658542,7460699.5,0.02001568,444255.62,149330.97376816
Geo13,2021-11-15,1692491,899669,1504361,3212672,1.2865919,2.5576673,12410.568,8673.917,11178.793,25035.84,1069205,0.4352711,7873349.0,0.019988472,444255.62,157376.216032728
Geo13,2021-11-22,1345888,1694802,1812389,3735672,1.6791298,4.320259,9869.024,16339.978,13467.726,29111.496,1995628,0.0,6393370.5,0.019934861,444255.62,127450.95223900051
Geo13,2021-11-29,689447,168622,0,1370675,-0.61663175,-0.96313596,5055.524,1625.7238,0.0,10681.452,246554,0.0,7245649.0,0.019922711,444255.62,144352.971034439
Geo13,2021-12-06,1081535,425472,0,760073,-1.2696006,0.42509794,7930.5967,4102.074,0.0,5923.1274,157721,0.10867715,9788033.0,0.019953066,444255.62,195301.26845917798
Geo13,2021-12-13,812893,495629,0,2574342,-0.36050943,1.7488556,5960.7197,4778.474,0.0,20061.436,1052809,0.0,4144889.2,0.020063031,444255.62,83159.04051116519
Geo13,2021-12-20,403809,648818,0,1691691,-0.44881088,0.8148515,2961.0195,6255.4043,0.0,13183.078,1193726,0.0,9831999.0,0.02005819,444255.62,197212.10402181
Geo13,2021-12-27,2008846,541306,648902,2629220,-0.6735356,1.344473,14730.312,5218.8564,4821.9414,20489.092,918837,2.3573968,11094858.0,0.019944223,444255.62,221278.322105334
Geo13,2022-01-03,612332,1142236,0,1781921,1.6083875,0.090154104,4490.061,11012.562,0.0,13886.226,0,0.0,5189065.0,0.01976919,444255.62,102583.61190735
Geo13,2022-01-10,217750,535809,0,981363,-2.1402638,-1.5568722,1596.7004,5165.8584,0.0,7647.6055,0,1.2318832,16077846.0,0.020084957,444255.62,322922.845562622
Geo13,2022-01-17,1063337,27235,0,2007854,0.251484,-0.07105759,7797.156,262.57895,0.0,15646.886,376712,0.0,6533774.0,0.019872816,444255.62,129844.488487584
Geo13,2022-01-24,842037,910484,356188,1032402,-0.6354911,1.5414482,6174.424,8778.187,2646.806,8045.344,1046851,0.0,6765121.5,0.019951034,444255.62,134971.169060631
Geo13,2022-01-31,391740,0,0,1321503,1.6010578,-0.4124511,2872.521,0.0,0.0,10298.262,1017327,0.0,2634481.2,0.020220166,444255.62,53269.64718787921
Geo13,2022-02-07,1216,1322150,0,2458192,0.12320198,-0.41601276,8.916592,12747.154,0.0,19156.299,603273,0.15616085,6675039.0,0.020082919,444255.62,134054.267558841
Geo13,2022-02-14,837124,489001,103651,2177333,1.6956451,-1.3380139,6138.3984,4714.572,770.2228,16967.607,0,0.0,6448050.0,0.02003657,444255.62,129196.8051885
Geo13,2022-02-21,0,32364,0,0,-0.61229324,-2.4506643,0.0,312.0288,0.0,0.0,0,0.42131788,6990646.5,0.02009573,444255.62,140482.144589445
Geo13,2022-02-28,1641999,0,0,1554994,-1.148391,-0.32277003,12040.324,0.0,0.0,12117.82,0,1.8504606,13288423.0,0.020053461,444255.62,266478.872382003
Geo13,2022-03-07,1579943,446891,0,1198409,-0.35449693,0.03633213,11585.285,4308.5796,0.0,9339.01,49071,1.2363306,9325303.0,0.01997977,444255.62,186317.40912031
Geo13,2022-03-14,0,0,0,25790,-1.5499305,-1.5392126,0.0,0.0,0.0,200.97736,0,0.0,12253954.0,0.019894358,444255.62,243784.547791532
Geo13,2022-03-21,0,0,0,870363,-0.25161654,-1.5113026,0.0,0.0,0.0,6782.6,0,0.0,6957108.0,0.019992553,444255.62,139090.350416724
Geo13,2022-03-28,659422,0,0,1199506,-2.7092876,-0.75559103,4835.359,0.0,0.0,9347.559,968543,0.38845038,18562836.0,0.020015137,444255.62,371537.70564853196
Geo13,2022-04-04,1149206,397891,0,1586553,-0.15540016,-0.1389572,8426.809,3836.1592,0.0,12363.754,696984,0.0,4641614.0,0.020212546,444255.62,93818.836489244
Geo13,2022-04-11,827564,0,61108,1310433,0.6480238,-0.15565923,6068.2974,0.0,454.08893,10211.995,487033,0.05069086,9321672.0,0.020131798,444255.62,187662.017726256
Geo13,2022-04-18,58443,0,0,1396788,-0.2708214,-2.1202378,428.54636,0.0,0.0,10884.946,0,0.0,10408659.0,0.020060617,444255.62,208804.121682603
Geo13,2022-04-25,824027,748412,0,1744133,0.6983687,-0.9387694,6042.362,7215.6133,0.0,13591.75,0,0.0,6174316.0,0.019923307,444255.62,123012.793183012
Geo13,2022-05-02,0,0,0,950041,0.05714518,-2.9309301,0.0,0.0,0.0,7403.518,0,0.0,4362228.0,0.02003328,444255.62,87389.73494784
Geo13,2022-05-09,501819,489848,0,1809432,0.68728,1.2676666,3679.6997,4722.738,0.0,14100.615,541741,0.0,7602793.5,0.020083647,444255.62,152691.8208678945
Geo13,2022-05-16,1279063,18272,0,107040,-2.8055167,-1.2768643,9379.015,176.16458,0.0,834.1456,0,1.8116672,12919795.0,0.02004521,444255.62,258980.00393195002
Geo13,2022-05-23,270775,865973,0,77816,-0.2555791,-1.3093396,1985.5181,8349.046,0.0,606.4077,216779,0.0,8539507.0,0.01998777,444255.62,170685.70182939
Geo13,2022-05-30,0,77280,7603,2294877,0.121409,-0.04250761,0.0,745.0744,56.49732,17883.61,492337,0.11822189,10168225.0,0.01986944,444255.62,202036.936544
Geo13,2022-06-06,1108242,284851,0,725201,-1.6036336,-0.3259599,8126.432,2746.3145,0.0,5651.3755,1036024,0.0,15505990.0,0.019995669,444255.62,310052.64355731
Geo13,2022-06-13,1070662,201874,0,324580,-2.669141,-0.36985433,7850.868,1946.314,0.0,2529.4001,31736,0.0,12493757.0,0.019990781,444255.62,249759.960054217
Geo13,2022-06-20,355823,498239,472306,2119258,0.27796835,0.22385746,2609.1516,4803.6377,3509.6702,16515.04,108148,0.0,9072036.0,0.019831477,444255.62,179911.873277172
Geo13,2022-06-27,567376,161669,0,448574,-1.8751007,-1.6011555,4160.411,1558.6882,0.0,3495.6658,170320,1.7320383,13576213.0,0.020067316,444255.62,272438.156354308
Geo13,2022-07-04,1743308,660674,722547,2832908,1.1445466,0.52835727,12783.195,6369.711,5369.192,22076.4,778777,2.3648462,6659429.0,0.019967718,444255.62,132973.600313022
Geo13,2022-07-11,121788,525592,0,2307736,1.7175387,0.04995066,893.03766,5067.354,0.0,17983.818,0,0.0,2528246.5,0.019912587,444255.62,50343.928388695495
Geo13,2022-07-18,1343381,614995,677877,1353498,0.91091573,-0.5282343,9850.641,5929.309,5037.253,10547.594,587093,2.1781566,8641321.0,0.019853001,444255.62,171556.154454321
Geo13,2022-07-25,915858,0,0,373021,-0.46881074,-1.6391358,6715.733,0.0,0.0,2906.8933,448591,1.0156918,7821735.5,0.020039381,444255.62,156742.7377657255
Geo13,2022-08-01,1374550,628324,224666,1213098,-0.30574036,0.13394564,10079.195,6057.817,1669.4761,9453.479,716681,0.76617134,8742385.0,0.02012352,444255.62,175927.5593952
Geo13,2022-08-08,634943,0,0,861588,-1.0141207,0.11308818,4655.861,0.0,0.0,6714.218,586687,0.38997787,8604850.0,0.019963142,444255.62,171779.8424387
Geo13,2022-08-15,887839,430407,0,2391288,0.066005826,0.09008521,6510.2773,4149.6533,0.0,18634.926,207662,0.0,10255530.0,0.019840177,444255.62,203471.53042881002
Geo13,2022-08-22,663523,942210,0,1666852,-0.8877993,1.2719975,4865.4307,9084.065,0.0,12989.512,802203,0.010435045,8783495.0,0.02001919,444255.62,175838.45526905
Geo13,2022-08-29,603382,808462,413142,2256189,0.80632734,1.0632257,4424.433,7794.5693,3070.027,17582.12,1260047,1.4980152,7639797.5,0.02008379,444255.62,153436.088632525
Geo13,2022-09-05,1059455,793696,0,2191096,0.65126586,-0.9177706,7768.69,7652.207,0.0,17074.861,6078,1.9065609,12885666.0,0.019889247,444255.62,256286.19383350198
Geo13,2022-09-12,733381,205468,0,1420554,0.101637304,1.0547686,5377.68,1980.9645,0.0,11070.151,380658,0.010173898,9598511.0,0.019943971,444255.62,191432.42502718102
Geo13,2022-09-19,1002598,962905,815760,2723561,1.3196065,0.9833919,7351.7734,9283.59,6061.851,21224.275,556886,0.0,2877119.2,0.019974522,444255.62,57469.080757022406
Geo13,2022-09-26,638438,0,0,1590385,0.25994235,-0.5894916,4681.489,0.0,0.0,12393.617,0,0.34925634,9039940.0,0.019933233,444255.62,180195.23032602
Geo13,2022-10-03,903445,272211,0,1956442,-0.5188416,0.8230526,6624.712,2624.4492,0.0,15246.24,817108,0.31561828,11072119.0,0.020020423,444255.62,221668.505886337
Geo13,2022-10-10,783476,355256,558443,1712354,2.2830925,0.087706715,5745.0127,3425.1052,4149.7476,13344.102,749582,1.4555598,5171348.0,0.02003744,444255.62,103620.57526912
Geo13,2022-10-17,1434104,409658,2044472,3103819,1.5343995,0.97724366,10515.888,3949.6077,15192.317,24187.566,845855,2.0094693,7781771.5,0.019989496,444255.62,155553.69027216398
Geo13,2022-10-24,802842,272779,991049,1718684,1.8611903,-1.1480111,5887.018,2629.9255,7364.41,13393.43,934684,0.4606834,1896406.5,0.020000327,444255.62,37928.7501249255
Geo13,2022-10-31,752174,1186380,10505,1661090,0.28456998,0.5558164,5515.4834,11438.164,78.06186,12944.609,0,0.001846373,6264246.0,0.020119138,444255.62,126031.22973994802
Geo13,2022-11-07,512402,1216326,7691,1354168,-0.94197583,1.3690383,3757.302,11726.881,57.151237,10552.815,1279090,0.65378356,12158210.0,0.020088794,444255.62,244243.77609874
Geo13,2022-11-14,1191053,964839,0,2789527,-1.511627,2.4204922,8733.662,9302.236,0.0,21738.338,453680,0.0,10386862.0,0.020023014,444255.62,207976.283242068
Geo13,2022-11-21,1586614,52353,316948,2886840,0.6144586,-0.9473996,11634.201,504.7474,2355.2168,22496.684,814712,2.6622648,10974202.0,0.020035379,444255.62,219872.296292558
Geo13,2022-11-28,757683,938686,0,1869908,0.3907035,1.2217476,5555.8794,9050.089,0.0,14571.895,911442,0.0,8643074.0,0.01996373,444255.62,172547.99570601998
Geo13,2022-12-05,365882,919032,0,1868329,-0.17070723,-0.08096862,2682.9116,8860.6,0.0,14559.59,0,0.0,11617394.0,0.019838383,444255.62,230470.31163390202
Geo13,2022-12-12,412865,219646,0,1156954,-0.03269893,-1.0700868,3027.4248,2117.658,0.0,9015.958,444712,0.0,5525985.5,0.019988868,444255.62,110458.194729414
Geo13,2022-12-19,264306,210093,735175,1996424,-0.06205973,0.058661282,1938.0828,2025.5553,5463.03,15557.814,0,1.7702138,10135735.0,0.020036267,444255.62,203082.292701245
Geo13,2022-12-26,532825,229807,0,873182,-0.4465751,-0.3592401,3907.0583,2215.6226,0.0,6804.568,72848,0.36822566,7532914.0,0.019996477,444255.62,150631.741543978
Geo13,2023-01-02,1358248,0,0,1251318,0.62056476,-1.1185277,9959.657,0.0,0.0,9751.322,264604,1.0339576,5063822.5,0.020026252,444255.62,101409.38546827
Geo13,2023-01-09,622268,763684,0,1188301,1.0576698,-0.6061633,4562.919,7362.8545,0.0,9260.24,67552,0.47868508,3994163.8,0.019931179,444255.62,79608.39365312019
Geo13,2023-01-16,0,0,0,872659,0.32334027,-2.845256,0.0,0.0,0.0,6800.4927,0,0.13382816,12405011.0,0.019995924,444255.62,248049.65717516403
Geo13,2023-01-23,421479,1160636,0,1736104,0.64788353,-0.5290742,3090.5889,11189.96,0.0,13529.182,0,0.0,8312318.0,0.020079663,444255.62,166908.544188834
Geo13,2023-01-30,0,357621,0,1306672,-0.86978054,-0.5537473,0.0,3447.9067,0.0,10182.686,0,0.0,10503060.0,0.019954497,444255.62,209583.27926082
Geo13,2023-02-06,5601,202499,0,475896,-0.3716346,-1.0710447,41.070583,1952.3397,0.0,3708.5815,32679,0.0,8931206.0,0.01994719,444255.62,178152.46301114
Geo13,2023-02-13,1574953,905222,0,275004,-0.6153167,1.3049568,11548.694,8727.455,0.0,2143.0623,0,0.0,8485761.0,0.020031037,444255.62,169978.592564157
Geo13,2023-02-20,429435,0,0,51673,-0.5556258,-1.5497336,3148.928,0.0,0.0,402.67944,0,0.0,7958496.0,0.02011723,444255.62,160102.89448608
Geo13,2023-02-27,996902,102629,0,258102,-3.7545688,0.36886722,7310.0063,989.4699,0.0,2011.3478,234395,0.9162731,15222990.0,0.020031909,444255.62,304945.55038791
Geo13,2023-03-06,0,0,0,421160,-0.53878,-1.2510995,0.0,0.0,0.0,3282.0327,0,0.24954903,8871485.0,0.019934034,444255.62,176844.48362049
Geo13,2023-03-13,0,0,0,128124,-0.70413053,-2.208786,0.0,0.0,0.0,998.4499,0,0.0,4183821.2,0.020089071,444255.62,84049.0811381052
Geo13,2023-03-20,332294,552725,0,1757248,-0.7966651,0.28859413,2436.62,5328.9497,0.0,13693.953,805044,0.0,10316271.0,0.019806685,444255.62,204331.130071635
Geo13,2023-03-27,0,396295,0,556904,-0.1446963,-0.8074119,0.0,3820.7717,0.0,4339.864,0,0.0,10143868.0,0.019905133,444255.62,201915.041674444
Geo13,2023-04-03,1114924,505081,0,787112,-3.1159248,0.53304195,8175.429,4869.603,0.0,6133.8384,24435,1.2829201,19606476.0,0.020035753,444255.62,392830.510336428
Geo13,2023-04-10,1354510,160794,0,1453618,0.5803802,-1.3655756,9932.247,1550.2521,0.0,11327.813,0,0.49059135,9185734.0,0.020108383,444255.62,184710.257408122
Geo13,2023-04-17,2248834,1342917,0,2876109,-0.13903189,1.2772772,16490.076,12947.374,0.0,22413.059,532678,1.6731428,11722062.0,0.02006643,444255.62,235219.93657866
Geo13,2023-04-24,615749,276963,0,343235,0.015086532,-0.7731264,4515.117,2670.2644,0.0,2674.7754,0,0.0,9760803.0,0.020005396,444255.62,195268.72929298802
Geo13,2023-05-01,988810,65026,833408,2835969,2.1622143,0.24005848,7250.67,626.9307,6192.992,22100.254,902004,1.5700985,3969018.8,0.019941831,444255.62,79149.5021454228
Geo13,2023-05-08,82655,703866,0,2375250,1.0803466,-0.7087341,606.08624,6786.135,0.0,18509.943,0,0.0,2282214.0,0.020220697,444255.62,46147.957783157995
Geo13,2023-05-15,177480,99500,0,722158,-0.76224613,-0.690708,1301.4117,959.30255,0.0,5627.662,0,0.0,11114398.0,0.019970512,444255.62,221960.218631776
Geo13,2023-05-22,670109,514532,126888,1803315,0.1630854,0.5076292,4913.724,4960.722,942.89514,14052.946,0,0.0,8198468.0,0.020172719,444255.62,165385.391194492
Geo13,2023-05-29,0,0,0,931811,-0.43395254,-1.9654499,0.0,0.0,0.0,7261.4546,0,0.42087603,9721158.0,0.019845517,444255.62,192921.406348686
Geo13,2023-06-05,616642,824838,0,2127487,1.3364505,-0.2964723,4521.665,7952.454,0.0,16579.168,271226,0.37097198,4490665.5,0.02010969,444255.62,90305.89109869499
Geo13,2023-06-12,0,0,0,22570,-2.6585026,0.055276662,0.0,0.0,0.0,175.8844,0,0.0,11465066.0,0.019926118,444255.62,228454.257993788
Geo13,2023-06-19,854063,0,0,1623674,-1.0992002,0.7415177,6262.6074,0.0,0.0,12653.032,607621,0.0,8479059.0,0.019961445,444255.62,169254.26988025501
Geo13,2023-06-26,786748,1629923,454298,2287586,-1.03216,2.1150675,5769.0054,15714.465,3375.854,17826.793,727670,0.8078588,13370250.0,0.019949423,444255.62,266728.77286575
Geo13,2023-07-03,598775,0,0,710814,-0.8623617,-1.4702888,4390.6514,0.0,0.0,5539.26,0,0.5590329,12675641.0,0.020061664,444255.62,254294.450726624
Geo13,2023-07-10,561054,0,0,1221712,-0.8930665,0.2851227,4114.0537,0.0,0.0,9520.607,250758,1.0332153,13218220.0,0.020119786,444255.62,265947.75770092
Geo13,2023-07-17,0,0,0,788795,-1.0118096,-1.0449251,0.0,0.0,0.0,6146.9536,124914,0.0,8836016.0,0.020148221,444255.62,178030.003127536
Geo13,2023-07-24,1571898,177590,375863,1066828,-0.78709733,1.5761907,11526.293,1712.1863,2793.0095,8313.62,439171,0.0,10377656.0,0.019890677,444255.62,206418.603513112
Geo13,2023-07-31,261260,1447945,544714,709203,-0.31590477,0.16388851,1915.7472,13959.973,4047.7285,5526.706,603956,0.0,11542071.0,0.020103943,444255.62,232041.137485953
Geo13,2023-08-07,1849862,0,741066,2650519,1.820902,-0.83402246,13564.526,0.0,5506.8057,20655.072,671774,2.900675,3855055.2,0.020053973,444255.62,77309.1728943096
Geo13,2023-08-14,1524880,568583,850818,2529982,0.080742896,0.32545823,11181.523,5481.8403,6322.364,19715.746,537028,1.593092,6486474.0,0.019924218,444255.62,129237.92202733201
Geo13,2023-08-21,858292,91118,0,1708908,0.16596842,-0.09578052,6293.6177,878.48975,0.0,13317.247,492870,0.0,9159581.0,0.020060858,444255.62,183749.053780498
Geo13,2023-08-28,707964,0,805726,2710764,1.0837189,0.9950869,5191.304,0.0,5987.289,21124.553,247224,2.44419,9323710.0,0.019986818,444255.62,186351.29485478
Geo13,2023-09-04,721908,855808,1875051,3193580,2.737258,1.7354529,5293.5513,8251.043,13933.362,24887.06,832621,1.314669,3546010.0,0.019983713,444255.62,70862.44613513
Geo13,2023-09-11,544077,702772,552792,2749095,1.1795157,2.0773466,3989.566,6775.5874,4107.7554,21423.258,700812,0.0,7833563.5,0.019930607,444255.62,156127.6755280445
Geo13,2023-09-18,803921,911600,0,1042109,0.22981542,-1.1823633,5894.93,8788.947,0.0,8120.989,0,0.0,6368313.5,0.02006151,444255.62,127757.98496338501
Geo13,2023-09-25,1272466,671307,0,1420460,0.4980483,1.1981086,9330.641,6472.226,0.0,11069.418,60711,0.3117588,5646949.5,0.019938117,444255.62,112589.53982409151
Geo13,2023-10-02,840811,912928,1602311,2526994,1.3088386,1.4953358,6165.4346,8801.75,11906.652,19692.463,248888,0.7126591,6656812.5,0.01998757,444255.62,133053.505820625
Geo13,2023-10-09,0,643909,0,1659726,-0.7119445,-0.52521825,0.0,6208.076,0.0,12933.98,0,0.25496015,8367673.0,0.020211505,444255.62,169123.26467786502
Geo13,2023-10-16,1401172,1058759,1162879,3603802,0.99437606,2.4483557,10274.406,10207.741,8641.266,28083.854,925081,2.4265609,4345846.5,0.019992039,444255.62,86882.3327160135
Geo13,2023-10-23,657641,524892,0,1715124,-0.09662461,0.06482279,4822.2993,5060.6055,0.0,13365.688,1035674,1.2259728,11199296.0,0.020017173,444255.62,224178.24551020798
Geo13,2023-10-30,304078,89907,0,7732,-0.5502402,-2.0984976,2229.7197,866.8142,0.0,60.254242,0,0.0,8191696.0,0.019993804,444255.62,163783.164251584
Geo13,2023-11-06,844339,350500,64650,870659,-0.19025916,0.1466428,6191.304,3379.2517,480.40924,6784.9067,967140,0.0,10814634.0,0.02002418,444255.62,216554.17785012
Geo13,2023-11-13,2134132,401193,1393297,2462305,0.60019946,2.052214,15648.999,3867.9944,10353.485,19188.35,554053,1.2229867,8583701.0,0.019824704,444255.62,170169.331549504
Geo13,2023-11-20,1036282,515892,12490,1029750,0.29216766,-1.6848545,7598.769,4973.834,92.81224,8024.6777,754783,1.7826169,4457069.5,0.020047497,444255.62,89353.0874300415
Geo13,2023-11-27,1345933,877232,708030,1885824,0.36475933,1.7468308,9869.354,8457.597,5261.3174,14695.926,571677,0.7245263,7836467.5,0.020066077,444255.62,157247.16026299752
Geo13,2023-12-04,1032475,530497,0,1349757,-1.5671359,1.4600352,7570.8535,5114.6445,0.0,10518.441,111169,0.15031262,16011632.0,0.020098867,444255.62,321815.662020944
Geo13,2023-12-11,395349,0,0,1409465,-0.6140042,-2.2954545,2898.9849,0.0,0.0,10983.736,0,2.0347648,11103323.0,0.019912466,444255.62,221094.541724518
Geo13,2023-12-18,326969,875909,208229,2193366,0.49077368,1.4364765,2397.5732,8444.841,1547.334,17092.553,1271374,0.0,10630144.0,0.019955112,444255.62,212125.714096128
Geo13,2023-12-25,391884,997588,188128,2101354,0.4961495,1.1194037,2873.577,9617.977,1397.965,16375.517,706506,0.0,4255513.0,0.020042287,444255.62,85290.21287823099
Geo13,2024-01-01,1943958,616191,0,1941498,1.1884968,-0.08655754,14254.506,5940.84,0.0,15129.784,337245,1.2246795,9073104.0,0.020107483,444255.62,182437.28443723198
Geo13,2024-01-08,993983,0,0,1252418,-0.20680094,-0.9072835,7288.602,0.0,0.0,9759.894,172469,0.92958647,5381454.5,0.019938637,444255.62,107298.8678075165
Geo13,2024-01-15,296490,361494,0,2158874,-0.98870015,0.079304814,2174.079,3485.2473,0.0,16823.76,0,0.5373459,12305039.0,0.019814644,444255.62,243819.96719111598
Geo14,2021-01-25,0,0,0,2231567,-0.7945945,-1.4088103,0.0,0.0,0.0,17390.246,0,0.0,17995878.0,0.020038515,765448.1,360610.67124116997
Geo14,2021-02-01,2143396,830941,0,4218578,0.28020394,1.9460647,15716.929,8011.2944,0.0,32874.707,2681267,0.0,7967454.0,0.020017741,765448.1,159490.430601414
Geo14,2021-02-08,1092218,3337213,585301,3634110,-0.22830087,0.94855905,8008.932,32174.844,4349.3276,28320.04,2356260,0.0,11261530.0,0.020003537,765448.1,225270.43203161
Geo14,2021-02-15,1320632,0,0,2502738,1.6847156,-0.7865919,9683.829,0.0,0.0,19503.438,0,0.0,10821741.0,0.019997442,765448.1,216407.137986522
Geo14,2021-02-22,1872904,646677,727550,3422827,1.5227451,-0.09875205,13733.487,6234.7627,5406.369,26673.545,0,0.0,8052304.5,0.019917106,765448.1,160378.60227077702
Geo14,2021-03-01,1670247,312950,0,778075,-1.310523,-1.0732651,12247.459,3017.2234,0.0,6063.4146,0,0.23059162,23403446.0,0.020200405,765448.1,472759.08759563003
Geo14,2021-03-08,0,0,0,1316794,-0.44599366,-1.4119524,0.0,0.0,0.0,10261.566,0,0.0,15547721.0,0.01984755,765448.1,308584.16993355
Geo14,2021-03-15,860849,1345214,115879,1613901,0.31983677,0.6691929,6312.3677,12969.52,861.0881,12576.873,318186,0.0,16830628.0,0.020047454,765448.1,337411.240621112
Geo14,2021-03-22,0,655882,812211,1886641,0.9808986,-0.19777763,0.0,6323.51,6035.4785,14702.292,2033068,0.0,8229936.0,0.01992689,765448.1,163997.02937904
Geo14,2021-03-29,316926,485486,0,286619,-2.254837,0.59198177,2323.9304,4680.683,0.0,2233.5762,1029192,0.0,19309770.0,0.020110803,765448.1,388334.98044531
Geo14,2021-04-05,876959,357903,0,3386421,-0.1527968,-0.14367682,6430.4976,3450.6257,0.0,26389.838,0,1.5579438,14190882.0,0.019914407,765448.1,282602.99983697396
Geo14,2021-04-12,0,26424,0,2575988,-1.0976491,0.7103425,0.0,254.7599,0.0,20074.264,1413498,0.0,10680769.0,0.019788917,765448.1,211360.851237173
Geo14,2021-04-19,0,113532,0,1061948,0.2468288,-1.6210968,0.0,1094.5883,0.0,8275.592,0,0.0,13660785.0,0.01984612,765448.1,271113.5784042
Geo14,2021-04-26,466021,1371894,0,1737922,0.08345261,-2.7303803,3417.203,13226.748,0.0,13543.349,0,0.0,13335315.0,0.019978613,765448.1,266421.097618095
Geo14,2021-05-03,1032433,0,0,1765176,-0.26770467,-0.48059896,7570.5454,0.0,0.0,13755.735,1057953,1.1419606,19246906.0,0.020075072,765448.1,386383.023727232
Geo14,2021-05-10,0,1356221,0,3482878,-0.22692174,-1.2610878,0.0,13075.641,0.0,27141.512,1732408,0.46727037,13569453.0,0.019945009,765448.1,270642.862210077
Geo14,2021-05-17,74779,2044514,385435,2958359,0.3790657,0.26323038,548.3337,19711.633,2864.1382,23054.02,1819270,0.23610014,13759590.0,0.020078756,765448.1,276275.45027004
Geo14,2021-05-24,1645302,747020,0,2415539,-0.9042577,0.28249145,12064.544,7202.193,0.0,18823.91,865938,0.7315769,16428123.0,0.020010373,765448.1,328732.868919879
Geo14,2021-05-31,2306216,0,0,3017730,-2.2750704,0.92541003,16910.844,0.0,0.0,23516.688,866421,1.5223875,19326306.0,0.019965889,765448.1,385866.880376034
Geo14,2021-06-07,1086610,2281619,172770,3870756,-0.5648619,0.61934066,7967.8105,21997.617,1283.8407,30164.184,515228,0.0,12638248.0,0.02006538,765448.1,253591.24865424001
Geo14,2021-06-14,2528614,0,15974,2170226,0.99040794,-1.4429612,18541.627,0.0,118.701584,16912.227,789208,0.0,8583596.0,0.02008998,765448.1,172444.27196808
Geo14,2021-06-21,1036935,1078437,0,1308647,-0.3533076,0.22498208,7603.5576,10397.461,0.0,10198.077,693287,0.0,13961844.0,0.019990996,765448.1,279111.167556624
Geo14,2021-06-28,0,99147,0,2020266,0.62427306,-0.40285245,0.0,955.8992,0.0,15743.611,0,0.0,14659834.0,0.019940516,765448.1,292324.654434344
Geo14,2021-07-05,19248,539599,0,943448,2.1022108,-1.5815493,141.14024,5202.399,0.0,7352.14,446374,0.0,14541596.0,0.019835912,765448.1,288445.818595552
Geo14,2021-07-12,832137,0,0,3213093,0.6383441,0.378354,6101.83,0.0,0.0,25039.121,0,0.0,12412071.0,0.020045416,765448.1,248805.126616536
Geo14,2021-07-19,553478,1068017,0,3037450,0.147156,0.406718,4058.501,10296.999,0.0,23670.363,554747,1.0847259,14044753.0,0.019879421,765448.1,279201.557728013
Geo14,2021-07-26,0,0,605079,2718519,1.5580041,-0.5856272,0.0,0.0,4496.2964,21184.984,220212,0.0,11922776.0,0.020192582,765448.1,240751.632047632
Geo14,2021-08-02,680969,1070328,276095,1034145,0.22684124,-0.15954056,4993.357,10319.28,2051.641,8058.927,194167,0.0,11500573.0,0.020025473,765448.1,230304.41409602898
Geo14,2021-08-09,544579,1267574,397558,3806451,-0.09453665,1.2343285,3993.247,12220.974,2954.2234,29663.066,0,0.53386456,18722258.0,0.019981343,765448.1,374095.85883249395
Geo14,2021-08-16,1181195,0,0,2860041,-0.5113411,-1.8481268,8661.376,0.0,0.0,22287.844,0,0.0,23120072.0,0.020000625,765448.1,462415.890045
Geo14,2021-08-23,1833734,766964,0,2485348,0.52980006,-0.004034877,13446.264,7394.4775,0.0,19367.92,1992175,0.47083813,8274902.5,0.019924061,765448.1,164869.6621790525
Geo14,2021-08-30,1098057,911814,1841695,4130092,0.96105444,0.8201218,8051.748,8791.01,13685.496,32185.148,634888,0.018328965,11250324.0,0.019854277,765448.1,223367.049035748
Geo14,2021-09-06,0,1001230,0,104552,-1.2980182,-2.31882,0.0,9653.09,0.0,814.7571,0,0.0,22992938.0,0.01991891,765448.1,457994.26265758
Geo14,2021-09-13,358415,1869090,2788395,4301556,2.0650773,1.6810784,2628.158,18020.33,20720.352,33521.34,0,0.0,8775377.0,0.020081045,765448.1,176218.740428965
Geo14,2021-09-20,213231,886359,0,3306061,-1.2407827,-0.8246882,1563.5638,8545.592,0.0,25763.605,0,1.8505669,21529414.0,0.019923711,765448.1,428945.822535354
Geo14,2021-09-27,2052389,338903,813971,3366385,1.3846093,2.9495664,15049.6,3267.4421,6048.557,26233.701,2490315,0.0,3821942.0,0.020107096,765448.1,76848.154700432
Geo14,2021-10-04,1890620,1120550,1143451,3181434,0.21736652,1.4124235,13863.393,10803.482,8496.898,24792.408,1441910,0.0,10393118.0,0.02003278,765448.1,208203.04640804
Geo14,2021-10-11,756172,1074822,0,2726216,0.12924284,-0.57841897,5544.8,10362.608,0.0,21244.967,0,0.0,17248110.0,0.020028632,765448.1,345456.04788552003
Geo14,2021-10-18,1887568,726391,715841,2935348,1.0798674,-0.5536586,13841.014,7003.304,5319.3604,22874.697,30361,0.3083582,8756818.0,0.020131415,765448.1,176287.13723747
Geo14,2021-10-25,1515658,820365,0,3459320,0.8608848,-0.16014925,11113.9,7909.329,0.0,26957.928,0,0.0,9064287.0,0.020024078,765448.1,181503.989902386
Geo14,2021-11-01,2209840,309537,0,3837676,-0.20476973,2.384663,16204.145,2984.318,0.0,29906.396,1026974,0.0,9920335.0,0.020122232,765448.1,199619.28238772
Geo14,2021-11-08,639632,0,0,485845,-1.3439758,0.22387755,4690.2446,0.0,0.0,3786.1125,799663,0.0,21877508.0,0.01995457,765448.1,436556.26481156005
Geo14,2021-11-15,3451527,1206086,702896,4664409,-0.39010203,0.9677827,25309.092,11628.154,5223.167,36348.996,1320141,1.1686342,16028229.0,0.019943284,765448.1,319655.522964036
Geo14,2021-11-22,1359646,1257989,160919,3706362,1.5143672,1.5079151,9969.908,12128.563,1195.7769,28883.088,1773918,0.0,14194684.0,0.019987753,765448.1,283719.837705052
Geo14,2021-11-29,425194,0,0,926320,-1.200543,-1.1548866,3117.83,0.0,0.0,7218.664,0,0.0,14206844.0,0.019854322,765448.1,282067.25537976803
Geo14,2021-12-06,1255162,772886,526275,1734938,1.6704743,-0.0658195,9203.755,7451.573,3910.7097,13520.095,435717,0.59850085,10429474.0,0.019980429,765448.1,208385.364764346
Geo14,2021-12-13,1685571,1507042,0,2736133,-1.50404,1.2786915,12359.825,14529.741,0.0,21322.248,2265750,2.1098285,13332962.0,0.019929284,765448.1,265716.38625920797
Geo14,2021-12-20,3854058,1586039,3004607,7635147,1.0577489,2.1968138,28260.74,15291.369,22327.008,59499.484,1056024,1.7126354,13780024.0,0.020091062,765448.1,276855.316545488
Geo14,2021-12-27,2536986,214300,0,1620045,0.7907578,-1.2783432,18603.016,2066.116,0.0,12624.752,2176129,1.8308667,20641236.0,0.020044357,765448.1,413740.303305252
Geo14,2022-01-03,368097,1938100,1319756,3270080,1.7827256,1.0985725,2699.1536,18685.67,9807.007,25483.213,2209065,0.0,7024078.0,0.019965598,765448.1,140239.91766864402
Geo14,2022-01-10,881070,825094,0,2993219,-0.12126267,0.5968035,6460.6426,7954.9224,0.0,23325.678,1426484,0.296871,12481670.0,0.019872915,765448.1,248047.16696805
Geo14,2022-01-17,686990,835567,0,2846870,0.027756274,-0.5167068,5037.5073,8055.895,0.0,22185.203,0,0.0,13538105.0,0.019932825,765448.1,269852.677796625
Geo14,2022-01-24,803077,428197,0,1113582,-1.7623807,1.2947593,5888.7417,4128.3467,0.0,8677.967,504285,0.0,8904678.0,0.020183912,765448.1,179731.237140336
Geo14,2022-01-31,41900,578175,0,1346694,-0.32970673,-0.09761068,307.2411,5574.319,0.0,10494.572,0,0.0,13236990.0,0.020183958,765448.1,267174.85020642
Geo14,2022-02-07,766386,1443546,0,1983504,1.1629465,-0.44269055,5619.6963,13917.561,0.0,15457.13,1502405,0.70092046,18898624.0,0.019948086,765448.1,376991.376833664
Geo14,2022-02-14,778987,1274318,0,4001066,-0.8238829,2.271266,5712.096,12285.995,0.0,31179.67,0,0.0,10980760.0,0.02001345,765448.1,219762.89122199998
Geo14,2022-02-21,0,0,689764,2613668,0.9280219,-0.12498677,0.0,0.0,5125.584,20367.898,0,0.0,12688054.0,0.02008955,765448.1,254897.2952357
Geo14,2022-02-28,553745,650560,0,3770581,-0.336972,-0.7562046,4060.4587,6272.1997,0.0,29383.535,0,0.21594846,14358877.0,0.020069998,765448.1,288182.63267224596
Geo14,2022-03-07,0,0,0,0,-1.8103368,-2.4367197,0.0,0.0,0.0,0.0,0,0.0,22800990.0,0.019833893,765448.1,452232.39595407
Geo14,2022-03-14,4210986,1819833,2162337,4040988,1.6052492,1.2750442,30877.994,17545.432,16068.163,31490.773,3815910,1.4653137,5201376.5,0.020000782,765448.1,104031.597476423
Geo14,2022-03-21,211920,864259,0,2860640,-0.19971979,-0.04944983,1553.9508,8332.521,0.0,22292.512,844429,0.0,13696065.0,0.02004557,765448.1,274545.42968204996
Geo14,2022-03-28,367822,567015,0,1644258,-0.05051267,-1.3126789,2697.137,5466.723,0.0,12813.44,1507382,0.0,18520104.0,0.02001196,765448.1,370623.58044383995
Geo14,2022-04-04,2565580,0,0,1192805,-1.4835136,-0.37883177,18812.688,0.0,0.0,9295.339,161281,0.4048127,16636380.0,0.019917246,765448.1,331350.87300948
Geo14,2022-04-11,1603253,0,0,3406856,0.9241968,0.06539428,11756.21,0.0,0.0,26549.086,986861,0.0,17706386.0,0.019801134,765448.1,350606.52184172405
Geo14,2022-04-18,0,0,0,0,-1.2663921,-3.263442,0.0,0.0,0.0,0.0,0,0.0,19756704.0,0.0199538,765448.1,394221.3202752
Geo14,2022-04-25,0,0,224230,1421916,1.02688,-1.2466458,0.0,0.0,1666.2361,11080.765,0,0.0,12830568.0,0.019987643,765448.1,256452.812671224
Geo14,2022-05-02,0,570554,653116,3683010,0.93123305,1.4204539,0.0,5500.843,4853.2554,28701.11,1479400,0.0,11872701.0,0.020019172,765448.1,237681.64342357198
Geo14,2022-05-09,490787,0,375527,2892201,0.47700182,-0.56567544,3598.8052,0.0,2790.5127,22538.463,0,0.0,9249205.0,0.020147754,765448.1,186350.70703557
Geo14,2022-05-16,592868,369584,0,208226,-3.9493327,-0.5592997,4347.337,3563.245,0.0,1622.672,0,0.16103914,25030736.0,0.02004671,765448.1,501783.90567855997
Geo14,2022-05-23,1963330,1174818,0,2538448,-1.5111479,-0.08222854,14396.555,11326.692,0.0,19781.72,0,0.0,16548826.0,0.019897167,765448.1,329274.754575942
Geo14,2022-05-30,0,0,0,2183584,-0.5756074,-1.3360292,0.0,0.0,0.0,17016.322,0,0.21476728,17097790.0,0.020053787,765448.1,342875.43883073
Geo14,2022-06-06,819597,887907,0,2557890,0.31981003,-1.0090332,6009.878,8560.517,0.0,19933.229,561249,1.4641126,11899857.0,0.020033117,765448.1,238391.227564269
Geo14,2022-06-13,788158,2848422,675731,2351988,-0.12607026,1.7228703,5779.3447,27462.297,5021.306,18328.668,1392178,0.0,11303750.0,0.02000719,765448.1,226156.2739625
Geo14,2022-06-20,1970663,805091,0,2377336,-1.2266738,-0.38848728,14450.326,7762.0684,0.0,18526.2,548957,1.5606838,13562197.0,0.019917108,765448.1,270119.742366276
Geo14,2022-06-27,1247632,1201438,0,0,-2.8205972,-1.438551,9148.54,11583.342,0.0,0.0,0,0.0,15522264.0,0.020015715,765448.1,310689.21237876
Geo14,2022-07-04,363508,808369,0,3308707,0.026515797,-2.1688519,2665.5034,7793.6724,0.0,25784.227,1664820,2.708109,14263054.0,0.020053454,765448.1,286023.49728851597
Geo14,2022-07-11,1111577,208574,0,744111,0.7180041,-0.931381,8150.8867,2010.9103,0.0,5798.7383,859023,0.0,17392188.0,0.020159738,765448.1,350621.953326744
Geo14,2022-07-18,1837643,253969,365477,3113412,0.4278319,0.08561582,13474.927,2448.574,2715.832,24262.324,0,0.2735831,9933499.0,0.020066345,765448.1,199329.017991155
Geo14,2022-07-25,0,427224,0,1707939,1.5065731,-1.1407151,0.0,4118.9653,0.0,13309.696,157879,0.0,13928758.0,0.019986153,765448.1,278382.288487974
Geo14,2022-08-01,2192688,1052230,2489008,4201020,1.9244792,0.4736721,16078.374,10144.793,18495.63,32737.879,1071134,0.9164871,3991819.0,0.019907001,765448.1,79465.144824819
Geo14,2022-08-08,2223790,1949619,3606547,2804667,1.9725786,2.5626233,16306.436,18796.729,26799.979,21856.322,611578,0.6346915,3646452.0,0.020162383,765448.1,73521.161815116
Geo14,2022-08-15,1894637,1042902,800329,2509404,1.0957052,-0.1567733,13892.849,10054.86,5947.1846,19555.387,0,0.28273243,12607224.0,0.019815227,765448.1,249815.005399848
Geo14,2022-08-22,2907454,957982,958666,3741349,1.1386478,0.025044441,21319.557,9236.126,7123.7744,29155.736,1906710,1.9464133,11142876.0,0.019837212,765448.1,221043.593501712
Geo14,2022-08-29,2151550,593916,1415871,4330470,1.3747538,0.60616344,15776.72,5726.0815,10521.23,33746.66,1310315,0.0,10030040.0,0.020129297,765448.1,201897.65408188
Geo14,2022-09-05,2219079,1276296,0,4014480,-1.1334131,0.033738375,16271.892,12305.065,0.0,31284.201,46583,0.74710405,14414594.0,0.020036262,765448.1,288814.582007628
Geo14,2022-09-12,2216359,0,2433835,3727784,0.91913307,2.4440284,16251.947,0.0,18085.645,29050.025,1180489,1.6294045,4457418.5,0.01988438,765448.1,88633.00327303
Geo14,2022-09-19,923133,409763,1489525,4246532,2.2400308,0.553705,6769.0786,3950.62,11068.548,33092.547,1675114,0.0,5968974.0,0.020134743,765448.1,120183.757463682
Geo14,2022-09-26,56945,0,975585,5912228,1.6419003,1.0868266,417.56192,0.0,7249.4985,46073.047,1586733,0.57331324,10426679.0,0.019909505,765448.1,207590.017683895
Geo14,2022-10-03,1697406,2510568,0,3838817,-0.06801748,0.78040123,12446.608,24204.969,0.0,29915.287,776677,1.8836681,14781905.0,0.01993991,765448.1,294749.85532855004
Geo14,2022-10-10,2376558,1555594,1918619,4010566,1.5152035,1.7620405,17426.643,14997.842,14257.113,31253.701,974775,0.7370112,7809222.0,0.01981276,765448.1,154722.24127271998
Geo14,2022-10-17,2397488,1495033,1800186,4946410,0.40145588,1.1042314,17580.115,14413.959,13377.046,38546.586,976120,1.6888704,17019822.0,0.020022864,765448.1,340785.581210208
Geo14,2022-10-24,0,0,0,1362148,-1.2102697,-2.1178408,0.0,0.0,0.0,10615.002,0,0.14502528,19386482.0,0.020105409,765448.1,389773.14968113805
Geo14,2022-10-31,1671080,784758,0,2903852,1.5180271,0.30312657,12253.567,7566.0337,0.0,22629.256,2858896,0.0,12593031.0,0.020019053,765448.1,252100.55501964298
Geo14,2022-11-07,724914,1120035,0,4566601,2.2043526,-1.0081292,5315.5933,10798.517,0.0,35586.793,1121818,0.0,14176484.0,0.019892061,765448.1,281999.484493524
Geo14,2022-11-14,0,0,569168,2899871,0.2839617,0.5196241,0.0,0.0,4229.4443,22598.232,198873,0.0,12614237.0,0.020026034,765448.1,252613.13904605803
Geo14,2022-11-21,2192818,699649,0,5014384,0.31139153,0.88695085,16079.327,6745.478,0.0,39076.297,1524440,0.38219044,18414276.0,0.019846896,765448.1,365466.220687296
Geo14,2022-11-28,1013494,0,0,4761130,-0.048291445,0.42643714,7431.671,0.0,0.0,37102.727,976501,0.40476632,15845555.0,0.020280214,765448.1,321351.24634877004
Geo14,2022-12-05,1108436,0,0,3334500,0.3045866,-1.2634981,8127.8545,0.0,0.0,25985.227,647031,0.96420115,10586012.0,0.020173097,765448.1,213552.64691916402
Geo14,2022-12-12,0,1605282,0,808064,-0.949577,0.18828002,0.0,15476.895,0.0,6297.114,703959,0.85119504,12683116.0,0.019961298,765448.1,253171.458044568
Geo14,2022-12-19,535850,1464814,653874,2266659,-0.37182876,0.5088577,3929.2397,14122.611,4858.8887,17663.713,235193,0.0,15484804.0,0.01988282,765448.1,307881.57066728
Geo14,2022-12-26,1244653,1204104,0,1764325,0.39003718,-1.2450494,9126.696,11609.045,0.0,13749.103,363559,1.041735,12550778.0,0.020082474,765448.1,252050.672864772
Geo14,2023-01-02,1583639,1496788,773991,3526475,1.4662411,-0.36680517,11612.386,14430.88,5751.4683,27481.258,195444,0.037865072,2784745.2,0.019875798,765448.1,55349.033076669606
Geo14,2023-01-09,2397138,1357899,1281616,3015116,1.6491868,0.27661765,17577.55,13091.819,9523.592,23496.318,2210226,0.0,12222201.0,0.020064477,765448.1,245232.070853877
Geo14,2023-01-16,0,783418,0,1864520,0.19952735,-0.78739846,0.0,7553.1143,0.0,14529.907,257779,0.61369437,2345567.0,0.020181077,765448.1,47336.068235659
Geo14,2023-01-23,1386138,569682,516727,3632502,-0.26981097,0.800475,10164.166,5492.436,3839.7593,28307.508,0,0.0,13820554.0,0.020075323,765448.1,277452.085588942
Geo14,2023-01-30,490388,0,0,1445013,-0.7741226,-0.034569636,3595.8794,0.0,0.0,11260.756,176125,0.0,18958082.0,0.020221066,765448.1,383352.627355412
Geo14,2023-02-06,1580291,0,0,2502496,-2.1549726,0.49626815,11587.836,0.0,0.0,19501.553,1567020,1.0072297,16083572.0,0.019964017,765448.1,321092.70482872403
Geo14,2023-02-13,2815324,40954,1033232,582120,-0.35506034,0.8173257,20643.992,394.847,7677.869,4536.3687,520220,0.74137855,16662114.0,0.019920772,765448.1,331922.174032008
Geo14,2023-02-20,561647,0,0,1330030,0.17150152,-1.5805073,4118.402,0.0,0.0,10364.712,0,0.041978434,17095064.0,0.020003745,765448.1,341965.30101468
Geo14,2023-02-27,1153438,417499,216318,2116625,-1.0261642,0.55709153,8457.842,4025.2046,1607.4427,16494.521,0,0.9009614,14936733.0,0.019977778,765448.1,298402.73591927404
Geo14,2023-03-06,1667656,1016001,0,673479,0.24514905,-1.369266,12228.46,9795.501,0.0,5248.3145,148569,0.09564865,10970427.0,0.019984424,765448.1,219237.664629048
Geo14,2023-03-13,2726802,873254,0,3441900,-0.16175151,-1.1136658,19994.885,8419.244,0.0,26822.178,0,0.0,13673136.0,0.019877926,765448.1,271793.585595936
Geo14,2023-03-20,1317814,0,0,1404144,-0.67051846,-1.4185972,9663.165,0.0,0.0,10942.27,0,0.0,16556320.0,0.019990759,765448.1,330973.40304688003
Geo14,2023-03-27,96724,936934,0,2738398,-0.5305528,0.06241271,709.2503,9033.198,0.0,21339.898,280880,0.0,7364734.5,0.019957215,765448.1,146979.5898344175
Geo14,2023-04-03,1604339,3005778,0,2277164,-0.8057728,1.3366749,11764.174,28979.402,0.0,17745.576,784514,0.0,9976350.0,0.020124966,765448.1,200773.7045541
Geo14,2023-04-10,1766454,774237,0,3541866,-1.0165694,1.4698188,12952.918,7464.598,0.0,27601.195,1684876,0.0,8076471.5,0.020036256,765448.1,161822.250550704
Geo14,2023-04-17,323431,73301,0,1649032,-1.7523153,-0.14827116,2371.63,706.7119,0.0,12850.643,0,0.82516474,23508356.0,0.019931052,765448.1,468546.26587051206
Geo14,2023-04-24,0,837602,0,2093677,-1.2028639,-0.23335966,0.0,8075.515,0.0,16315.691,0,0.0,12218054.0,0.020013792,765448.1,244529.591400768
Geo14,2023-05-01,1685807,0,0,3264952,0.34936187,-0.65218467,12361.556,0.0,0.0,25443.25,1239995,0.0,7356533.5,0.01998182,765448.1,146996.92822097
Geo14,2023-05-08,1013314,0,0,1465026,-0.9464706,-3.2519317,7430.351,0.0,0.0,11416.714,0,0.36028814,11971801.0,0.01995331,765448.1,238877.05661131
Geo14,2023-05-15,299222,1769631,0,135671,0.059604883,-0.058315694,2194.112,17061.422,0.0,1057.2625,0,0.1703709,14912532.0,0.020002397,765448.1,298286.38533920405
Geo14,2023-05-22,322414,0,0,1752551,-2.4464219,0.456524,2364.1726,0.0,0.0,13657.35,0,0.0,21361418.0,0.020057032,765448.1,428446.644391376
Geo14,2023-05-29,1566743,1877383,2265308,3010972,1.8092496,0.776029,11488.493,18100.283,16833.332,23464.023,1430447,0.7103056,9920527.0,0.020006401,765448.1,198474.041293327
Geo14,2023-06-05,3678498,2137080,698268,5199123,-0.7996813,1.4483998,26973.408,20604.084,5188.7764,40515.938,447387,1.4977475,12954159.0,0.019812156,765448.1,256649.81895680403
Geo14,2023-06-12,476506,0,0,1353621,0.36699307,-0.35225424,3494.0864,0.0,0.0,10548.553,0,0.0,22783852.0,0.020051874,765448.1,456858.929538648
Geo14,2023-06-19,31140,0,0,1349153,-0.7140343,-2.8136797,228.341,0.0,0.0,10513.734,0,0.0,13832630.0,0.019926606,765448.1,275637.36795378
Geo14,2023-06-26,2044796,946674,2262190,3982625,1.0823383,1.4059494,14993.923,9127.103,16810.162,31035.963,1717427,0.0,15856055.0,0.020184264,765448.1,320042.80011852
Geo14,2023-07-03,2308758,1455900,0,1551074,-0.4562081,1.3278097,16929.484,14036.669,0.0,12087.272,532227,0.0,8556571.0,0.01991899,765448.1,170438.25218329
Geo14,2023-07-10,1764060,235094,0,1688461,-1.0465295,0.872049,12935.364,2266.5957,0.0,13157.907,785503,0.52486783,18824796.0,0.020109857,765448.1,378563.955614172
Geo14,2023-07-17,805480,1771974,2141461,3947614,0.29351115,2.7020652,5906.362,17084.012,15913.035,30763.127,419983,0.0,15895239.0,0.019906633,765448.1,316420.689220287
Geo14,2023-07-24,297757,0,0,967405,-0.35445544,-0.3900239,2183.3696,0.0,0.0,7538.833,533014,0.3747933,15038587.0,0.020072037,765448.1,301855.074691719
Geo14,2023-07-31,2714007,0,0,2411158,-1.1688541,1.8154957,19901.062,0.0,0.0,18789.77,1382475,0.0,15015088.0,0.019964362,765448.1,299766.65229385596
Geo14,2023-08-07,0,992312,0,1956005,-0.6969,-0.113852054,0.0,9567.11,0.0,15242.835,1510529,0.0,16509352.0,0.01999644,765448.1,330128.26670688
Geo14,2023-08-14,848602,0,127985,1084299,0.12013298,-0.92921656,6222.5635,0.0,951.0469,8449.769,912086,0.0,13056273.0,0.02000808,765448.1,261230.95468584
Geo14,2023-08-21,2661986,1101463,0,3569918,0.2334913,1.7874115,19519.605,10619.46,0.0,27819.803,1655773,0.094561055,16422024.0,0.020139227,765448.1,330726.869135448
Geo14,2023-08-28,0,0,254597,4025437,1.413276,-0.70209044,0.0,0.0,1891.8911,31369.588,0,0.94165236,16675639.0,0.02001803,765448.1,333813.44177117
Geo14,2023-09-04,1971125,1918761,929938,4730898,2.7500591,0.9334752,14453.714,18499.22,6910.299,36867.133,2666288,0.0,3319022.8,0.020123541,765448.1,66790.4913957348
Geo14,2023-09-11,2494702,750527,1155770,4165746,2.2003598,0.36641723,18292.96,7236.0044,8588.44,32462.994,1447907,0.65012145,9692481.0,0.019860893,765448.1,192501.328045533
Geo14,2023-09-18,0,2359698,0,2159318,0.3308896,-0.24707276,0.0,22750.395,0.0,16827.22,1032135,0.0,10098853.0,0.01996122,765448.1,201585.42648065998
Geo14,2023-09-25,1126518,303699,1201993,4018528,3.2357516,-0.17864543,8260.444,2928.0325,8931.919,31315.748,132188,0.0,3089398.8,0.019909034,765448.1,61506.94574875919
Geo14,2023-10-02,841975,1142468,1164570,3778740,1.5365461,0.6344713,6173.9697,11014.799,8653.832,29447.117,502425,1.3802304,12274644.0,0.019862348,765448.1,243803.25070411197
Geo14,2023-10-09,2047999,446337,3855289,5133593,3.59091,0.4142974,15017.41,4303.2383,28648.361,40005.273,1830586,0.2676414,3527887.8,0.020054175,765448.1,70748.879321565
Geo14,2023-10-16,408827,1229420,796372,3889062,1.6939435,-0.023173869,2997.8152,11853.123,5917.78,30306.84,1037497,0.6091119,14292436.0,0.02008249,765448.1,287027.70304564
Geo14,2023-10-23,1954704,0,330580,3650981,1.8616349,0.3058044,14333.303,0.0,2456.515,28451.512,3372896,2.0881739,11019106.0,0.019924331,765448.1,219548.315268086
Geo14,2023-10-30,1189497,782349,0,3410409,-0.14569335,-0.61757123,8722.252,7542.808,0.0,26576.773,0,0.27948862,6666132.0,0.02000683,765448.1,133368.16968156
Geo14,2023-11-06,2597678,742504,0,0,-2.3386297,1.1986305,19048.055,7158.653,0.0,0.0,1326032,0.3236556,22598548.0,0.020170998,765448.1,455835.26651090395
Geo14,2023-11-13,1093126,699397,3419789,5150821,2.050021,1.5350397,8015.5903,6743.0483,25412.193,40139.527,1884507,1.0902245,8025871.0,0.02009938,765448.1,161315.03105998
Geo14,2023-11-20,729121,373928,0,1399062,-1.0277166,-0.97405434,5346.4424,3605.1265,0.0,10902.667,541192,0.595145,17744052.0,0.02000517,765448.1,354972.77674884
Geo14,2023-11-27,2664545,461948,1350318,3432164,0.07951933,0.51014286,19538.37,4453.7476,10034.111,26746.307,1629523,1.5994387,21039276.0,0.019987477,765448.1,420522.045146652
Geo14,2023-12-04,2058692,234882,1503331,2235575,-0.33520737,0.68935394,15095.818,2264.5518,11171.139,17421.48,1289158,0.27037904,14936276.0,0.020013284,765448.1,298923.93349038396
Geo14,2023-12-11,1435445,536494,0,3543316,0.6645895,-1.0546038,10525.721,5172.463,0.0,27612.496,0,0.0,11213156.0,0.019962007,765448.1,223837.098564092
Geo14,2023-12-18,396281,921743,0,2090351,-0.7845108,-0.5696972,2905.8188,8886.738,0.0,16289.772,1365093,1.2350304,14618518.0,0.019916886,765448.1,291155.35649494804
Geo14,2023-12-25,2456166,0,0,3735294,-0.31178904,0.51014584,18010.387,0.0,0.0,29108.55,614646,1.2864879,19950916.0,0.02014769,765448.1,401964.87078403996
Geo14,2024-01-01,1436726,976015,516765,2860149,-0.8701425,1.6572256,10535.114,9409.987,3840.0417,22288.684,663788,1.1808819,19876230.0,0.019953884,765448.1,396607.98777732
Geo14,2024-01-08,881986,463510,0,1895485,0.5586814,-1.004586,6467.359,4468.807,0.0,14771.212,0,0.0,10350926.0,0.020013861,765448.1,207161.99418528602
Geo14,2024-01-15,802547,402498,473561,3821243,0.7922362,0.8375441,5884.855,3880.5764,3518.996,29778.338,1016860,0.0,11464448.0,0.019843498,765448.1,227494.750959104
Geo15,2021-01-25,0,0,0,0,0.322089,-2.8114681,0.0,0.0,0.0,0.0,0,0.0,19137870.0,0.020039447,680241.75,383512.33155789
Geo15,2021-02-01,1918613,0,0,2330348,0.66366297,-0.095896184,14068.658,0.0,0.0,18160.03,203496,0.0,14173337.0,0.019901698,680241.75,282073.47262622596
Geo15,2021-02-08,0,127362,0,2600868,-0.97695005,-0.93706965,0.0,1227.9265,0.0,20268.15,0,0.61584604,8032951.5,0.019865476,680241.75,159578.405232414
Geo15,2021-02-15,1763036,1253572,0,2368702,-1.0234689,1.4942389,12927.855,12085.978,0.0,18458.916,1316194,0.4480175,8961790.0,0.020017026,680241.75,179388.38343654
Geo15,2021-02-22,1324475,126093,0,1774547,0.058423627,0.25238845,9712.008,1215.6918,0.0,13828.762,0,0.0,13057275.0,0.020005306,680241.75,261214.78190115
Geo15,2021-03-01,743292,343962,0,1053900,-1.4102015,-0.9999878,5450.3545,3316.2173,0.0,8212.874,892234,0.0,12320314.0,0.019887257,680241.75,245017.25083869798
Geo15,2021-03-08,1136529,0,0,1186564,-1.4654474,-0.48862118,8333.853,0.0,0.0,9246.704,0,0.0,12209445.0,0.020018313,680241.75,244412.491566285
Geo15,2021-03-15,1078173,0,0,1194778,-0.8607991,-0.7160285,7905.944,0.0,0.0,9310.714,0,0.0,11170055.0,0.019892376,680241.75,222198.93400068
Geo15,2021-03-22,494657,0,346562,3100758,0.21896994,0.21197367,3627.1829,0.0,2575.276,24163.713,1537178,0.3528418,13464964.0,0.019964103,680241.75,268815.928187292
Geo15,2021-03-29,899034,750899,0,1054240,2.16626,-1.0035012,6592.3677,7239.591,0.0,8215.524,0,0.0,11082056.0,0.020147642,680241.75,223277.296911952
Geo15,2021-04-05,788407,700139,157764,2636226,-0.18575695,1.4039278,5781.1704,6750.202,1172.3324,20543.688,1356121,0.788409,11090631.0,0.019784732,680241.75,219425.16204589198
Geo15,2021-04-12,177821,628391,1370076,3207242,1.0919155,0.9954537,1303.9121,6058.463,10180.931,24993.525,2881272,0.8878563,11456615.0,0.019977568,680241.75,228875.30521232
Geo15,2021-04-19,0,191477,0,776680,-2.2105536,-0.5120232,0.0,1846.0741,0.0,6052.5435,0,0.0,8280275.5,0.020053899,680241.75,166051.8085691745
Geo15,2021-04-26,1938184,0,0,150094,-0.38959056,-2.515378,14212.167,0.0,0.0,1169.6586,0,0.49310744,22994186.0,0.020009883,680241.75,460110.97154023795
Geo15,2021-05-03,2482155,0,916705,2752620,1.3366082,0.24759918,18200.955,0.0,6811.9653,21450.729,360326,0.106630936,9449682.0,0.019933948,680241.75,188369.469604536
Geo15,2021-05-10,0,341758,0,1378834,-0.13180736,-0.34870282,0.0,3294.968,0.0,10745.033,0,0.0,12372300.0,0.020173911,680241.75,249597.67906529998
Geo15,2021-05-17,888137,1777774,0,2983224,-0.48980248,0.33689594,6512.4624,17139.93,0.0,23247.787,832717,0.20220804,14473439.0,0.020039255,680241.75,290036.934847945
Geo15,2021-05-24,1914573,0,0,321182,-1.6250339,-0.6535274,14039.034,0.0,0.0,2502.92,221504,0.0,11067517.0,0.020059353,680241.75,222007.23033650097
Geo15,2021-05-31,2527609,463754,108165,3527858,-0.46663064,0.90944767,18534.258,4471.1597,803.7659,27492.033,1093627,1.9415102,8927317.0,0.020077871,680241.75,179241.519102107
Geo15,2021-06-07,359151,658290,0,1734247,-0.42180705,-0.42571762,2633.5547,6346.7266,0.0,13514.71,0,0.0,18141756.0,0.019908922,680241.75,361182.80514703196
Geo15,2021-06-14,909938,1040165,132089,2276016,0.4095624,-0.5813291,6672.3237,10028.472,981.5434,17736.63,843623,0.75855803,20779670.0,0.019904464,680241.75,413608.19344688003
Geo15,2021-06-21,419874,76285,0,1308786,-0.7016202,-2.3915546,3078.8198,735.4814,0.0,10199.161,243735,1.0088747,7384068.0,0.019955922,680241.75,147355.885050696
Geo15,2021-06-28,1577397,0,0,1044276,0.74620247,-1.3689256,11566.615,0.0,0.0,8137.8765,0,0.0,17453112.0,0.020156967,680241.75,351801.802631304
Geo15,2021-07-05,81728,0,0,1855996,-0.15539652,-1.0869616,599.2888,0.0,0.0,14463.481,147286,0.87550765,18089680.0,0.020006264,680241.75,361906.91375552
Geo15,2021-07-12,465127,1094498,1145508,2539706,2.2126045,0.14702958,3410.6475,10552.309,8512.183,19791.523,300301,0.0,11738089.0,0.01989134,680241.75,233486.31924926
Geo15,2021-07-19,360989,197788,251787,2059189,0.3654096,-0.40183794,2647.0325,1906.9199,1871.0101,16046.931,0,1.0175409,16294762.0,0.020201622,680241.75,329180.622503964
Geo15,2021-07-26,455056,199098,0,685465,0.5002474,-1.3134351,3336.7998,1919.5499,0.0,5341.7197,157179,0.0,12030746.0,0.019953154,680241.75,240051.327672884
Geo15,2021-08-02,1870076,2522825,0,3372833,1.869024,0.035512447,13712.75,24323.14,0.0,26283.95,808744,0.0,10881120.0,0.019976217,680241.75,217363.61432304
Geo15,2021-08-09,3063842,301673,142710,3547512,-0.6062567,0.8474451,22466.307,2908.4993,1060.4673,27645.195,476996,2.073876,11967879.0,0.020058926,680241.75,240062.79923795402
Geo15,2021-08-16,479646,0,0,2917806,1.5012311,-1.5248388,3517.1113,0.0,0.0,22737.996,0,0.0,14992895.0,0.020080896,680241.75,301070.76523392
Geo15,2021-08-23,1192961,982102,0,3060675,-0.16258144,0.46046412,8747.653,9468.673,0.0,23851.352,0,0.018644998,11051907.0,0.020048143,680241.75,221570.21195870102
Geo15,2021-08-30,2783430,1169611,3166448,5532261,0.8495065,1.2247212,20410.121,11276.49,23529.637,43112.027,2510307,3.4844887,15314926.0,0.019878281,680241.75,304434.402522206
Geo15,2021-09-06,732226,1197795,0,1519004,-0.4370558,-0.6533169,5369.2104,11548.219,0.0,11837.356,1132694,0.0,14590867.0,0.01983899,680241.75,289468.06450433
Geo15,2021-09-13,0,11926,0,1738999,0.4704846,-0.49508077,0.0,114.98133,0.0,13551.742,0,0.0,17076896.0,0.02008173,680241.75,342933.61471008
Geo15,2021-09-20,1285497,1055712,0,1535690,-0.6408477,-0.6491507,9426.194,10178.364,0.0,11967.387,1070,1.1724908,14855779.0,0.02005759,680241.75,297971.12431261
Geo15,2021-09-27,862977,296949,0,2367023,0.47502846,0.07056557,6327.9717,2862.954,0.0,18445.832,0,0.0,15818701.0,0.02017236,680241.75,319100.53130436
Geo15,2021-10-04,718742,1817715,111383,1830594,1.8517416,-0.8443109,5270.336,17525.012,827.67865,14265.527,799677,0.0,14964089.0,0.019923411,680241.75,298135.695387579
Geo15,2021-10-11,2803002,1450131,0,4542344,0.97126603,1.5379453,20553.639,13981.049,0.0,35397.766,686424,0.575198,12311191.0,0.019976193,680241.75,245930.727475863
Geo15,2021-10-18,458023,423758,0,865445,0.8185282,-1.3257029,3358.5557,4085.549,0.0,6744.275,0,0.0,16394892.0,0.020053659,680241.75,328777.573509828
Geo15,2021-10-25,532582,1140123,0,1728153,0.38678706,-0.087171644,3905.2764,10992.19,0.0,13467.221,0,0.14002332,12203921.0,0.01999464,680241.75,244013.00698344002
Geo15,2021-11-01,2302296,826383,354268,2586956,0.5588798,1.9421632,16882.1,7967.35,2632.5388,20159.736,1152497,0.0,9706935.0,0.019701557,680241.75,191241.73319779502
Geo15,2021-11-08,981114,0,0,4875830,1.6533,-0.19202477,7194.2373,0.0,0.0,37996.562,1769934,1.4161019,18144418.0,0.01986529,680241.75,360444.12545122
Geo15,2021-11-15,1250054,1327249,0,3510719,-0.67241275,0.65658486,9166.3,12796.315,0.0,27358.475,1732279,1.376547,15013806.0,0.02012168,680241.75,302102.99991407996
Geo15,2021-11-22,2214010,2112963,2327198,5219191,1.8841233,3.6629674,16234.722,20371.566,17293.232,40672.324,3410760,0.48521966,13536476.0,0.020002808,680241.75,270767.53042460803
Geo15,2021-11-29,2900542,694006,2218346,3933273,1.7118071,0.6487026,21268.871,6691.0723,16484.361,30651.37,2124332,0.086516306,9501051.0,0.01994432,680241.75,189492.00148032
Geo15,2021-12-06,1095440,0,1124752,4241071,1.5607724,-0.79857856,8032.558,0.0,8357.947,33049.99,39437,0.48499048,4669969.0,0.019993147,680241.75,93367.376702443
Geo15,2021-12-13,1928278,1749507,1712448,5563810,1.2491475,2.227643,14139.529,16867.402,12725.072,43357.883,1704371,2.4327765,6907767.0,0.019965634,680241.75,137917.947679278
Geo15,2021-12-20,1742588,996203,498808,2394170,-0.51953334,2.063271,12777.915,9604.624,3706.6045,18657.385,1742508,0.0,15039916.0,0.02005437,680241.75,301616.04023292
Geo15,2021-12-27,1340367,0,0,1845652,0.57527804,-0.8000549,9828.54,0.0,0.0,14382.872,458881,0.0,15184088.0,0.019999288,680241.75,303670.948929344
Geo15,2022-01-03,0,846587,488209,2606040,2.07405,-1.575445,0.0,8162.1416,3627.8442,20308.453,0,0.0,15798058.0,0.019876182,680241.75,314005.076054556
Geo15,2022-01-10,555774,770602,0,1098118,-0.74969304,-0.009650037,4075.3367,7429.5527,0.0,8557.458,0,0.0,13048960.0,0.019958084,680241.75,260432.23979264
Geo15,2022-01-17,557146,503228,358155,2409306,0.65218604,-0.032431573,4085.3972,4851.7373,2661.4229,18775.338,1172988,0.47976232,9812385.0,0.020074794,680241.75,196981.60752369
Geo15,2022-01-24,2613328,1500832,1276327,2149495,-0.50989056,2.5267286,19162.81,14469.869,9484.289,16750.672,1956010,0.00326549,11746877.0,0.02031316,680241.75,238616.19200132
Geo15,2022-01-31,0,361971,0,919455,-0.5295403,-1.6552258,0.0,3489.8462,0.0,7165.166,0,0.0,24099808.0,0.020097863,680241.75,484354.639510304
Geo15,2022-02-07,402995,691052,0,2846657,0.40879488,0.1286068,2955.0508,6662.5923,0.0,22183.545,1308266,0.9235586,16629895.0,0.019955862,680241.75,331863.88969449
Geo15,2022-02-14,3384897,981350,419391,4576066,1.4860811,1.7863648,24820.512,9461.423,3116.4626,35660.55,2558675,1.3077401,10841752.0,0.01996789,680241.75,216486.91134328
Geo15,2022-02-21,0,0,99974,3271177,0.45630172,-0.08491947,0.0,0.0,742.89923,25491.76,848330,0.3652752,17351564.0,0.020000821,680241.75,347045.52563404397
Geo15,2022-02-28,1224641,1632344,0,3302023,0.6931557,0.041065186,8979.953,15737.806,0.0,25732.139,1148271,0.0,8990467.0,0.020006727,680241.75,179869.818871509
Geo15,2022-03-07,1514085,556750,0,119795,-0.45754218,-0.3035929,11102.366,5367.7554,0.0,933.54333,756932,0.0,14666683.0,0.01998895,680241.75,293171.59315285
Geo15,2022-03-14,279813,828069,0,1546304,0.6037032,-0.9991168,2051.7913,7983.605,0.0,12050.1,580971,0.0,11577354.0,0.019799082,680241.75,229220.98118902798
Geo15,2022-03-21,177367,906118,406853,2383312,0.71815413,-0.54497707,1300.5831,8736.093,3023.294,18572.77,1855782,0.0,12279158.0,0.020030834,680241.75,245961.77555777202
Geo15,2022-03-28,345823,0,0,881079,-0.6898578,-2.2382333,2535.8242,0.0,0.0,6866.108,584152,1.5415483,15980198.0,0.020063333,680241.75,320616.033879934
Geo15,2022-04-04,670472,475899,0,2429397,0.25401914,-0.029247493,4916.3857,4588.2524,0.0,18931.904,326437,0.0,9517651.0,0.01994612,680241.75,189840.20896412001
Geo15,2022-04-11,309090,1005561,0,947734,-0.06297295,-1.4779636,2266.4714,9694.846,0.0,7385.54,14857,0.0596087,14762989.0,0.020012395,680241.75,295442.767248655
Geo15,2022-04-18,698527,292178,0,1752658,0.9759074,-0.567298,5122.105,2816.9558,0.0,13658.184,95610,0.0,5892447.0,0.019844074,680241.75,116930.154309078
Geo15,2022-04-25,0,0,0,1444254,0.8478181,-1.9903681,0.0,0.0,0.0,11254.841,0,0.0,13445733.0,0.020024557,680241.75,269244.846865281
Geo15,2022-05-02,1111864,743933,350591,2810713,0.13851684,-0.32082173,8152.991,7172.4307,2605.2153,21903.438,1270982,0.7736532,9975128.0,0.020040026,680241.75,199901.824473328
Geo15,2022-05-09,769168,0,405909,3075076,0.9275532,-0.7923524,5640.096,0.0,3016.279,23963.576,0,0.18164474,11821558.0,0.020063339,680241.75,237179.925662162
Geo15,2022-05-16,0,665162,0,1216632,-1.3480349,0.30697528,0.0,6412.981,0.0,9481.019,812067,0.48143986,10411371.0,0.019979257,680241.75,208011.456931347
Geo15,2022-05-23,0,757571,392086,1373571,1.1430515,-1.641521,0.0,7303.9175,2913.5615,10704.02,0,1.2964737,18706130.0,0.020018792,680241.75,374474.12559496
Geo15,2022-05-30,25057,0,0,1812833,-0.03761491,-1.2041295,183.73605,0.0,0.0,14127.118,292339,0.0,13392459.0,0.019825734,680241.75,265515.329739906
Geo15,2022-06-06,3536642,85990,892174,3180566,0.499779,-0.4376657,25933.217,829.0495,6629.6777,24785.645,1433552,2.1782048,18357278.0,0.02007802,680241.75,368577.79482956
Geo15,2022-06-13,1479378,0,0,693425,-2.257813,-0.40541744,10847.869,0.0,0.0,5403.7505,109677,0.0,15732921.0,0.020078365,680241.75,315891.330354165
Geo15,2022-06-20,985213,0,54620,1269361,0.9140158,-0.80738765,7224.294,0.0,405.8771,9891.928,36524,0.091056004,14294418.0,0.020193258,680241.75,288650.870633844
Geo15,2022-06-27,324787,310284,0,2264724,0.043063045,-0.20340216,2381.5732,2991.52,0.0,17648.633,0,0.54652876,11365203.0,0.019982645,680241.75,227106.816901935
Geo15,2022-07-04,1629207,177316,437184,3167233,0.49557585,-0.49070466,11946.524,1709.5447,3248.6812,24681.742,1437703,2.743651,16656790.0,0.019982802,680241.75,332849.33652558003
Geo15,2022-07-11,2252144,921632,2107656,4812862,1.1790029,1.7784042,16514.348,8885.668,15661.832,37505.863,1565140,1.2526337,12391180.0,0.019947737,680241.75,247175.99975966002
Geo15,2022-07-18,2190444,0,0,0,-1.3502717,-0.75752157,16061.919,0.0,0.0,0.0,0,0.0,12303119.0,0.020037308,680241.75,246521.384763652
Geo15,2022-07-25,1689589,0,0,197394,-0.8322727,-1.52674,12389.288,0.0,0.0,1538.26,0,0.6604629,19282706.0,0.019890474,680241.75,383542.16234264395
Geo15,2022-08-01,1115729,1161304,1274838,5108107,0.1784932,2.2763343,8181.332,11196.401,9473.225,39806.664,2209277,0.9037707,12197758.0,0.020155732,680241.75,245854.74124885598
Geo15,2022-08-08,879494,1248714,0,2965457,0.29138273,0.038392376,6449.086,12039.141,0.0,23109.334,276137,0.83371186,13972034.0,0.020113964,680241.75,281032.988882776
Geo15,2022-08-15,227474,0,0,2306502,-1.2992154,-0.45473403,1668.0039,0.0,0.0,17974.201,0,0.0,15266773.0,0.020056715,680241.75,306201.315030695
Geo15,2022-08-22,768538,2003389,0,1701856,-0.6553212,0.16036087,5635.4766,19315.139,0.0,13262.292,0,0.0,18518522.0,0.020073472,680241.75,371731.032848384
Geo15,2022-08-29,799855,862081,482131,2723898,0.809832,0.15030706,5865.1157,8311.522,3582.679,21226.902,185513,0.26278695,13874200.0,0.019949524,680241.75,276783.6858808
Geo15,2022-09-05,3054566,2690402,330190,4290528,0.5270679,0.9632685,22398.285,25938.787,2453.617,33435.4,1362315,1.6423651,14003345.0,0.019909978,680241.75,278806.29087640997
Geo15,2022-09-12,0,368116,1079521,3185411,1.5558994,0.30228004,0.0,3549.0916,8021.839,24823.4,1233698,0.26651746,14784067.0,0.019864172,680241.75,293673.249747524
Geo15,2022-09-19,2894,1115652,2409767,2739352,2.9479601,0.49188665,21.2209,10756.259,17906.797,21347.334,1021913,0.19228834,13305362.0,0.020118121,680241.75,267678.882664802
Geo15,2022-09-26,1933917,1423422,1387516,3968874,0.49235755,2.0410635,14180.878,13723.541,10310.527,30928.803,1600981,1.299722,8059290.0,0.019876152,680241.75,160187.67305208
Geo15,2022-10-03,2086583,1779103,0,3054583,0.45298067,0.6100227,15300.335,17152.744,0.0,23803.879,1751940,1.5128824,20117030.0,0.019987367,680241.75,402086.46156001
Geo15,2022-10-10,487987,0,2069369,4362484,3.2604184,0.3924926,3578.2734,0.0,15377.325,33996.14,1057782,0.0,16200265.0,0.01993118,680241.75,322890.3977627
Geo15,2022-10-17,648750,138867,1530278,3339558,1.6489761,-1.2041981,4757.104,1338.8489,11371.38,26024.643,0,1.6143024,21815364.0,0.019941194,680241.75,435024.405704616
Geo15,2022-10-24,690378,734821,1548587,2420286,0.4140452,-0.8759028,5062.3506,7084.5796,11507.433,18860.902,334026,2.6281505,20480282.0,0.020113662,680241.75,411933.469812684
Geo15,2022-10-31,1199166,0,0,2810066,1.1349993,-0.2775613,8793.152,0.0,0.0,21898.396,1003151,1.0796407,14423778.0,0.019936915,680241.75,287565.63596487
Geo15,2022-11-07,2554306,1774286,1019660,4730192,1.6168144,2.529872,18730.018,17106.303,7577.0166,36861.633,2110270,0.91898984,8008339.5,0.020141337,680241.75,161298.66467991148
Geo15,2022-11-14,1316462,538819,0,4600991,-0.20366567,0.52191836,9653.251,5194.8784,0.0,35854.79,822716,1.0072343,11470451.0,0.019961027,680241.75,228961.982113177
Geo15,2022-11-21,1732444,687718,798521,2907196,2.1723108,-0.4737343,12703.532,6630.4487,5933.749,22655.314,307283,1.3722591,15492083.0,0.019905252,680241.75,308373.816119916
Geo15,2022-11-28,700768,1184813,183445,2772775,1.2622244,-0.033850282,5138.5376,11423.056,1363.1659,21607.795,323501,0.004323363,8428195.0,0.020003738,680241.75,168595.40459291
Geo15,2022-12-05,1924868,1361226,104224,3934368,0.6217026,1.3053911,14114.524,13123.895,774.4807,30659.902,1380650,0.0,11751502.0,0.019989729,680241.75,234909.340322958
Geo15,2022-12-12,2187932,892144,0,3370092,1.1659718,0.48788378,16043.5,8601.367,0.0,26262.59,1441126,1.7253425,18673774.0,0.02012244,680241.75,375761.89688856
Geo15,2022-12-19,1294468,41900,113431,4388334,-0.19724788,0.47773153,9491.975,403.9676,842.8972,34197.59,0,0.004939072,8494671.0,0.020005422,680241.75,169939.478106162
Geo15,2022-12-26,436398,758485,659727,2326662,1.4141791,0.42137086,3199.9858,7312.7295,4902.3813,18131.307,788778,0.09307664,13097397.0,0.02008659,680241.75,263082.04360623
Geo15,2023-01-02,1543262,987830,1642889,3341708,2.269845,0.13167247,11316.313,9523.898,12208.184,26041.398,1294420,0.0,15733076.0,0.01999323,680241.75,314555.00707548
Geo15,2023-01-09,1119397,424201,0,2363873,-1.1976447,1.1793134,8208.229,4089.82,0.0,18421.285,344673,0.0,15653345.0,0.020015597,680241.75,313311.045221965
Geo15,2023-01-16,664497,347260,0,2662570,0.009820133,0.2364712,4872.5723,3348.014,0.0,20748.984,0,0.0,9956966.0,0.019852687,680241.75,197672.52946764202
Geo15,2023-01-23,0,0,0,1123068,-0.26314306,-2.8114042,0.0,0.0,0.0,8751.89,0,0.0,14094313.0,0.020116413,680241.75,283527.021259269
Geo15,2023-01-30,313196,117021,0,3008703,-0.79538023,0.5136694,2296.5796,1128.2264,0.0,23446.342,0,0.0,12117463.0,0.019969102,680241.75,241974.854628226
Geo15,2023-02-06,3251,1306989,0,1396718,-0.95483476,0.5906502,23.838684,12600.984,0.0,10884.401,973416,0.5047145,13322037.0,0.019813037,680241.75,263950.011996369
Geo15,2023-02-13,2637026,1438971,770420,2148244,-1.1397607,2.0117202,19336.582,13873.453,5724.933,16740.924,1129648,0.3241033,12196207.0,0.019991461,680241.75,243819.996588427
Geo15,2023-02-20,915792,538150,0,1239244,0.41403645,-1.3734977,6715.249,5188.429,0.0,9657.231,0,0.0,12334832.0,0.020001208,680241.75,246711.540477056
Geo15,2023-02-27,1873525,1658026,660631,2814529,-0.7492182,0.2385233,13738.04,15985.413,4909.099,21933.176,952588,1.5542297,18267800.0,0.020015411,680241.75,365637.5250658
Geo15,2023-03-06,0,0,0,0,-0.16363657,-2.8652973,0.0,0.0,0.0,0.0,0,0.0,22943500.0,0.019921687,680241.75,457073.2256845
Geo15,2023-03-13,734281,529646,0,1205111,-0.981423,-1.050941,5384.2793,5106.4395,0.0,9391.238,233438,0.0,18287134.0,0.019824658,680241.75,362536.17735017196
Geo15,2023-03-20,1238598,1581831,0,0,-2.7441328,-1.0416119,9082.296,15250.799,0.0,0.0,0,0.0,12146373.0,0.01991372,680241.75,241879.47093756
Geo15,2023-03-27,1644696,0,0,3283524,0.7221639,-0.12263509,12060.1,0.0,0.0,25587.979,107282,0.0,17446730.0,0.019888509,680241.75,346989.44662556995
Geo15,2023-04-03,2873723,1151800,0,3898709,-0.7841023,-0.25086,21072.217,11104.77,0.0,30382.018,0,1.9132421,16110174.0,0.019986823,680241.75,321991.19623720204
Geo15,2023-04-10,2513536,936134,318217,3799669,0.81842446,0.79809666,18431.064,9025.485,2364.6465,29610.215,1616208,1.4586084,10912726.0,0.020052886,680241.75,218831.650427236
Geo15,2023-04-17,1503286,1474659,0,2495144,-1.0521362,0.87796706,11023.18,14217.529,0.0,19444.26,705466,0.49284256,6452922.5,0.019935245,680241.75,128640.5910035125
Geo15,2023-04-24,153539,686474,108559,1857570,1.5749693,-0.25415903,1125.859,6618.455,806.6937,14475.747,91231,0.0,9664222.0,0.020060167,680241.75,193865.907245074
Geo15,2023-05-01,557627,0,0,2891942,0.8602267,-1.4135764,4088.9246,0.0,0.0,22536.441,0,0.0,22100496.0,0.020092778,680241.75,444060.35981788795
Geo15,2023-05-08,1636820,0,0,1897192,-0.54673934,-0.16721213,12002.348,0.0,0.0,14784.515,408580,0.0,15960495.0,0.020111429,680241.75,320988.361997355
Geo15,2023-05-15,316426,1878786,0,257306,-0.84479725,-1.5153112,2320.2642,18113.81,0.0,2005.1447,0,0.0,20388426.0,0.01986188,680241.75,404952.47060088
Geo15,2023-05-22,2227694,590500,0,2098926,-1.1543187,0.8999385,16335.063,5693.147,0.0,16356.595,198795,0.42053008,10701248.0,0.02003839,680241.75,214435.78091072
Geo15,2023-05-29,283107,973629,0,281041,-0.9286057,-1.2200413,2075.9453,9386.983,0.0,2190.1077,5496,1.5875852,23496516.0,0.019937368,680241.75,468458.686209888
Geo15,2023-06-05,1792034,1314429,0,2140199,0.21938089,-0.3318188,13140.489,12672.714,0.0,16678.229,1097303,0.0,9674231.0,0.020036424,680241.75,193836.994189944
Geo15,2023-06-12,1556326,59512,0,1490188,-0.9733716,-0.5156326,11412.108,573.769,0.0,11612.797,0,0.0,11910244.0,0.020147208,680241.75,239958.163198752
Geo15,2023-06-19,1331559,641612,0,3309528,0.41439366,0.28951293,9763.953,6185.93,0.0,25790.623,178573,0.0,10986152.0,0.01997782,680241.75,219479.36714864
Geo15,2023-06-26,185306,762758,961180,1755790,1.5725398,-1.1346691,1358.7976,7353.9263,7142.456,13682.591,450258,0.0,18379840.0,0.020010551,680241.75,367790.72569184005
Geo15,2023-07-03,515802,77987,0,1214191,0.17546931,-1.5734692,3782.2332,751.89075,0.0,9461.997,0,0.0,11862759.0,0.020023216,680241.75,237530.585812944
Geo15,2023-07-10,2574732,48135,325278,2849830,0.71296465,0.10047305,18879.797,464.0807,2417.1162,22208.27,863547,1.9639903,14678959.0,0.020147232,680241.75,295740.392491488
Geo15,2023-07-17,0,347959,0,270221,-1.5253196,-0.13948098,0.0,3354.7532,0.0,2105.7893,0,0.0,7648081.5,0.02018313,680241.75,154362.223165095
Geo15,2023-07-24,1734372,0,0,1919966,0.52335525,0.090344466,12717.67,0.0,0.0,14961.989,475596,0.0,10772318.0,0.020038474,680241.75,215860.81416273201
Geo15,2023-07-31,2668429,952720,616391,2781130,1.9237919,0.27925825,19566.852,9185.394,4580.355,21672.902,1736208,1.261802,7675239.5,0.019881438,680241.75,152594.79825440102
Geo15,2023-08-07,2004899,905236,859202,4275572,-0.9699671,1.1268868,14701.369,8727.59,6384.665,33318.85,2224126,2.5289016,17490862.0,0.020102747,680241.75,351614.373597914
Geo15,2023-08-14,2526079,285862,902097,2881796,0.6494788,0.22049725,18523.037,2756.0618,6703.4146,22457.377,2126262,2.085196,10682574.0,0.01986199,680241.75,212177.17796226
Geo15,2023-08-21,1061920,596416,3044314,3483868,3.3643146,1.7987742,7786.7656,5750.1846,22622.068,27149.229,2279820,0.0,12850968.0,0.020074725,680241.75,257979.6485838
Geo15,2023-08-28,0,0,0,2110365,-1.078106,-1.6036899,0.0,0.0,0.0,16445.738,0,0.87151563,19772608.0,0.019906187,680241.75,393597.232325696
Geo15,2023-09-04,1339904,2806650,0,3467890,1.4801116,0.66351414,9825.145,27059.562,0.0,27024.715,1414483,0.0,12397241.0,0.019992238,680241.75,247848.59261535798
Geo15,2023-09-11,1140247,984120,93053,3837576,3.2311502,-1.1605593,8361.115,9488.129,691.4698,29905.617,491209,0.43637067,18000976.0,0.019848302,680241.75,357288.807942752
Geo15,2023-09-18,1560339,85746,0,1509597,0.30153888,-3.018793,11441.534,826.6971,0.0,11764.049,0,3.247843,23945112.0,0.0200999,680241.75,481294.35668880004
Geo15,2023-09-25,1520066,0,315692,1861807,0.6746783,-0.6845294,11146.223,0.0,2345.8835,14508.765,739328,0.0,9751237.0,0.020015392,680241.75,195174.831039904
Geo15,2023-10-02,798363,477158,444256,1998303,-0.72803175,0.19042566,5854.175,4600.391,3301.2327,15572.457,38029,0.48789772,12360493.0,0.020006573,680241.75,247291.10552048899
Geo15,2023-10-09,637338,819391,0,1681621,-1.4244528,1.0608994,4673.423,7899.9385,0.0,13104.604,0,0.088759676,9700206.0,0.020184925,680241.75,195797.93059454998
Geo15,2023-10-16,847449,1788465,2209310,4050596,1.9131563,1.776358,6214.109,17243.006,16417.217,31565.648,1395675,0.0,9120884.0,0.019939775,680241.75,181868.37476109999
Geo15,2023-10-23,1625124,0,621075,3027688,1.2281474,0.939083,11916.584,0.0,4615.1616,23594.29,1709066,0.14431667,12223656.0,0.02001604,680241.75,244669.18744223999
Geo15,2023-10-30,2002548,622612,977855,3037253,1.3794565,0.41449925,14684.13,6002.7466,7266.3667,23668.828,2874377,1.4620508,19102004.0,0.019992357,680241.75,381894.083383428
Geo15,2023-11-06,1211815,1700771,0,2621645,-0.047667146,0.33389387,8885.904,16397.527,0.0,20430.062,1767613,1.5603203,19808240.0,0.019966833,680241.75,395507.82010392
Geo15,2023-11-13,1594368,0,1084602,3429681,-0.27792066,0.8447682,11691.059,0.0,8059.5957,26726.955,1099725,2.1838076,12738735.0,0.019922804,680241.75,253791.32061293998
Geo15,2023-11-20,539842,279138,1724634,1862327,0.40458062,-0.32524204,3958.512,2691.234,12815.625,14512.817,1572103,1.9400878,10663728.0,0.020077763,680241.75,214103.80348046398
Geo15,2023-11-27,13697,2093033,0,1889658,0.1803593,-0.31252676,100.43631,20179.416,0.0,14725.803,0,0.0,20733140.0,0.01989176,680241.75,412418.64492640004
Geo15,2023-12-04,2520285,354509,792287,1354628,-0.19079728,-0.21818805,18480.553,3417.9033,5887.425,10556.4,0,0.58372855,10869876.0,0.019781321,680241.75,215020.506386196
Geo15,2023-12-11,3375250,418015,332446,2931843,-0.90920043,0.12048063,24749.773,4030.1794,2470.381,22847.385,596554,1.954886,12556123.0,0.019985318,680241.75,250938.111002114
Geo15,2023-12-18,0,547510,0,976272,-0.5941599,-2.0710618,0.0,5278.6704,0.0,7607.932,0,0.2419629,16413797.0,0.020144518,680241.75,330648.029114846
Geo15,2023-12-25,681545,0,0,1014166,-1.2303737,-1.7420269,4997.581,0.0,0.0,7903.234,0,0.0,18142204.0,0.020178758,680241.75,366087.144102632
Geo15,2024-01-01,1473753,76204,0,2254286,0.0641993,-0.700127,10806.623,734.70044,0.0,17567.293,0,0.050923556,11362749.0,0.020046093,680241.75,227778.723189657
Geo15,2024-01-08,1410141,1189798,0,1433512,-1.2279187,-1.0070068,10340.174,11471.118,0.0,11171.13,1359016,1.9998944,16110979.0,0.019863028,680241.75,320012.82698441204
Geo15,2024-01-15,2038318,0,236781,834364,0.33778495,-0.14599764,14946.422,0.0,1759.5017,6502.0654,294836,0.078605145,18190758.0,0.020000981,680241.75,363833.005133598
Geo16,2021-01-25,68422,0,0,732584,-0.43257207,-2.174355,501.7196,0.0,0.0,5708.9106,0,0.0,3238036.5,0.019833481,376367.94,64221.5354000565
Geo16,2021-02-01,182072,245112,0,937327,0.012078233,0.39237034,1335.0836,2363.1814,0.0,7304.44,157050,0.0,3104120.2,0.02006245,376367.94,62276.25630649
Geo16,2021-02-08,235149,0,0,1290060,-1.9059372,-1.1869929,1724.2825,0.0,0.0,10053.232,0,0.0,8478169.0,0.020182127,376367.94,171107.48348546302
Geo16,2021-02-15,461382,877764,441381,2376882,2.9311147,-0.5773641,3383.1865,8462.726,3279.8687,18522.662,0,0.3202456,8858678.0,0.020017615,376367.94,177329.60561297
Geo16,2021-02-22,321301,237451,285391,1865906,1.3732309,-0.49441755,2356.0112,2289.32,2120.719,14540.708,0,0.47046077,11048645.0,0.019852525,376367.94,219343.501078625
Geo16,2021-03-01,56357,0,0,685692,0.15914273,-2.2073522,413.25027,0.0,0.0,5343.4883,0,0.0,10869325.0,0.01997142,376367.94,217075.8546915
Geo16,2021-03-08,335478,0,309525,915005,-0.14592344,-1.1713085,2459.9673,0.0,2300.057,7130.488,0,0.0,9378584.0,0.020017441,376367.94,187735.251883544
Geo16,2021-03-15,653326,684694,310638,1823156,1.5300915,-0.32582933,4790.6587,6601.2935,2308.3274,14207.564,141583,0.37513363,9593699.0,0.02002536,376367.94,192117.27620664
Geo16,2021-03-22,90129,266644,0,181622,-0.81519383,-2.5279899,660.891,2570.7766,0.0,1415.3512,0,0.118317604,2219437.8,0.019958781,376367.94,44297.27299332179
Geo16,2021-03-29,721072,210432,0,681872,0.1317007,-0.5467913,5287.4214,2028.8236,0.0,5313.7197,915629,0.0,6716768.0,0.02008621,376367.94,134914.41256928002
Geo16,2021-04-05,285238,530544,570898,1439482,1.2560468,0.30048886,2091.5713,5115.0977,4242.3,11217.654,0,0.98013777,10020806.0,0.020186897,376367.94,202288.978578982
Geo16,2021-04-12,545557,0,0,1094559,-0.54811305,0.31230807,4000.4185,0.0,0.0,8529.724,184996,0.22461082,3425113.8,0.020126367,376367.94,68935.09735556459
Geo16,2021-04-19,0,0,0,551426,-1.5262947,-1.1866226,0.0,0.0,0.0,4297.175,0,0.0,3447775.8,0.019972185,376367.94,68859.616116123
Geo16,2021-04-26,782847,0,0,1233655,-1.2173343,-0.035413623,5740.4004,0.0,0.0,9613.677,22093,0.0,3773356.2,0.020079505,376367.94,75767.12468468101
Geo16,2021-05-03,23086,0,0,998164,0.67009914,-1.3570068,169.28325,0.0,0.0,7778.533,97081,0.0,3520865.5,0.020091522,376367.94,70739.546652291
Geo16,2021-05-10,0,477330,0,1456395,-1.1152065,-1.1990068,0.0,4602.049,0.0,11349.454,0,0.4462728,6734059.0,0.020111714,376367.94,135433.468667126
Geo16,2021-05-17,588263,1131246,828549,2300197,-0.61669725,2.4692583,4313.5693,10906.605,6156.885,17925.068,770126,0.3030448,7609774.5,0.020046584,376367.94,152549.983735308
Geo16,2021-05-24,570988,0,0,1356520,-1.4649377,-0.15804088,4186.897,0.0,0.0,10571.144,1171390,1.5591058,4437443.5,0.02000076,376367.94,88752.24245706
Geo16,2021-05-31,856988,0,119060,1145783,1.6841712,-0.34051627,6284.0557,0.0,884.7259,8928.904,0,0.14168218,9052728.0,0.020071821,376367.94,181704.735977688
Geo16,2021-06-07,924285,505746,173537,2183698,-0.40158498,0.95471907,6777.526,4876.0146,1289.5404,17017.21,672833,1.9383292,6652438.0,0.019964514,376367.94,132812.691585132
Geo16,2021-06-14,17667,350700,0,555265,-0.11531806,-3.0139015,129.54723,3381.18,0.0,4327.0913,0,0.7022636,8843008.0,0.01996265,376367.94,176529.87365119997
Geo16,2021-06-21,0,0,0,638659,-0.8788636,-0.4718316,0.0,0.0,0.0,4976.9673,0,0.0,8986496.0,0.019993246,376367.94,179669.22520601598
Geo16,2021-06-28,935394,379921,0,602346,1.0097831,-0.4357049,6858.985,3662.9062,0.0,4693.9863,212222,0.0,8701729.0,0.019944131,376367.94,173548.42310249901
Geo16,2021-07-05,136858,0,0,1171342,0.29866272,-0.673843,1003.5418,0.0,0.0,9128.081,265623,0.0,1229879.0,0.020044908,376367.94,24652.811406132
Geo16,2021-07-12,0,0,0,1524268,0.31182092,-0.7252327,0.0,0.0,0.0,11878.377,0,0.0,5659537.5,0.020105325,376367.94,113786.8407871875
Geo16,2021-07-19,588741,311995,0,1160385,5.19e-06,0.40797487,4317.075,3008.016,0.0,9042.695,374487,0.0,6332998.0,0.020095937,376367.94,127267.52882912601
Geo16,2021-07-26,560811,1735920,2232343,1598162,1.901695,2.185151,4112.272,16736.406,16588.371,12454.222,883735,0.0,2379343.8,0.019982453,376367.94,47545.1256543414
Geo16,2021-08-02,216594,0,0,309716,0.097219765,-2.2022948,1588.2239,0.0,0.0,2413.5674,0,0.0,5124895.5,0.019859832,376367.94,101779.563647556
Geo16,2021-08-09,941744,0,0,1244230,-0.2761739,-0.43827093,6905.548,0.0,0.0,9696.086,0,0.958603,10265911.0,0.020029632,376367.94,205622.41947475198
Geo16,2021-08-16,0,0,0,843390,-0.59622836,-0.843686,0.0,0.0,0.0,6572.4033,149092,0.0,9376961.0,0.019966638,376367.94,187226.38582711798
Geo16,2021-08-23,498116,415137,0,2238327,0.1384652,-0.08663374,3652.5466,4002.432,0.0,17442.926,0,0.43786594,8552467.0,0.020046605,376367.94,171447.927724535
Geo16,2021-08-30,0,323876,0,2309268,-0.37520546,0.94357216,0.0,3122.5635,0.0,17995.758,840406,1.1101291,3979254.5,0.020020388,376367.94,79666.219040746
Geo16,2021-09-06,497506,927596,0,1126567,-1.0203873,-0.9131981,3648.0737,8943.168,0.0,8779.157,181357,0.18003958,5886274.0,0.020091377,376367.94,118263.350059298
Geo16,2021-09-13,1520728,629389,220320,2225726,0.38054806,1.7559083,11151.077,6068.085,1637.1813,17344.729,0,0.0,10127442.0,0.020065947,376367.94,203216.714417574
Geo16,2021-09-20,799401,250559,270923,3280036,-1.3030276,3.2111778,5861.786,2415.6973,2013.2084,25560.799,1179022,0.000372019,4001607.0,0.019968716,376367.94,79906.953726612
Geo16,2021-09-27,844444,0,0,0,-2.318319,1.2143241,6192.074,0.0,0.0,0.0,159287,0.0,4811812.5,0.020254929,376367.94,97462.9205488125
Geo16,2021-10-04,322777,51735,0,1274903,-0.19864023,1.0146472,2366.8345,498.78912,0.0,9935.116,325839,0.618136,6898461.5,0.020095274,376367.94,138626.474020951
Geo16,2021-10-11,1584513,1159747,164347,1231548,2.3300493,-0.04795599,11618.795,11181.389,1221.2501,9597.257,239921,0.6430497,10715328.0,0.019992515,376367.94,214226.35576992
Geo16,2021-10-18,987471,666713,0,1185796,-1.591968,-0.015008673,7240.8516,6427.9346,0.0,9240.719,419538,1.7831824,4932326.0,0.020025829,376367.94,98773.91704825399
Geo16,2021-10-25,1116826,246377,0,1618781,0.8806001,0.7168778,8189.376,2375.3777,0.0,12614.902,87802,1.08517,6556325.0,0.01991369,376367.94,130560.62358925001
Geo16,2021-11-01,1007875,66907,0,1346734,0.22029705,1.0735741,7390.4683,645.06586,0.0,10494.883,194544,0.0,5446102.5,0.019784864,376367.94,107750.39729256
Geo16,2021-11-08,1052905,1139697,528537,2067621,0.13927096,1.5198619,7720.661,10988.083,3927.5186,16112.641,633450,0.5026151,5477123.5,0.020115962,376367.94,110177.60819530701
Geo16,2021-11-15,1277147,861548,25769,2227144,-0.5192819,2.3958879,9364.965,8306.384,191.48749,17355.777,1131854,0.07051234,5432799.5,0.020038994,376367.94,108867.836583703
Geo16,2021-11-22,1146556,443366,652811,2552559,1.5668511,1.4422724,8407.378,4274.5947,4850.989,19891.686,575661,0.6665945,6079806.0,0.020115556,376367.94,122298.678062136
Geo16,2021-11-29,351269,0,0,1281776,1.2400534,-1.1486447,2575.7583,0.0,0.0,9988.676,182936,0.0,7543904.0,0.020085879,376367.94,151525.942931616
Geo16,2021-12-06,63428,0,0,1437698,0.72982526,-0.7251655,465.09998,0.0,0.0,11203.751,0,0.0,7104011.0,0.019940557,376367.94,141657.93627412702
Geo16,2021-12-13,1014494,450740,81408,1533484,-1.0901915,0.279446,7439.0034,4345.6885,604.9367,11950.196,176626,2.3936276,8486106.0,0.020185562,376367.94,171296.818801572
Geo16,2021-12-20,1111965,129479,0,1961864,0.026427865,0.009189904,8153.7314,1248.337,0.0,15288.493,653945,1.0478778,7881330.5,0.020022377,376367.94,157802.9705325985
Geo16,2021-12-27,1272562,358014,0,1248447,-0.22710474,-0.0783139,9331.345,3451.6958,0.0,9728.948,361770,0.15094697,10397231.0,0.019946791,376367.94,207391.39373572098
Geo16,2022-01-03,386248,37529,0,1556985,1.3422753,-1.3822138,2832.2498,361.82578,0.0,12133.336,254190,0.64405197,9770137.0,0.019774517,376367.94,193199.74019882898
Geo16,2022-01-10,646268,786649,124035,1111978,-0.88544,1.5788018,4738.9043,7584.265,921.6947,8665.467,317472,0.12633649,4868076.0,0.02005266,376367.94,97617.87288216
Geo16,2022-01-17,426175,0,0,1019427,-0.8889622,-1.1781762,3125.0232,0.0,0.0,7944.232,0,1.4253701,6742340.5,0.019906662,376367.94,134217.493422411
Geo16,2022-01-24,688195,299186,0,581029,-1.5374533,0.014262199,5046.3433,2884.5215,0.0,4527.8667,14353,0.0,9141188.0,0.020089014,376367.94,183637.45370863198
Geo16,2022-01-31,737044,0,0,662705,1.0349414,-1.4310473,5404.5396,0.0,0.0,5164.3545,0,0.0,4171508.5,0.020026539,376367.94,83540.8776640815
Geo16,2022-02-07,460538,0,0,1398175,1.0028203,-1.7945604,3376.9978,0.0,0.0,10895.755,554147,1.4608867,7698602.0,0.019813638,376367.94,152537.31313407602
Geo16,2022-02-14,449773,417868,216363,1391464,-0.80630124,1.5594068,3298.061,4028.7622,1607.7771,10843.457,0,0.0,4912943.5,0.019920588,376367.94,97868.723330778
Geo16,2022-02-21,0,33740,0,1572751,1.5582515,-0.9250816,0.0,325.29517,0.0,12256.198,494115,1.173672,5688783.5,0.02001119,376367.94,113839.32748736501
Geo16,2022-02-28,880464,143320,0,904798,-2.9192393,-0.120874986,6456.1987,1381.7812,0.0,7050.9463,26154,0.0,5193771.5,0.01991528,376367.94,103435.41367852
Geo16,2022-03-07,252295,0,0,0,0.028768927,-2.4404151,1850.0094,0.0,0.0,0.0,0,0.0,10021038.0,0.02002177,376367.94,200638.91799726003
Geo16,2022-03-14,250920,358940,107614,1301784,1.6344638,-1.4374655,1839.9269,3460.6238,799.6715,10144.595,916759,0.7820265,5319626.5,0.020138925,376367.94,107131.5591115125
Geo16,2022-03-21,299040,460436,0,1216790,-1.5595691,0.8486471,2192.7776,4439.17,0.0,9482.25,217827,0.0,5596283.0,0.020135554,376367.94,112684.258545782
Geo16,2022-03-28,139516,77552,0,360981,-1.7797866,-1.5576595,1023.03217,747.69684,0.0,2813.0671,70701,0.78019476,1921804.9,0.019914683,376367.94,38272.135371346696
Geo16,2022-04-04,0,751781,0,1281335,-1.7282847,1.6431934,0.0,7248.0947,0.0,9985.239,667615,0.0,5286930.0,0.01997005,376367.94,105580.2564465
Geo16,2022-04-11,446449,214968,69087,1403596,1.0793934,-0.030135572,3273.687,2072.5562,513.3803,10938.0,1088447,0.0,7116082.5,0.01995106,376367.94,141973.38892245
Geo16,2022-04-18,250103,0,0,1021604,-0.4357666,-1.2942779,1833.936,0.0,0.0,7961.197,226909,0.0,10271325.0,0.020030145,376367.94,205736.129092125
Geo16,2022-04-25,399498,366444,0,1902866,0.44650537,0.11405331,2929.4082,3532.9714,0.0,14828.731,0,0.0,9124804.0,0.020022323,376367.94,182699.772999692
Geo16,2022-05-02,1191371,0,0,1663688,0.3654238,-1.4033433,8735.994,0.0,0.0,12964.855,433680,0.45479816,6630105.0,0.019992748,376367.94,132554.01847854
Geo16,2022-05-09,278508,1116691,0,1318574,-0.79584026,0.6389014,2042.222,10766.276,0.0,10275.437,404389,0.2789992,6014402.0,0.020034894,376367.94,120497.906543388
Geo16,2022-05-16,746485,0,246331,1377297,-1.6941576,-0.1775343,5473.768,0.0,1830.467,10733.056,211361,1.5124167,9573465.0,0.020111121,376367.94,192533.113004265
Geo16,2022-05-23,22760,490290,118793,278904,0.5738969,-2.309608,166.89278,4726.9995,882.7418,2173.4546,0,0.0,7948897.5,0.020118462,376367.94,159919.592295645
Geo16,2022-05-30,1278343,0,0,1434060,-0.62102616,-0.16904142,9373.735,0.0,0.0,11175.401,146699,0.98790896,7715578.0,0.019956466,376367.94,153975.67002734798
Geo16,2022-06-06,0,893181,0,505090,-2.3933816,0.25433135,0.0,8611.365,0.0,3936.0857,1024506,0.0,5533419.5,0.0201715,376367.94,111617.37144424999
Geo16,2022-06-13,1209277,378847,147024,1630885,-0.3328333,1.4514835,8867.293,3652.5518,1092.5243,12709.227,760296,0.0,7603543.0,0.020073654,376367.94,152630.891356122
Geo16,2022-06-20,355284,93976,0,241652,-2.174448,-0.44383946,2605.1992,906.0444,0.0,1883.1555,0,0.0,7910441.5,0.019888004,376367.94,157322.89219376602
Geo16,2022-06-27,894750,939250,0,128848,0.5379877,-1.3047394,6560.954,9055.527,0.0,1004.0919,0,0.6457881,6743810.0,0.020027027,376367.94,135058.46495286998
Geo16,2022-07-04,308488,0,0,984819,0.4731443,-0.38121244,2262.057,0.0,0.0,7674.5376,116184,1.4650207,6334664.5,0.019986674,376367.94,126608.874260873
Geo16,2022-07-11,1003086,0,922980,1815608,1.2828983,0.7391901,7355.352,0.0,6858.5947,14148.744,900878,2.5060494,8464999.0,0.02011895,376367.94,170306.89163105
Geo16,2022-07-18,351713,843475,591015,1816146,1.1805538,0.4114436,2579.014,8132.138,4391.788,14152.936,824294,0.0,8124606.5,0.020016184,376367.94,162623.618631596
Geo16,2022-07-25,514491,0,0,0,-2.240483,-0.77329624,3772.62,0.0,0.0,0.0,0,0.7241603,3374184.5,0.02011773,376367.94,67880.932741185
Geo16,2022-08-01,815805,1254495,602534,2524905,0.5325922,1.3881799,5982.072,12094.877,4477.3843,19676.182,0,0.21516335,5214925.5,0.020057175,376367.94,104596.6733654625
Geo16,2022-08-08,531901,0,0,453559,-0.50219405,-1.0090413,3900.2827,0.0,0.0,3534.513,0,0.0,6928813.0,0.020096611,376367.94,139245.659552743
Geo16,2022-08-15,1608310,0,0,1295312,0.49139932,-0.39959607,11793.292,0.0,0.0,10094.16,558257,1.6991618,8910409.0,0.019995334,376367.94,178166.604031606
Geo16,2022-08-22,786409,0,0,1553712,0.45034367,-0.20155078,5766.5195,0.0,0.0,12107.83,0,0.0,7702710.0,0.02014244,376367.94,155151.37401240002
Geo16,2022-08-29,775823,0,1349,516796,-1.4637516,0.35477304,5688.8955,0.0,10.024318,4027.3088,654921,2.4160938,10655209.0,0.020088617,376367.94,214048.412655953
Geo16,2022-09-05,451870,1754600,0,1257456,-0.73451114,0.17357516,3313.4375,16916.504,0.0,9799.154,261284,1.2399118,4015282.8,0.019973151,376367.94,80197.8496721028
Geo16,2022-09-12,375696,28358,634216,1051863,1.3813523,0.2609761,2754.8748,273.40604,4712.811,8197.001,815151,0.0,8585583.0,0.019970052,376367.94,171454.538960316
Geo16,2022-09-19,257066,709584,0,1367196,0.8960058,0.4729885,1884.9938,6841.2637,0.0,10654.34,486537,0.0,9715236.0,0.019950911,376367.94,193827.808779996
Geo16,2022-09-26,1231763,656842,821302,2358856,1.3042873,2.0087183,9032.177,6332.766,6103.033,18382.188,766419,0.71664953,10113206.0,0.020072617,376367.94,202998.51068010202
Geo16,2022-10-03,365258,416443,234787,1846368,1.0840796,0.77155495,2678.3357,4015.0234,1744.6844,14388.451,760177,0.06424758,8090409.0,0.02003962,376367.94,162128.72200458002
Geo16,2022-10-10,734300,482910,0,2083264,0.12442911,0.90381336,5384.4185,4655.847,0.0,16234.544,632554,0.019185543,8373771.0,0.020155834,376367.94,168780.33823001402
Geo16,2022-10-17,259176,0,425628,1184446,0.3768127,-0.49877298,1900.4658,0.0,3162.8096,9230.199,0,0.43902367,10372299.0,0.019836433,376367.94,205749.414169467
Geo16,2022-10-24,624886,535011,0,1807755,0.685028,1.757603,4582.116,5158.165,0.0,14087.546,942570,0.0,4428442.5,0.019955922,376367.94,88373.65311148501
Geo16,2022-10-31,576983,1159860,0,1179515,-0.22103333,0.83509105,4230.8564,11182.479,0.0,9191.772,173855,0.2820473,5396293.0,0.020195715,376367.94,108981.995484495
Geo16,2022-11-07,984785,977851,0,2278848,1.2378206,0.9564795,7221.156,9427.688,0.0,17758.697,677652,0.0,6336614.0,0.019992296,376367.94,126683.462725744
Geo16,2022-11-14,371657,149475,169633,1776479,0.0672887,1.0842046,2725.258,1441.1232,1260.53,13843.817,0,0.0163109,7051767.0,0.019894054,376367.94,140288.233493418
Geo16,2022-11-21,1071378,892291,535049,2553749,1.1714435,1.8657203,7856.1187,8602.784,3975.9087,19900.957,1326162,2.4712567,8692713.0,0.019887652,376367.94,172877.651079876
Geo16,2022-11-28,303242,426129,0,1998141,1.7657799,-0.3523064,2223.5898,4108.408,0.0,15571.194,309258,0.0,10469022.0,0.019911138,376367.94,208450.141767036
Geo16,2022-12-05,367866,203415,0,1394423,-0.2466733,-0.49076706,2697.4595,1961.1711,0.0,10866.516,0,1.1011387,11037341.0,0.019937731,376367.94,220059.535813271
Geo16,2022-12-12,307715,405778,0,301669,-0.6557685,-1.2639037,2256.389,3912.1997,0.0,2350.8584,453155,0.29143828,5357019.0,0.020052094,376367.94,107419.448547786
Geo16,2022-12-19,1010396,423951,241207,1668744,1.138479,0.90969193,7408.954,4087.4097,1792.391,13004.256,340135,0.0,8626197.0,0.020062556,376367.94,173063.560379532
Geo16,2022-12-26,1446239,345844,821335,1144630,-0.21620035,-0.15932012,10604.87,3334.362,6103.2783,8919.919,40218,1.3706167,8368726.5,0.01992463,376367.94,166743.779083695
Geo16,2023-01-02,107715,421611,0,1065085,-0.11675984,-1.8056732,789.84424,4064.8494,0.0,8300.037,0,0.9410101,9739337.0,0.019907646,376367.94,193887.27327070202
Geo16,2023-01-09,1016313,1142654,0,1129185,-0.53378177,1.0360029,7452.342,11016.592,0.0,8799.559,0,0.4402064,4258459.0,0.019979043,376367.94,85079.935474737
Geo16,2023-01-16,302796,233462,0,810176,-0.31703106,-1.5515649,2220.3193,2250.8613,0.0,6313.5723,0,0.0,5187293.5,0.019979388,376367.94,103638.949506378
Geo16,2023-01-23,171683,185194,1137491,2254032,2.6752982,0.37644488,1258.9039,1785.4983,8452.61,17565.312,288668,1.1008873,9603019.0,0.020003201,376367.94,192091.119263819
Geo16,2023-01-30,704162,0,0,817971,-0.039298087,-0.36703423,5163.425,0.0,0.0,6374.3174,129714,0.0,10348098.0,0.019903202,376367.94,205960.284809796
Geo16,2023-02-06,482470,0,159120,1277556,-1.0976789,1.2080743,3537.819,0.0,1182.4087,9955.79,175434,0.0,7159831.5,0.020091992,376367.94,143855.277219348
Geo16,2023-02-13,1826128,484134,0,1199980,-0.73583513,1.4270653,13390.491,4667.648,0.0,9351.253,0,1.0612339,6808856.5,0.0199357,376367.94,135739.32052705
Geo16,2023-02-20,1338934,938742,410701,1929709,0.5783409,0.41895533,9818.032,9050.629,3051.888,15037.914,148445,1.336803,8819537.0,0.019930746,376367.94,175779.951784602
Geo16,2023-02-27,648037,258436,0,474733,-1.484324,-0.18450543,4751.876,2491.6414,0.0,3699.5186,224921,0.2998176,7380776.5,0.020154325,376367.94,148754.5683333625
Geo16,2023-03-06,492253,0,0,1296193,0.6029186,0.098305106,3609.555,0.0,0.0,10101.025,201255,0.0,7296561.5,0.019963294,376367.94,145663.402413581
Geo16,2023-03-13,669057,0,0,898477,-0.8163962,0.20313257,4906.0093,0.0,0.0,7001.688,0,0.0,7621941.0,0.020084964,376367.94,153086.410595124
Geo16,2023-03-20,461851,0,0,0,-2.4532876,-1.674174,3386.6255,0.0,0.0,0.0,0,0.0,3625314.5,0.020235455,376367.94,73359.8884255975
Geo16,2023-03-27,512382,0,327682,2469735,0.4713999,1.276825,3757.1553,0.0,2434.9802,19246.25,1126541,1.0649736,7897833.0,0.020057524,376367.94,158410.974945492
Geo16,2023-04-03,1451079,154978,0,1944056,-2.4110246,0.68996876,10640.361,1494.1787,0.0,15149.718,1043946,2.1208231,7208456.0,0.0200699,376367.94,144672.99107440002
Geo16,2023-04-10,758046,130315,0,93967,-0.64050996,-1.4694088,5558.5415,1256.3971,0.0,732.26984,534191,1.7495595,8416014.0,0.019970722,376367.94,168073.875942108
Geo16,2023-04-17,1050435,0,0,717690,-2.0203078,0.33608454,7702.549,0.0,0.0,5592.8433,0,0.11783266,5247816.0,0.020096827,376367.94,105464.450279832
Geo16,2023-04-24,0,0,0,276154,-2.7398243,-1.4742156,0.0,0.0,0.0,2152.024,0,0.0,8628794.0,0.020050783,376367.94,173014.07604570198
Geo16,2023-05-01,1007334,0,0,753946,-0.35142064,0.06417024,7386.5015,0.0,0.0,5875.381,622708,0.96653455,8312584.0,0.02016422,376367.94,167616.77254448
Geo16,2023-05-08,865329,0,0,340099,0.9026592,-1.0427023,6345.218,0.0,0.0,2650.3372,318032,0.0,6833856.0,0.020013135,376367.94,136766.88269856002
Geo16,2023-05-15,186989,0,0,461663,-1.301974,-1.4964201,1371.1387,0.0,0.0,3597.666,0,0.0,6884228.5,0.0201297,376367.94,138577.45443645
Geo16,2023-05-22,506467,10536,0,682825,-1.6399786,0.1421194,3713.7822,101.58002,0.0,5321.1465,0,0.0,6446225.5,0.020117281,376367.94,129680.5297728655
Geo16,2023-05-29,856569,619396,0,773928,-0.5271854,0.091385186,6280.9834,5971.74,0.0,6031.0977,75478,1.9537202,8100066.5,0.020044038,376367.94,162358.040728527
Geo16,2023-06-05,580937,102931,0,1634716,-0.08631759,-0.76357454,4259.85,992.38165,0.0,12739.081,499639,0.7800789,7471487.5,0.01997347,376367.94,149231.531436625
Geo16,2023-06-12,0,219237,0,827542,-1.7469642,0.05024068,0.0,2113.7148,0.0,6448.903,0,0.11091125,3800558.2,0.01998143,376367.94,75940.58763422602
Geo16,2023-06-19,351449,0,0,426883,-2.05126,-2.126668,2577.0784,0.0,0.0,3326.631,0,0.27294177,8686370.0,0.01990611,376367.94,172911.8367207
Geo16,2023-06-26,502677,652244,498375,1400121,1.3731925,-1.07402,3685.9912,6288.4355,3703.387,10910.92,808074,1.1745887,8699948.0,0.02000514,376367.94,174043.67773272
Geo16,2023-07-03,166674,0,0,801898,-0.53642094,-0.15419704,1222.1742,0.0,0.0,6249.063,0,0.0,6823426.0,0.020139085,376367.94,137417.55620521
Geo16,2023-07-10,876923,0,0,918433,-1.4699312,-1.1222097,6430.2334,0.0,0.0,7157.202,0,1.8848106,7596061.5,0.020022325,376367.94,152090.8120729875
Geo16,2023-07-17,76219,381632,0,878213,-0.8967333,-0.106247246,558.8928,3679.4026,0.0,6843.774,103685,0.0,7301115.0,0.020054672,376367.94,146421.46655928
Geo16,2023-07-24,0,0,0,426480,0.013315178,-1.692821,0.0,0.0,0.0,3323.4905,23252,0.0,6334632.0,0.020034615,376367.94,126911.91328667999
Geo16,2023-07-31,1056532,0,0,1319949,0.21900897,0.77566814,7747.2563,0.0,0.0,10286.152,13227,0.0,5760244.0,0.019966174,376367.94,115010.033986456
Geo16,2023-08-07,591393,0,0,979308,-0.47173512,-0.5530241,4336.521,0.0,0.0,7631.591,0,0.4630029,6853051.0,0.020042911,376367.94,137355.091271461
Geo16,2023-08-14,1177203,945020,697417,2884766,1.0885403,2.4062984,8632.104,9111.157,5182.453,22480.521,1805597,2.402574,6983550.5,0.019803738,376367.94,138300.404411769
Geo16,2023-08-21,750036,828639,551735,2554348,3.1123567,0.012239605,5499.8066,7989.1006,4099.901,19905.627,519788,0.6731647,7523934.5,0.020108255,376367.94,151293.19352929748
Geo16,2023-08-28,278368,184710,0,1261267,0.52503407,-1.3202853,2041.1956,1780.8319,0.0,9828.853,93030,0.9300806,8028202.5,0.019898755,376367.94,159751.2346378875
Geo16,2023-09-04,1762535,1057754,693834,2450196,2.212318,0.7786136,12924.181,10198.051,5155.828,19093.986,345378,0.9338136,7905925.0,0.019962605,376367.94,157822.857934625
Geo16,2023-09-11,1287024,1240944,54672,1685052,-0.254377,2.9259708,9437.391,11964.228,406.2635,13131.341,1711626,0.3429667,7894854.0,0.020035127,376367.94,158174.402536458
Geo16,2023-09-18,235263,46321,0,813347,0.53758234,-1.6265533,1725.1185,446.5915,0.0,6338.2837,251402,1.135029,11034465.0,0.020037964,376367.94,221108.21242926
Geo16,2023-09-25,877571,235963,592448,1558733,1.2124429,0.05530411,6434.985,2274.974,4402.4365,12146.958,93618,0.0,8449933.0,0.019972814,376367.94,168768.940121462
Geo16,2023-10-02,667680,0,29531,1724800,1.6578112,-0.5972485,4895.9126,0.0,219.44263,13441.091,415188,1.0158995,8504693.0,0.019929154,376367.94,169491.336519722
Geo16,2023-10-09,975526,483990,0,2035554,-0.4018921,0.9892962,7153.262,4666.2593,0.0,15862.748,644650,0.30579045,12116830.0,0.020080281,376367.94,243309.35122922997
Geo16,2023-10-16,416935,753108,340548,1985562,2.55007,1.1277511,3057.269,7260.8887,2530.5864,15473.168,1163371,0.0,6668085.5,0.019976936,376367.94,133207.917276028
Geo16,2023-10-23,1177437,153357,700428,1745481,0.3700775,0.87320733,8633.82,1478.5504,5204.8276,13602.255,1072442,1.1473877,9704138.0,0.019985927,376367.94,193946.193665926
Geo16,2023-10-30,1435447,0,0,1108114,-0.36153364,-1.8466471,10525.735,0.0,0.0,8635.356,457257,1.5306805,6251543.5,0.020060662,376367.94,125410.101131797
Geo16,2023-11-06,951984,678893,0,1161485,0.77991724,-0.06981214,6980.635,6545.3643,0.0,9051.267,664403,1.0395355,7317788.0,0.019949228,376367.94,145984.221267664
Geo16,2023-11-13,1398377,752372,409508,1280648,-1.3609061,1.5189924,10253.911,7253.7925,3043.023,9979.886,407664,1.6533024,6345889.5,0.019966617,376367.94,126705.94517082149
Geo16,2023-11-20,879470,1105008,650235,1963527,1.4942763,1.2170539,6448.91,10653.638,4831.847,15301.453,486540,0.0,5952426.5,0.020092273,376367.94,119597.77825043451
Geo16,2023-11-27,891180,0,125289,2258154,0.66484374,0.9484589,6534.776,0.0,931.01306,17597.434,1199007,0.0,6186575.5,0.019847749,376367.94,122789.59769354951
Geo16,2023-12-04,533913,1145094,493913,1779144,-0.30468395,0.4112776,3915.0361,11040.116,3670.2302,13864.585,0,0.13180764,6638746.0,0.019954447,376367.94,132472.505203462
Geo16,2023-12-11,1086052,0,0,1471816,1.1763827,-2.0172465,7963.7183,0.0,0.0,11469.627,0,1.4720656,9644444.0,0.019953607,376367.94,192441.445309508
Geo16,2023-12-18,638944,672896,0,1583146,-0.40255994,1.5695987,4685.1997,6487.546,0.0,12337.204,405434,0.39532793,6028337.0,0.020023659,376367.94,120709.364425083
Geo16,2023-12-25,64042,0,0,1080156,-1.2874762,0.27708924,469.60226,0.0,0.0,8417.483,0,0.0,9700782.0,0.020109164,376367.94,195074.616166248
Geo16,2024-01-01,1168489,626492,1277528,2453044,3.4432638,0.66435707,8568.206,6040.1543,9493.214,19116.18,506541,0.0,8334164.0,0.02013912,376367.94,167842.72889568
Geo16,2024-01-08,806473,0,0,1532700,0.10809925,0.66469646,5913.643,0.0,0.0,11944.087,753492,0.0,2934693.2,0.02006145,376367.94,58874.20089714001
Geo16,2024-01-15,1056231,637242,758455,2060982,0.36879325,3.5214682,7745.0493,6143.7974,5636.022,16060.904,159814,0.0,4956941.0,0.020083234,376367.94,99551.406027194
Geo17,2021-01-25,1817419,531392,0,2329336,0.4547656,-0.42124954,13326.63,5123.2734,0.0,18152.145,0,0.0,18257758.0,0.020224385,777539.94,369251.92702883005
Geo17,2021-02-01,856334,548790,0,1817761,0.21806176,1.3149148,6279.26,5291.0117,0.0,14165.522,3019217,0.39952695,9059356.0,0.019952781,777539.94,180759.346269036
Geo17,2021-02-08,1750381,208909,0,3220938,-0.48039114,-0.044819742,12835.059,2014.14,0.0,25100.256,728179,1.0644648,3393230.5,0.020015543,777539.94,67917.3509816615
Geo17,2021-02-15,1593746,0,0,1211607,-0.6502687,0.5950257,11686.498,0.0,0.0,9441.86,0,0.14701262,9488476.0,0.019925475,777539.94,189062.3913261
Geo17,2021-02-22,1532113,433044,0,930364,-0.61690474,-1.5192459,11234.56,4175.0776,0.0,7250.178,0,0.0,10194774.0,0.02005303,777539.94,204436.10886521998
Geo17,2021-03-01,1124190,1874972,0,3007575,-0.07395136,-0.4493166,8243.374,18077.04,0.0,23437.553,654336,0.12312887,14693173.0,0.020006895,777539.94,293964.769427835
Geo17,2021-03-08,765563,0,0,2309627,-2.2670147,-1.2167964,5613.6616,0.0,0.0,17998.555,0,0.0,12780544.0,0.019988874,777539.94,255468.683667456
Geo17,2021-03-15,716209,0,809129,1585423,1.4026245,-0.78016,5251.7627,0.0,6012.5767,12354.949,28960,0.0,18114444.0,0.020015344,777539.94,362566.828028736
Geo17,2021-03-22,1907250,145512,0,2929872,0.903819,-1.3608884,13985.336,1402.9149,0.0,22832.025,981819,1.7056706,23267690.0,0.01985916,777539.94,462076.77854040003
Geo17,2021-03-29,2986447,442507,0,1408808,-2.296278,1.4778917,21898.79,4266.3125,0.0,10978.616,1833232,0.99793184,5003898.5,0.020040676,777539.94,100281.508575386
Geo17,2021-04-05,0,889148,0,2868782,-0.05360189,-0.023217678,0.0,8572.482,0.0,22355.96,146178,0.0,8546949.0,0.020158475,777539.94,172293.45774277498
Geo17,2021-04-12,969621,790752,1100671,2692353,1.0641005,0.53827703,7109.9624,7623.823,8179.003,20981.078,1896424,0.88216287,17200882.0,0.019942015,777539.94,343020.24685723
Geo17,2021-04-19,0,0,0,0,-3.4744775,-1.9409041,0.0,0.0,0.0,0.0,0,0.2005989,11079264.0,0.02005541,777539.94,222199.18201823998
Geo17,2021-04-26,1912472,314436,0,1150797,-1.5949955,-2.0793207,14023.628,3031.5503,0.0,8967.977,283206,0.0,23119450.0,0.019873273,777539.94,459459.14145985
Geo17,2021-05-03,1064156,0,0,4337364,0.5653098,-0.46468103,7803.1616,0.0,0.0,33800.383,1074687,0.0,12374943.0,0.01990538,777539.94,246327.94289334
Geo17,2021-05-10,634656,2288930,0,2749516,-1.3955755,0.5468774,4653.7563,22068.104,0.0,21426.54,939073,1.7278411,11786638.0,0.0200656,777539.94,236505.9634528
Geo17,2021-05-17,1774962,2342724,642126,4400500,-0.10094032,0.7998204,13015.305,22586.744,4771.59,34292.395,1813670,2.0092952,17974168.0,0.020154174,777539.94,362254.509377232
Geo17,2021-05-24,2464708,0,184894,1497736,-0.02634877,0.26956213,18073.021,0.0,1373.9333,11671.618,264753,0.0,12930727.0,0.020116681,777539.94,260123.31015708702
Geo17,2021-05-31,0,1322464,0,2800808,1.4376698,0.38959375,0.0,12750.182,0.0,21826.25,0,0.18170698,18582474.0,0.020084089,777539.94,373212.061656186
Geo17,2021-06-07,530702,1282166,0,2310999,-1.0033683,0.2654271,3891.4907,12361.659,0.0,18009.246,993412,0.0,12940081.0,0.020078938,777539.94,259823.08411397802
Geo17,2021-06-14,1317708,1047955,1834161,1363890,-1.0059116,1.9687836,9662.388,10103.577,13629.512,10628.577,663714,0.0,7325316.0,0.019964911,777539.94,146249.28198687598
Geo17,2021-06-21,1316029,0,0,718199,-0.65937227,-1.6966887,9650.076,0.0,0.0,5596.81,0,0.0,11115049.0,0.019855224,777539.94,220691.787665976
Geo17,2021-06-28,2286059,1860053,2392705,4116677,2.4217782,1.1272055,16763.037,17933.201,17780.01,32080.607,1921482,0.0,11194383.0,0.019954143,777539.94,223374.31917876902
Geo17,2021-07-05,1481488,0,0,587007,1.5287793,-1.67137,10863.341,0.0,0.0,4574.452,605315,0.0,15286932.0,0.019858014,777539.94,303568.109673048
Geo17,2021-07-12,1067634,1330743,0,803621,-1.4649047,0.47996557,7828.6646,12830.001,0.0,6262.4907,0,0.0,15700959.0,0.02015883,777539.94,316512.96331797
Geo17,2021-07-19,0,1458159,0,751620,-0.69357455,-0.001455516,0.0,14058.449,0.0,5857.255,0,0.0,14739026.0,0.020034341,777539.94,295286.672891866
Geo17,2021-07-26,1018754,1384279,2175902,2940189,2.0950365,1.0556065,7470.241,13346.154,16168.963,22912.424,1790542,0.0,16737956.0,0.020189686,777539.94,337934.075921816
Geo17,2021-08-02,0,1590142,2685549,3060830,-0.26779568,0.42386907,0.0,15330.927,19956.111,23852.56,886262,0.0,16614073.0,0.019976314,777539.94,331887.939066922
Geo17,2021-08-09,2002571,958196,0,2921219,0.3467188,-0.41829574,14684.299,9238.189,0.0,22764.594,0,0.0,13020726.0,0.020131042,777539.94,262120.78197649197
Geo17,2021-08-16,907568,1859278,0,3079188,0.8629497,-0.033633918,6654.945,17925.73,0.0,23995.62,0,0.0,21502144.0,0.02006137,777539.94,431362.46657727996
Geo17,2021-08-23,1066280,133309,0,2493582,-0.35136017,0.8804178,7818.736,1285.2628,0.0,19432.086,348475,0.13071081,11675585.0,0.019906996,777539.94,232425.82389266
Geo17,2021-08-30,1782632,800576,1912837,5763100,1.0405596,1.4111263,13071.547,7718.5386,14214.147,44910.92,2292125,0.77345926,12379811.0,0.020170858,777539.94,249711.40974783798
Geo17,2021-09-06,0,537634,0,2860458,-0.046433225,-1.3330367,0.0,5183.454,0.0,22291.092,0,0.34155902,20293806.0,0.020068906,777539.94,407274.48499623605
Geo17,2021-09-13,1729267,291968,1986216,2957406,1.5213909,0.49137744,12680.236,2814.931,14759.421,23046.594,597564,0.7493226,22258502.0,0.019998332,777539.94,445132.912818664
Geo17,2021-09-20,1529600,1135498,0,3841195,0.91156346,0.31688362,11216.133,10947.599,0.0,29933.82,323550,0.0,12303424.0,0.019950768,777539.94,245462.757829632
Geo17,2021-09-27,181564,0,0,873910,-0.6987441,-0.15013456,1331.3585,0.0,0.0,6810.241,460419,0.061788023,13700165.0,0.020078765,777539.94,275082.393496225
Geo17,2021-10-04,1598121,223472,1159192,4110772,0.613721,1.6504426,11718.579,2154.5452,8613.868,32034.59,1001452,0.0,8851226.0,0.020010108,777539.94,177113.988192408
Geo17,2021-10-11,2875214,1092632,0,2338935,-0.6912758,-0.6651771,21083.148,10534.318,0.0,18226.947,0,2.1130862,16142047.0,0.019981394,777539.94,322540.601073518
Geo17,2021-10-18,1277978,1765111,1227302,3595717,0.592738,0.028987512,9371.059,17017.844,9119.988,28020.848,442163,1.8694836,15744160.0,0.01994289,777539.94,313984.05102240003
Geo17,2021-10-25,1363827,2257905,0,2073142,0.06409973,1.9886863,10000.566,21768.984,0.0,16155.665,1333929,0.19544965,16123181.0,0.020095484,777539.94,324003.125814604
Geo17,2021-11-01,1698209,1338870,25563,2512520,1.26478,1.3885376,12452.496,12908.356,189.95673,19579.668,0,0.0,11413686.0,0.019945709,777539.94,227654.059573374
Geo17,2021-11-08,2368929,1055994,0,4124176,0.84250784,1.273485,17370.7,10181.083,0.0,32139.047,1450114,1.5134513,13947857.0,0.02005444,777539.94,279716.46133508
Geo17,2021-11-15,1654515,2434394,0,4327571,0.12618478,1.9645712,12132.1,23470.557,0.0,33724.07,3601830,0.0,14159076.0,0.019969782,777539.94,282753.661041432
Geo17,2021-11-22,0,992471,0,3489357,-0.2892785,1.1496813,0.0,9568.643,0.0,27192.002,276098,0.0,11443853.0,0.019871645,777539.94,227408.184248185
Geo17,2021-11-29,2104959,230584,2393712,5631040,3.178909,0.83055615,15435.082,2223.1138,17787.492,43881.797,3307660,0.0,21142790.0,0.020092674,777539.94,424815.18692046
Geo17,2021-12-06,1274214,666540,0,2423298,0.5209316,-0.5487364,9343.458,6426.2666,0.0,18884.373,0,0.0,14749020.0,0.020141091,777539.94,297061.35398082
Geo17,2021-12-13,1784119,1679858,0,2600760,-1.1083409,-0.003815174,13082.451,16195.9,0.0,20267.309,142402,0.0,7184581.5,0.020103768,777539.94,144437.159653092
Geo17,2021-12-20,307180,903019,0,2718490,-0.987166,-1.1310785,2252.466,8706.215,0.0,21184.758,413349,1.5861675,11708468.0,0.02009477,777539.94,235278.97151236
Geo17,2021-12-27,3629268,0,0,2225692,-2.026717,1.5033481,26612.418,0.0,0.0,17344.463,2187166,2.6841025,12498742.0,0.020054547,777539.94,250656.608879874
Geo17,2022-01-03,435786,1030093,0,2708084,0.24252361,-0.17874284,3195.498,9931.365,0.0,21103.666,958459,0.0,7306742.5,0.019889308,777539.94,145326.05205919
Geo17,2022-01-10,1583191,0,0,1585542,-0.53974974,-1.1434586,11609.101,0.0,0.0,12355.876,0,0.19450015,13581706.0,0.020093177,777539.94,272899.622619962
Geo17,2022-01-17,156352,0,0,2656131,0.66925824,-2.3756847,1146.4858,0.0,0.0,20698.807,0,0.0,25439212.0,0.019860374,777539.94,505232.264585288
Geo17,2022-01-24,857997,770891,0,3478934,-0.8271156,1.4818437,6291.4546,7432.3384,0.0,27110.777,1687582,0.13077469,8685459.0,0.020126706,777539.94,174809.67976805402
Geo17,2022-01-31,399683,1468285,0,2263994,0.3285364,-1.4181092,2930.7646,14156.076,0.0,17642.943,0,0.0,16094750.0,0.020039504,777539.94,322530.807004
Geo17,2022-02-07,816412,2809292,0,3831284,1.1732095,-0.81331307,5986.523,27085.033,0.0,29856.586,448324,0.24334617,16338385.0,0.019986842,777539.94,326552.71953017
Geo17,2022-02-14,1452531,0,0,0,-2.2467785,-1.460114,10651.008,0.0,0.0,0.0,0,0.0,14092888.0,0.01988654,777539.94,280258.78092752
Geo17,2022-02-21,0,0,0,402696,-0.78081405,-1.1284754,0.0,0.0,0.0,3138.1458,0,0.0,12332344.0,0.019897735,777539.94,245385.71284084
Geo17,2022-02-28,2120305,1291198,0,3446723,-0.6093322,1.4333955,15547.61,12448.739,0.0,26859.762,1075733,1.5855483,8725239.0,0.020102127,777539.94,175395.862483353
Geo17,2022-03-07,1148250,1011172,0,1700590,-1.1109211,-1.162072,8419.799,9748.943,0.0,13252.427,0,0.0,14975700.0,0.020221818,777539.94,302835.8798226
Geo17,2022-03-14,0,1410010,0,964915,-0.5212327,-1.6690271,0.0,13594.233,0.0,7519.4287,235205,0.0,17576408.0,0.020023901,777539.94,351948.253727608
Geo17,2022-03-21,0,1555334,0,2709069,-1.2952976,-0.09288946,0.0,14995.335,0.0,21111.342,194152,0.11422056,10059356.0,0.020086812,777539.94,202060.392813072
Geo17,2022-03-28,0,0,0,0,-1.6211545,-2.8472633,0.0,0.0,0.0,0.0,0,0.1593308,21576046.0,0.020165388,777539.94,435089.339095848
Geo17,2022-04-04,1896154,1488279,0,1110454,-1.1665617,0.20520812,13903.972,14348.842,0.0,8653.591,491012,0.09949267,16044562.0,0.020033801,777539.94,321433.562240162
Geo17,2022-04-11,693181,758617,0,2121556,-1.350663,0.51675063,5082.9043,7314.002,0.0,16532.947,466645,0.59315366,9091372.0,0.020009702,777539.94,181915.64449114402
Geo17,2022-04-18,0,0,0,0,-1.1775665,-2.4666014,0.0,0.0,0.0,0.0,0,0.0,10368649.0,0.019939106,777539.94,206741.591487794
Geo17,2022-04-25,939170,174187,0,1378228,-1.6931705,0.25662345,6886.6733,1679.3772,0.0,10740.311,0,0.0,8492555.0,0.01986338,777539.94,168690.8471359
Geo17,2022-05-02,3326684,107687,0,2766107,-1.3522308,0.30926675,24393.652,1038.2354,0.0,21555.83,1298472,1.2725754,9850301.0,0.019987198,777539.94,196879.916446598
Geo17,2022-05-09,0,891572,0,2752610,-0.94644284,0.39355832,0.0,8595.852,0.0,21450.65,0,0.0,11749029.0,0.020125668,777539.94,236457.056976372
Geo17,2022-05-16,740679,600145,0,1766307,-0.96913534,-0.05466023,5431.194,5786.137,0.0,13764.549,0,0.0,12692674.0,0.01997564,777539.94,253544.28646136
Geo17,2022-05-23,1144949,622228,0,0,1.3620832,-1.6239021,8395.594,5999.044,0.0,0.0,215074,0.8212383,20508658.0,0.019997207,777539.94,410115.879318206
Geo17,2022-05-30,0,452053,0,3443117,-0.14974645,0.42505926,0.0,4358.3477,0.0,26831.662,1501,0.0,10124865.0,0.019650234,777539.94,198955.96646840998
Geo17,2022-06-06,1598255,1219287,0,2340976,-1.6511292,-0.17199302,11719.561,11755.428,0.0,18242.852,756762,0.7446144,12314050.0,0.020202188,777539.94,248770.7531414
Geo17,2022-06-13,4697428,993153,745499,3918092,-0.42213896,1.8624537,34444.94,9575.218,5539.7466,30533.066,3381217,2.0099652,9530909.0,0.019993808,777539.94,190559.164611472
Geo17,2022-06-20,2037874,3315707,1386200,4356448,1.203062,1.5413637,14943.166,31967.498,10300.747,33949.105,212855,1.043431,10992638.0,0.019974174,777539.94,219568.864131012
Geo17,2022-06-27,1387417,1660670,0,1384764,-0.48734128,-0.8460934,10173.545,16010.904,0.0,10791.245,332905,0.7562047,16630720.0,0.02009389,777539.94,334175.85830079997
Geo17,2022-07-04,1925359,0,0,1536391,-0.21474208,-0.3561149,14118.124,0.0,0.0,11972.85,442313,1.1515764,12650127.0,0.020167876,777539.94,255126.192720252
Geo17,2022-07-11,1953606,0,382549,1787092,0.10739787,1.3715181,14325.252,0.0,2842.6929,13926.523,452020,0.23345119,8496123.0,0.020050948,777539.94,170355.320474604
Geo17,2022-07-18,2081872,613326,1129681,2622766,-1.2989364,1.6884809,15265.791,5913.218,8394.574,20438.799,899422,0.0,11921035.0,0.020018078,777539.94,238636.20847073002
Geo17,2022-07-25,1162660,502969,0,1308178,-0.61802006,-0.2640658,8525.464,4849.2407,0.0,10194.422,525081,0.0,9228066.0,0.020008683,777539.94,184641.447297078
Geo17,2022-08-01,120943,491832,0,2725644,0.7141438,0.20840901,886.84155,4741.866,0.0,21240.508,75715,0.0,20046796.0,0.020164922,777539.94,404242.07768991194
Geo17,2022-08-08,2830882,0,0,1672787,-0.27777565,-0.21733943,20758.074,0.0,0.0,13035.762,0,0.0,16109791.0,0.019784346,777539.94,318721.67913168605
Geo17,2022-08-15,866456,391910,0,479350,-0.61688054,-0.3946396,6353.482,3778.495,0.0,3735.498,598381,0.744355,21633716.0,0.020116217,777539.94,435188.52557237196
Geo17,2022-08-22,983088,2586454,646869,2223748,0.04144013,0.74560404,7208.712,24936.602,4806.8345,17329.314,1889270,0.5044899,12845853.0,0.020099688,777539.94,258197.63739386402
Geo17,2022-08-29,2513998,1960100,552152,3442802,-0.35692844,-0.096726,18434.451,18897.777,4102.9995,26829.205,2159994,2.2949302,14200310.0,0.020151453,777539.94,286156.87955043
Geo17,2022-09-05,2102639,548836,0,4151258,0.4561723,0.2742712,15418.07,5291.455,0.0,32350.092,168308,0.20274213,13034562.0,0.020299092,777539.94,264589.77321770403
Geo17,2022-09-12,1365580,448938,0,2870684,-1.0189631,1.357588,10013.42,4328.315,0.0,22370.781,1623580,1.0843589,12622654.0,0.02004035,777539.94,252962.4040889
Geo17,2022-09-19,2095551,1703439,305050,2336490,0.6914927,0.494193,15366.095,16423.25,2266.8035,18207.895,1564568,0.2954597,15497231.0,0.019848352,777539.94,307594.495913312
Geo17,2022-09-26,2391828,0,0,2706678,0.4300189,-0.49204957,17538.611,0.0,0.0,21092.71,1451464,1.0420868,15309068.0,0.019992549,777539.94,306067.29213433195
Geo17,2022-10-03,0,1087512,413963,2424154,0.79823625,-0.12615967,0.0,10484.955,3076.1277,18891.047,443698,0.04402569,14183581.0,0.020200254,777539.94,286511.93882957404
Geo17,2022-10-10,91581,0,0,4247762,3.4011354,-0.30172116,671.53815,0.0,0.0,33102.133,1547323,0.0,24286144.0,0.020003973,777539.94,485819.368850112
Geo17,2022-10-17,0,0,819980,3449792,0.7069358,-1.298985,0.0,0.0,6093.2095,26883.678,0,0.0,15564100.0,0.020159317,777539.94,313761.6257197
Geo17,2022-10-24,222725,66278,0,1225830,-1.1941013,-0.9067093,1633.1808,639.0016,0.0,9552.698,0,0.0,12587878.0,0.020200511,777539.94,254281.56800565802
Geo17,2022-10-31,3419878,3172990,561733,4325928,0.30466878,2.1846595,25077.018,30591.531,4174.1953,33711.27,3118368,0.8781405,11530817.0,0.020061204,777539.94,231322.07212366798
Geo17,2022-11-07,1205093,407376,0,4232498,1.6854175,0.5425044,8836.613,3927.6062,0.0,32983.184,600205,0.5290037,15979273.0,0.020134564,777539.94,321735.694891972
Geo17,2022-11-14,1375479,0,969675,3518780,-0.14037246,3.1455812,10086.007,0.0,7205.5815,27421.293,3249557,0.49434614,12115638.0,0.020183459,777539.94,244535.482831842
Geo17,2022-11-21,2827647,1459017,0,3231984,0.44886768,-0.37645796,20734.352,14066.721,0.0,25186.336,1137579,1.3999361,10470775.0,0.019988684,777539.94,209297.01271009998
Geo17,2022-11-28,1132192,0,0,3154756,1.3556991,0.057395577,8302.051,0.0,0.0,24584.51,824634,0.0,16076433.0,0.019978046,777539.94,321175.71798991796
Geo17,2022-12-05,2329467,2682093,0,2682524,0.15349573,0.4007599,17081.336,25858.68,0.0,20904.482,283707,0.0,8080923.5,0.020108208,777539.94,162492.890570088
Geo17,2022-12-12,1874552,2355353,585320,3729348,0.6010081,-0.068914205,13745.571,22708.504,4349.4683,29062.215,1498797,1.6394345,17075044.0,0.019832643,777539.94,338643.251861292
Geo17,2022-12-19,1553586,0,217819,2677518,-0.5081086,-0.032022595,11392.016,0.0,1618.5966,20865.47,0,0.0,5544652.5,0.020002475,777539.94,110906.7730149375
Geo17,2022-12-26,1738480,737293,0,3435637,0.30693322,0.50049376,12747.793,7108.4126,0.0,26773.371,528133,1.3633623,16562505.0,0.02013899,777539.94,333552.12256995
Geo17,2023-01-02,971324,1617188,0,2218390,0.309456,-0.5568451,7122.45,15591.684,0.0,17287.56,0,1.2242851,15820343.0,0.019750554,777539.94,312460.538720022
Geo17,2023-01-09,1211488,1550028,1781166,3667639,0.40761703,2.1651082,8883.506,14944.179,13235.71,28581.326,630337,0.0,13396598.0,0.020108316,777539.94,269383.025908968
Geo17,2023-01-16,0,252718,0,654246,-0.6647268,-1.0549475,0.0,2436.5127,0.0,5098.4346,0,0.0,17822258.0,0.019919304,777539.94,355006.975068432
Geo17,2023-01-23,0,0,0,3078484,1.5655458,-1.753898,0.0,0.0,0.0,23990.135,0,0.3241066,14466169.0,0.020016626,777539.94,289563.89452579396
Geo17,2023-01-30,1785717,813275,0,2752779,-0.5856354,-0.22822931,13094.168,7840.9727,0.0,21451.969,0,0.0,16312040.0,0.020020254,777539.94,326571.18405816
Geo17,2023-02-06,953360,0,0,1496614,-0.79483867,-1.0395977,6990.725,0.0,0.0,11662.874,501377,0.0,16634155.0,0.019855695,777539.94,330282.708262725
Geo17,2023-02-13,3210579,1050905,0,1690494,-1.0466458,1.1862953,23542.285,10132.018,0.0,13173.75,705981,0.4761407,5505740.0,0.020043608,777539.94,110354.89430992001
Geo17,2023-02-20,1930970,798318,181498,3962684,-0.9523654,0.48397553,14159.268,7696.7686,1348.6979,30880.564,1226126,0.5977306,15339896.0,0.020168236,777539.94,309378.642743456
Geo17,2023-02-27,1474424,645524,214787,1822838,-0.1658448,-1.2724969,10811.543,6223.6465,1596.066,14205.086,217382,2.3485026,16002515.0,0.020094048,777539.94,321555.30453072
Geo17,2023-03-06,2419969,0,0,2583331,-0.4602993,-0.36004865,17744.963,0.0,0.0,20131.486,1599774,0.35885006,16837654.0,0.020179272,777539.94,339771.59990788804
Geo17,2023-03-13,2039978,356031,0,1444595,-1.4249431,-0.69622535,14958.594,3432.5771,0.0,11257.498,0,0.29562306,17714762.0,0.019836484,777539.94,351398.592976808
Geo17,2023-03-20,679502,0,0,1069887,-1.9006565,0.5277175,4982.6,0.0,0.0,8337.459,719637,0.0,15774898.0,0.020075286,777539.94,316685.58897082804
Geo17,2023-03-27,1540611,0,49377,1991957,-0.5151136,-1.7609906,11296.874,0.0,366.91675,15523.003,0,0.3200947,9264787.0,0.02010261,777539.94,186246.39979407
Geo17,2023-04-03,2201922,46384,0,1669540,-1.4633846,0.8729723,16146.084,447.19888,0.0,13010.459,0,0.31566587,13015949.0,0.020120732,777539.94,261890.421554668
Geo17,2023-04-10,2573088,653363,0,1775725,-0.53989595,-1.0015507,18867.742,6299.224,0.0,13837.942,173302,0.3225102,19630246.0,0.020033278,777539.94,393258.17532638804
Geo17,2023-04-17,882138,534739,0,2376340,-1.0785218,-1.1985,6468.4736,5155.5425,0.0,18518.438,0,0.0,16599195.0,0.019999195,777539.94,331970.537648025
Geo17,2023-04-24,962025,0,0,811171,-1.9952592,-1.3469343,7054.263,0.0,0.0,6321.326,0,0.0,13778434.0,0.02007315,777539.94,276576.5724471
Geo17,2023-05-01,1738715,795074,1193228,3361392,0.39105448,0.14755714,12749.516,7665.4927,8866.787,26194.793,0,0.5709606,17949490.0,0.020061733,777539.94,360097.87586617004
Geo17,2023-05-08,1014878,731766,0,2968320,-0.12554882,-0.02785486,7441.8193,7055.1255,0.0,23131.645,0,0.0,17976978.0,0.019964792,777539.94,358906.62655857595
Geo17,2023-05-15,0,438313,0,2167350,-0.045159698,-0.4251946,0.0,4225.877,0.0,16889.812,0,0.0,19247398.0,0.019982608,777539.94,384613.209253984
Geo17,2023-05-22,2016545,0,0,3607532,-0.07187039,-0.33926773,14786.766,0.0,0.0,28112.922,441526,2.0439312,19475436.0,0.019973662,777539.94,388995.775966632
Geo17,2023-05-29,34624,850557,0,3397732,-0.5543624,-1.2723814,253.8882,8200.417,0.0,26477.984,0,2.1890469,13703344.0,0.02010221,777539.94,275467.49879024
Geo17,2023-06-05,1961081,872458,0,3254802,0.7684288,-0.7146191,14380.064,8411.57,0.0,25364.152,90507,0.0,8881298.0,0.020016527,777539.94,177772.741212046
Geo17,2023-06-12,2525927,0,359598,2456051,0.64325607,0.442552,18521.924,0.0,2672.1455,19139.613,1752213,0.7531507,13259037.0,0.020092277,777539.94,266404.244157249
Geo17,2023-06-19,1412797,401291,0,2180565,-1.4655329,0.5007213,10359.649,3868.9395,0.0,16992.797,1592936,0.46853483,10155748.0,0.020085325,777539.94,203981.4991981
Geo17,2023-06-26,1046203,1179067,89552,1853441,-0.013628066,-1.1869732,7671.517,11367.658,665.4541,14443.57,1207108,0.36459255,11360511.0,0.020014636,777539.94,227376.49243899598
Geo17,2023-07-03,431478,0,0,1489827,1.0565637,-0.2979205,3163.9087,0.0,0.0,11609.984,503463,0.0,20242554.0,0.0198441,777539.94,401695.2658314
Geo17,2023-07-10,2793383,380064,0,2833198,-0.7110038,2.8837068,20483.104,3664.285,0.0,22078.66,0,0.0,11892216.0,0.02000537,777539.94,237908.18119992
Geo17,2023-07-17,2264388,1102821,0,1534924,-0.6381531,-0.015627563,16604.13,10632.553,0.0,11961.418,754924,0.0,15561241.0,0.020039737,777539.94,311843.177033617
Geo17,2023-07-24,2033841,2427737,655639,2292941,-0.27039135,1.4975705,14913.593,23406.373,4872.004,17868.523,706437,0.0,12288788.0,0.019880233,777539.94,244303.96872760402
Geo17,2023-07-31,0,1043431,526564,2830726,-0.8817358,2.2022371,0.0,10059.96,3912.8572,22059.396,2160376,0.65379685,6790214.0,0.019983359,777539.94,135691.284048826
Geo17,2023-08-07,2180077,1225280,0,3443686,0.038714916,-1.2441744,15985.901,11813.208,0.0,26836.096,1691138,0.84742534,13895001.0,0.020031113,777539.94,278332.335166113
Geo17,2023-08-14,765759,0,0,2496996,0.008959353,-1.0703063,5615.0986,0.0,0.0,19458.691,0,0.02660811,10417208.0,0.020157196,777539.94,209981.703428768
Geo17,2023-08-21,2382329,316004,1427484,3904146,1.2925711,1.2024889,17468.957,3046.6677,10607.526,30424.387,1337684,0.27899396,16943090.0,0.01996066,777539.94,338195.2588394
Geo17,2023-08-28,0,45354,930038,2567383,1.1678275,0.07089543,0.0,437.2684,6911.042,20007.205,648167,0.20766187,12980919.0,0.020088267,777539.94,260764.166777373
Geo17,2023-09-04,2111804,2319537,1036300,3384211,1.3258066,0.7189796,15485.274,22363.193,7700.667,26372.615,3344468,0.0,17200328.0,0.020065997,777539.94,345141.730047016
Geo17,2023-09-11,534129,527902,0,2391164,1.0538368,-0.30132413,3916.62,5089.6255,0.0,18633.96,0,0.0,10077767.0,0.019906504,777539.94,200613.109096568
Geo17,2023-09-18,3433871,72864,0,3485918,0.24801812,-0.33796403,25179.627,702.49866,0.0,27165.201,524364,2.2540889,19763084.0,0.019954124,777539.94,394355.028758416
Geo17,2023-09-25,1968233,0,788023,3343411,0.71378577,0.4273687,14432.508,0.0,5855.7393,26054.668,662035,0.88358384,16323968.0,0.019972775,777539.94,326034.9399712
Geo17,2023-10-02,2760213,928683,2823617,4720681,0.47271597,1.6523445,20239.879,8953.648,20982.084,36787.51,3534762,1.952317,13384371.0,0.020064551,777539.94,268551.394532421
Geo17,2023-10-09,0,810393,244203,3050033,-0.6630349,-0.2818161,0.0,7813.1865,1814.654,23768.42,0,0.0,6865448.5,0.019966982,777539.94,137082.28662142702
Geo17,2023-10-16,1970012,471940,0,919467,0.28713173,0.25520292,14445.553,4550.083,0.0,7165.2593,2587761,1.5425689,22606586.0,0.019983608,777539.94,451761.152842288
Geo17,2023-10-23,2296195,1349425,0,4700266,2.1378963,0.4637828,16837.361,13010.119,0.0,36628.426,2334698,0.5419903,14553730.0,0.019950166,777539.94,290349.32941918
Geo17,2023-10-30,1236446,1416778,0,1103998,-0.7745006,-0.6103226,9066.516,13659.485,0.0,8603.28,276252,0.37322783,18174604.0,0.019982021,777539.94,363165.31879468396
Geo17,2023-11-06,2446373,2696023,0,2311309,0.6857147,-0.53961235,17938.576,25992.982,0.0,18011.662,1895938,1.0019768,21120322.0,0.01975596,777539.94,417252.23661912
Geo17,2023-11-13,835692,1309589,746618,3353263,0.27924067,0.19155496,6127.898,12626.051,5548.062,26131.443,1013882,1.8010895,20428704.0,0.019933453,777539.94,407214.611034912
Geo17,2023-11-20,2569706,295324,1747410,4375939,0.1611377,1.598315,18842.941,2847.287,12984.872,34100.996,1189974,0.52695537,14328016.0,0.019850684,777539.94,284420.917962944
Geo17,2023-11-27,944495,1755586,100552,1933526,1.1688156,-0.59333456,6925.7207,16926.012,747.19434,15067.66,1207105,1.2677178,16154654.0,0.020141933,777539.94,325385.958506182
Geo17,2023-12-04,2759877,725364,2205314,4211340,-1.3652862,2.7011526,20237.414,6993.4023,16387.521,32818.3,415332,0.5026107,4429209.5,0.01988219,777539.94,88062.384828805
Geo17,2023-12-11,2438415,99148,0,3921725,-0.7149918,0.7589718,17880.223,955.9088,0.0,30561.379,538048,0.6529893,9274029.0,0.020114817,777539.94,186545.396187693
Geo17,2023-12-18,522214,2129522,0,3437519,-0.2191784,0.8054976,3829.2507,20531.215,0.0,26788.037,1481496,0.0,14244549.0,0.020169321,777539.94,287302.881281229
Geo17,2023-12-25,550653,974102,420669,3065510,0.25843596,1.1663377,4037.786,9391.543,3125.9595,23889.03,3179865,0.0,16422050.0,0.02001507,777539.94,328688.4802935
Geo17,2024-01-01,94653,0,1894476,4768107,3.1412728,-0.65745497,694.0643,0.0,14077.708,37157.098,809210,1.7046478,24700124.0,0.020136729,777539.94,497379.703254396
Geo17,2024-01-08,3670346,1683873,1320660,3036082,1.8519619,0.81063473,26913.633,16234.609,9813.725,23659.701,2091766,0.0,12159959.0,0.0198418,777539.94,241275.4744862
Geo17,2024-01-15,207126,310816,449943,3486966,-0.30132055,1.211981,1518.7976,2996.649,3343.4924,27173.37,1281502,0.0,12121405.0,0.020032272,777539.94,242819.28198216
Geo18,2021-01-25,217859,0,0,0,-1.8362807,-2.047354,1597.4998,0.0,0.0,0.0,0,0.12454814,8150995.5,0.020000065,602324.5,163020.4398147075
Geo18,2021-02-01,998644,1078778,0,249441,0.21337771,-0.35174137,7322.78,10400.748,0.0,1943.8539,491727,0.0,4418291.5,0.020203205,602324.5,89263.64892425749
Geo18,2021-02-08,1382455,697764,0,3200856,-1.8570282,-0.49837536,10137.16,6727.3047,0.0,24943.76,401349,2.1322758,9716516.0,0.019885091,602324.5,193213.804862956
Geo18,2021-02-15,750824,151518,280525,3255007,1.8182713,0.4522465,5505.5845,1460.8201,2084.56,25365.75,782863,0.0,7764458.5,0.020066796,602324.5,155807.80476996602
Geo18,2021-02-22,1511657,0,0,995142,-1.2386744,-1.3237466,11084.562,0.0,0.0,7754.983,0,0.0,8416141.0,0.019825064,602324.5,166850.533958024
Geo18,2021-03-01,1120195,959450,624968,1459031,0.55555916,-0.41242763,8214.08,9250.28,4644.09,11369.996,0,0.0,14938035.0,0.019902831,602324.5,297309.186077085
Geo18,2021-03-08,0,99620,0,2756684,-1.7219036,0.1932357,0.0,960.4595,0.0,21482.398,736323,0.0,6932502.0,0.020092644,602324.5,139292.294715288
Geo18,2021-03-15,1821147,650861,293753,2187466,1.6646839,0.36799496,13353.967,6275.1016,2182.8562,17046.574,863955,0.0,11462467.0,0.019847946,602324.5,227506.42604278203
Geo18,2021-03-22,132779,0,0,476703,-1.7148049,-1.7809342,973.63165,0.0,0.0,3714.8706,0,0.0,11175062.0,0.02002997,602324.5,223836.15660814
Geo18,2021-03-29,2000812,0,515261,3191597,1.2014657,-0.107565895,14671.4,0.0,3828.8655,24871.605,6427,0.82887113,10107531.0,0.019786445,602324.5,199992.106217295
Geo18,2021-04-05,181219,256870,261820,2499010,1.0484343,-0.013466805,1328.8287,2476.5432,1945.5646,19474.387,1024797,0.7513174,9721650.0,0.020017648,602324.5,194604.5676792
Geo18,2021-04-12,0,84206,0,1501078,-0.12975284,-1.5771291,0.0,811.84955,0.0,11697.661,0,0.0648884,8083197.0,0.019916913,602324.5,160992.33141086102
Geo18,2021-04-19,0,1015870,0,1036040,-1.3867311,-1.3900143,0.0,9794.238,0.0,8073.6943,411938,0.0,6149901.0,0.019807829,602324.5,121816.187374929
Geo18,2021-04-26,1334192,0,0,1742199,0.9270721,-2.193049,9783.261,0.0,0.0,13576.679,0,0.0,14373494.0,0.01998366,602324.5,287235.01710804
Geo18,2021-05-03,1255200,375769,23959,2384381,2.5731368,-2.1887114,9204.034,3622.876,178.03752,18581.1,756853,1.7390498,4007262.0,0.019949397,602324.5,79942.460521014
Geo18,2021-05-10,0,1466812,581812,2324669,-0.29565808,1.5014461,0.0,14141.874,4323.401,18115.773,2239963,2.076727,12745183.0,0.020009058,602324.5,255019.105867614
Geo18,2021-05-17,1111778,842181,0,2373643,-1.2974215,1.4941666,8152.3604,8119.662,0.0,18497.422,1689990,0.0,13740220.0,0.019895392,602324.5,273367.06306624
Geo18,2021-05-24,1596660,0,0,1768834,-0.4259725,0.83845687,11707.866,0.0,0.0,13784.241,490718,0.0,10188802.0,0.019870054,602324.5,202452.045935308
Geo18,2021-05-31,2208640,979607,0,1859996,-0.20087388,-0.44185174,16195.346,9444.618,0.0,14494.652,0,0.8419285,6873125.5,0.020088306,602324.5,138069.448220403
Geo18,2021-06-07,2279880,11932,2057742,4039929,1.4116713,1.8524808,16717.729,115.03917,15290.925,31482.521,2062206,0.0,15315221.0,0.020211972,602324.5,309550.81802581204
Geo18,2021-06-14,3018041,0,0,1486868,-0.272332,0.9690035,22130.46,0.0,0.0,11586.925,1537660,0.0,12868324.0,0.020140056,602324.5,259168.765986144
Geo18,2021-06-21,1043102,382428,0,864725,-0.81342244,-0.23293044,7648.778,3687.077,0.0,6738.664,0,0.3898302,11862614.0,0.019956902,602324.5,236741.025061828
Geo18,2021-06-28,383637,0,0,811546,-0.47814566,-0.22494256,2813.104,0.0,0.0,6324.2485,1223374,1.2093643,9874475.0,0.019958586,602324.5,197080.55849235
Geo18,2021-07-05,268834,93351,0,1858904,0.3190228,-2.2551706,1971.2853,900.0186,0.0,14486.142,1237128,1.0021572,10169374.0,0.019973593,602324.5,203118.93734078202
Geo18,2021-07-12,1599506,597462,80200,2273194,-0.6130424,0.87265253,11728.735,5760.2695,595.96014,17714.639,1298573,0.0,12564832.0,0.02007297,602324.5,252213.49579103998
Geo18,2021-07-19,0,0,0,952264,-0.08474368,-0.7515913,0.0,0.0,0.0,7420.8413,0,0.5760278,9872446.0,0.020100245,602324.5,198438.58334927
Geo18,2021-07-26,1583731,977408,501619,2486349,0.7616036,1.9325343,11613.061,9423.417,3727.4927,19375.723,2723396,0.0,12928190.0,0.01992971,602324.5,257655.0775249
Geo18,2021-08-02,282743,465005,0,590280,-0.50813633,-2.161645,2073.2761,4483.221,0.0,4599.958,762587,0.0,3312434.2,0.020011459,602324.5,66286.6411834978
Geo18,2021-08-09,1027458,918657,1287121,3137205,1.8136197,0.6150925,7534.065,8856.985,9564.499,24447.738,0,0.0,12337328.0,0.020126365,602324.5,248305.56645272
Geo18,2021-08-16,1040776,607785,0,1507022,0.36993995,-1.4125048,7631.7227,5859.796,0.0,11743.982,0,0.7001572,11741813.0,0.02014753,602324.5,236568.52967189
Geo18,2021-08-23,21997,210151,0,863282,-1.5529125,-1.7242681,161.29791,2026.1145,0.0,6727.419,183018,0.0,6027538.0,0.019999884,602324.5,120550.06080559199
Geo18,2021-08-30,1588936,612141,0,3446954,0.5223094,1.3704048,11651.228,5901.793,0.0,26861.562,1865465,0.57211417,12413702.0,0.020007862,602324.5,248371.63652512402
Geo18,2021-09-06,0,0,334516,1831821,0.006814957,-0.95084417,0.0,0.0,2485.763,14275.089,0,0.0,11435522.0,0.01986944,602324.5,227217.41824767998
Geo18,2021-09-13,1078221,49628,0,1259254,0.78800654,-1.1088047,7906.296,478.47504,0.0,9813.166,0,0.0,7547761.5,0.019955458,602324.5,150619.037607267
Geo18,2021-09-20,1300898,0,0,3063265,-0.42579126,-0.8802452,9539.125,0.0,0.0,23871.535,0,1.4968091,5597163.5,0.019943165,602324.5,111625.15521247749
Geo18,2021-09-27,170961,100535,0,326819,-1.3976059,-0.028829515,1253.6096,969.2812,0.0,2546.8481,91476,0.33133298,8032818.0,0.019857103,602324.5,159508.494406254
Geo18,2021-10-04,831336,567370,1287969,3465588,2.5989928,0.87001884,6095.9565,5470.1455,9570.8,27006.773,822061,0.0,15051726.0,0.020158827,602324.5,303425.140485402
Geo18,2021-10-11,819700,743210,0,1813514,-1.6585085,0.96244603,6010.633,7165.4595,0.0,14132.425,0,0.0,10467497.0,0.019976253,602324.5,209101.368348741
Geo18,2021-10-18,498739,475845,311442,2301171,-0.43556172,0.034837395,3657.115,4587.732,2314.302,17932.658,345752,1.238583,8616941.0,0.020063441,602324.5,172885.487353981
Geo18,2021-10-25,1370587,0,0,1610734,-0.30424875,-0.6014354,10050.135,0.0,0.0,12552.193,0,1.564275,9014939.0,0.020019896,602324.5,180478.14122634399
Geo18,2021-11-01,1782587,439379,0,1682627,-1.2343228,1.394608,13071.217,4236.1543,0.0,13112.444,518982,0.0,13961771.0,0.020069743,602324.5,280209.155794853
Geo18,2021-11-08,236831,293079,22530,1669800,0.17908397,0.7003036,1736.6161,2825.6426,167.41873,13012.485,844539,0.73636436,13919890.0,0.020070888,602324.5,279384.55316232
Geo18,2021-11-15,1160669,928093,0,2194375,0.5058565,-0.004378676,8510.864,8947.96,0.0,17100.414,853741,0.0,6500176.0,0.020182796,602324.5,131191.726172096
Geo18,2021-11-22,2174125,1557582,2120722,4506328,2.0394976,1.5659153,15942.257,15017.009,15758.925,35117.098,4049722,2.3929038,19353690.0,0.019854784,602324.5,384263.33455296
Geo18,2021-11-29,1441214,1200198,346959,2705602,0.20676975,0.46647778,10568.023,11571.387,2578.226,21084.324,904173,0.0,9755084.0,0.0200178,602324.5,195275.3204952
Geo18,2021-12-06,870056,358754,0,569941,-0.3973595,-0.82824755,6379.88,3458.8306,0.0,4441.4595,796668,0.8163041,10888370.0,0.020111308,602324.5,218979.36268796
Geo18,2021-12-13,1242910,1161622,1338991,2683739,-0.9922333,3.1740804,9113.915,11199.467,9949.941,20913.95,2354501,1.8587661,12727308.0,0.020133153,602324.5,256240.839242124
Geo18,2021-12-20,1781239,0,0,1181985,-1.8697853,1.26562,13061.332,0.0,0.0,9211.021,1208239,0.0,12559909.0,0.019942282,602324.5,250473.247172338
Geo18,2021-12-27,929578,0,0,759944,-1.6022977,-0.18483207,6816.338,0.0,0.0,5922.1226,0,0.48676628,9377544.0,0.020076055,602324.5,188264.08910892
Geo18,2022-01-03,1232156,793228,623826,3507064,2.7680342,0.31502393,9035.059,7647.695,4635.604,27329.99,1061510,0.0,11754776.0,0.019939616,602324.5,234385.719606016
Geo18,2022-01-10,1018906,587416,0,2143425,-0.8628189,0.51766205,7471.3555,5663.4136,0.0,16703.37,1045432,0.24465925,8487581.0,0.01985071,602324.5,168484.50903251002
Geo18,2022-01-17,664736,938051,827353,2016821,1.2933624,-2.9078505,4874.325,9043.967,6147.9976,15716.764,528484,0.0,6251364.5,0.019877845,602324.5,124263.65456950251
Geo18,2022-01-24,1787234,963278,81335,1974073,-0.63471615,1.6449002,13105.292,9287.186,604.3942,15383.636,1475073,0.20523433,11602237.0,0.020067932,602324.5,232832.903163884
Geo18,2022-01-31,1067429,859719,167279,1541666,0.10843842,0.74043447,7827.1616,8288.75,1243.0376,12013.957,0,0.0,13791298.0,0.02010427,602324.5,277263.97864246
Geo18,2022-02-07,16250,1472026,0,1904402,1.0502977,-0.48971295,119.15675,14192.143,0.0,14840.701,0,0.0,11459581.0,0.019921862,602324.5,228296.191259822
Geo18,2022-02-14,789481,487547,0,482013,-1.9184978,-0.064468354,5789.0454,4700.5537,0.0,3756.2505,181047,0.0,7523172.0,0.019849917,602324.5,149334.33977672402
Geo18,2022-02-21,244832,0,669837,2955190,-0.004241705,0.66152734,1795.2853,0.0,4977.508,23029.324,1324803,0.0,17429834.0,0.02003737,602324.5,349248.03289658
Geo18,2022-02-28,377061,551931,0,2744550,0.08630407,-0.09282535,2764.884,5321.2944,0.0,21387.84,0,0.0,7601167.0,0.020035526,602324.5,152293.37905884202
Geo18,2022-03-07,428845,27550,0,317900,-1.5703326,-1.3062627,3144.6018,265.61594,0.0,2477.344,0,0.2861818,10807184.0,0.020059593,602324.5,216787.71251611202
Geo18,2022-03-14,384710,1059994,0,1273886,-0.8077083,-2.1363344,2820.972,10219.648,0.0,9927.19,0,0.0,6455572.0,0.020139784,602324.5,130013.825676448
Geo18,2022-03-21,306527,0,0,1261764,-1.6914508,-1.1692604,2247.6777,0.0,0.0,9832.726,582243,0.0,8586525.0,0.019905755,602324.5,170921.262951375
Geo18,2022-03-28,269827,0,0,750296,-0.9908906,-0.61224157,1978.5667,0.0,0.0,5846.937,271134,0.73388296,5458491.0,0.01998278,602324.5,109075.82478498
Geo18,2022-04-04,1527157,1377136,105040,1417981,-1.4861144,0.9241203,11198.219,13277.287,780.5443,11050.1,967291,0.0,10658388.0,0.019986726,602324.5,213026.280557688
Geo18,2022-04-11,736815,1188325,759710,2235308,1.2315698,0.38398117,5402.8604,11456.916,5645.3477,17419.398,1408113,0.38105446,9943901.0,0.020095058,602324.5,199823.267341258
Geo18,2022-04-18,1364897,0,0,2679796,-1.7114506,-0.9556264,10008.412,0.0,0.0,20883.223,698093,0.78274417,7524767.5,0.01996483,602324.5,150230.703927025
Geo18,2022-04-25,928096,736500,1060377,1930703,1.1221957,0.10756749,6805.471,7100.767,7879.5815,15045.66,0,0.0,12077996.0,0.01998063,602324.5,241325.96921748
Geo18,2022-05-02,669635,0,0,2162042,-0.64859074,-1.5150775,4910.248,0.0,0.0,16848.447,662678,0.0,6630774.5,0.019900795,602324.5,131957.6840157275
Geo18,2022-05-09,919690,0,0,1296561,0.2273786,-0.17624517,6743.832,0.0,0.0,10103.893,0,0.0,12292245.0,0.020115457,602324.5,247264.125730965
Geo18,2022-05-16,886756,185719,0,2511498,-0.4806764,-0.7384269,6502.336,1790.5598,0.0,19571.703,0,0.0,10139066.0,0.019875577,602324.5,201519.786991082
Geo18,2022-05-23,436375,338841,0,672242,0.22771293,-2.5438604,3199.817,3266.8445,0.0,5238.6743,537570,0.0,2593871.0,0.020012435,602324.5,51909.674785885
Geo18,2022-05-30,0,0,0,1311696,0.42712164,-0.92806137,0.0,0.0,0.0,10221.838,0,0.005270585,10665927.0,0.020173898,602324.5,215173.32337344598
Geo18,2022-06-06,159194,863825,0,1343943,-1.8707299,-0.6541509,1167.3254,8328.337,0.0,10473.133,0,0.28196967,9358234.0,0.019835092,602324.5,185621.432347528
Geo18,2022-06-13,657179,632346,0,963016,-0.73486495,-0.83536196,4818.9116,6096.594,0.0,7504.63,0,0.0,4036633.2,0.020083413,602324.5,81069.3716851116
Geo18,2022-06-20,669455,0,0,948391,-0.50363076,0.18080825,4908.928,0.0,0.0,7390.66,528904,0.73719454,6629358.5,0.01998341,602324.5,132477.188942485
Geo18,2022-06-27,720875,0,0,0,-1.2956382,-1.890713,5285.977,0.0,0.0,0.0,0,0.9536268,4776370.5,0.020256508,602324.5,96752.587244214
Geo18,2022-07-04,79979,107022,531036,2193733,1.6326938,-0.6125879,586.46387,1031.8239,3946.0884,17095.412,0,0.48944318,12139740.0,0.020133056,602324.5,244410.06524544
Geo18,2022-07-11,1535832,1056799,706023,3474632,0.10820635,2.3283694,11261.831,10188.844,5246.4033,27077.252,1186554,0.8187289,12481504.0,0.020012196,602324.5,249782.304422784
Geo18,2022-07-18,0,405791,55196,2406829,0.82136285,-1.5614917,0.0,3912.325,410.15732,18756.033,603324,0.98079216,10634906.0,0.019984836,602324.5,212536.85228541598
Geo18,2022-07-25,496949,105322,0,462025,-2.3468418,1.2552044,3643.9895,1015.43384,0.0,3600.487,564700,0.0,9968655.0,0.019882996,602324.5,198206.72749038
Geo18,2022-08-01,2420526,488844,116136,2250857,-0.007889032,-0.9239831,17749.049,4713.058,862.9978,17540.57,1487944,2.962813,10604143.0,0.01987339,602324.5,210740.26945477002
Geo18,2022-08-08,118527,0,0,1340607,0.58049047,-0.63959664,869.1257,0.0,0.0,10447.136,0,0.0,12727557.0,0.019986099,602324.5,254374.214230143
Geo18,2022-08-15,1847528,0,0,843381,-0.9319136,-0.9148911,13547.411,0.0,0.0,6572.3335,1238824,1.0543183,8346379.0,0.019868193,602324.5,165827.468823147
Geo18,2022-08-22,1824842,2111185,0,3517449,0.19143815,1.3325491,13381.061,20354.424,0.0,27410.918,1316090,0.0,9476300.0,0.020126613,602324.5,190725.8227719
Geo18,2022-08-29,498387,685512,899694,4088895,2.2245092,0.7010656,3654.534,6609.18,6685.558,31864.105,68040,0.13486767,18000796.0,0.020044573,602324.5,360818.269480108
Geo18,2022-09-05,808114,2255446,0,1243014,-1.7060201,0.29230493,5925.676,21745.277,0.0,9686.61,270671,0.0,13581644.0,0.01992239,602324.5,270578.80860916
Geo18,2022-09-12,0,0,0,1922807,-0.7880153,-0.33593708,0.0,0.0,0.0,14984.128,0,0.0,10993157.0,0.020012863,602324.5,220004.54497849097
Geo18,2022-09-19,265627,0,421362,1082835,0.069443405,-1.4299662,1947.7693,0.0,3131.1091,8438.36,0,0.0,9257368.0,0.0199992,602324.5,185139.95410560002
Geo18,2022-09-26,978934,0,992989,3803652,1.5720361,0.8117916,7178.252,0.0,7378.826,29641.254,551062,0.038901687,15458005.0,0.020007614,602324.5,309277.79725007
Geo18,2022-10-03,847411,1074198,0,1621805,-1.2354828,0.9797533,6213.83,10356.592,0.0,12638.468,116708,0.0,12073574.0,0.019916648,602324.5,240465.12345995198
Geo18,2022-10-10,440801,1050758,354527,3293532,1.6912776,0.59040546,3232.2717,10130.601,2634.4631,25665.97,216772,0.3496242,7305827.0,0.020003594,602324.5,146142.797142238
Geo18,2022-10-17,1460219,0,3248948,3604532,2.764614,1.150218,10707.382,0.0,24142.688,28089.543,2484494,1.5500671,16550080.0,0.02006097,602324.5,332010.6583776
Geo18,2022-10-24,0,0,62520,2458403,-0.8177423,-0.46879795,0.0,0.0,464.58142,19157.941,1229522,1.1851398,8853808.0,0.019921483,602324.5,176380.985557264
Geo18,2022-10-31,2504466,403779,0,1813199,-1.3566637,0.9662881,18364.557,3892.9268,0.0,14129.971,1591969,1.3462591,13711481.0,0.019987427,602324.5,274057.225549387
Geo18,2022-11-07,291834,0,0,2958084,3.258544,0.021572232,2139.938,0.0,0.0,23051.877,975647,0.0,11262347.0,0.019941036,602324.5,224582.86697149198
Geo18,2022-11-14,1589590,1555011,0,3127917,-0.185211,1.896045,11656.023,14992.221,0.0,24375.357,1524010,0.36456418,17881176.0,0.020018192,602324.5,357948.814353792
Geo18,2022-11-21,2253605,1285378,0,3428624,1.8562602,0.13222691,16525.062,12392.627,0.0,26718.72,624105,0.6811762,10910551.0,0.019908514,602324.5,217212.85733121398
Geo18,2022-11-28,939166,600234,0,3297365,3.1455755,-0.5670618,6886.6445,5786.995,0.0,25695.84,356668,0.0,8509788.0,0.019784134,602324.5,168358.786103592
Geo18,2022-12-05,473728,142050,0,2170350,-1.0263722,-0.09430903,3473.7163,1369.537,0.0,16913.191,0,0.37186366,13733903.0,0.020173522,602324.5,277061.194316366
Geo18,2022-12-12,1113600,826515,0,1965572,1.6776094,-0.745498,8165.7207,7968.6226,0.0,15317.389,764872,1.4041042,10950634.0,0.019868918,602324.5,217577.24899401198
Geo18,2022-12-19,137596,1777181,256190,1941248,-0.69928455,-0.22501919,1008.95337,17134.215,1903.7285,15127.836,0,0.94520533,11087645.0,0.019907583,602324.5,220728.21311203498
Geo18,2022-12-26,1493069,2030843,622410,2598968,0.35306212,-0.06303653,10948.262,19579.828,4625.0815,20253.344,0,1.0882207,9076790.0,0.020025741,602324.5,181769.44565139
Geo18,2023-01-02,2294268,1103135,2394522,3490472,1.3902501,2.2645407,16823.232,10635.58,17793.512,27200.691,2596958,0.2220295,21853348.0,0.020204319,602324.5,441532.014210012
Geo18,2023-01-09,850917,880042,952278,2898214,0.815989,1.7728422,6239.539,8484.689,7076.306,22585.32,1638023,0.13599564,10979268.0,0.020146418,602324.5,221192.922462024
Geo18,2023-01-16,0,324269,0,1458960,-0.2998381,-0.6013526,0.0,3126.3525,0.0,11369.443,128924,0.0,13404547.0,0.020188015,602324.5,270611.19590420503
Geo18,2023-01-23,2053368,1149723,630420,3407841,-0.31428874,0.64497745,15056.779,11084.746,4684.6035,26556.762,342260,1.6732297,9849754.0,0.020138647,602324.5,198360.718842838
Geo18,2023-01-30,1252915,0,0,731124,-2.200636,-0.29865104,9187.279,0.0,0.0,5697.5327,0,0.0,10379571.0,0.019976154,602324.5,207343.908749934
Geo18,2023-02-06,494175,727491,0,730554,-0.68467665,0.25496978,3623.6484,7013.909,0.0,5693.091,626195,0.0,8534785.0,0.020071013,602324.5,171301.780687205
Geo18,2023-02-13,1640733,1505226,0,731171,-1.2277523,0.2657369,12031.041,14512.232,0.0,5697.899,726784,0.54622626,10140877.0,0.02001663,602324.5,202986.18278451002
Geo18,2023-02-20,0,0,383177,1488160,1.7404865,-2.1718233,0.0,0.0,2847.3591,11596.993,26737,0.0,5168062.5,0.020024741,602324.5,103489.1130343125
Geo18,2023-02-27,1107509,35925,0,980110,-1.6659648,-0.7107583,8121.057,346.36124,0.0,7637.841,0,0.0,15143705.0,0.020084798,602324.5,304158.25589659
Geo18,2023-03-06,1348897,0,0,1721529,-0.8832747,-0.2667318,9891.088,0.0,0.0,13415.601,0,0.0,9035784.0,0.020141264,602324.5,181992.11099097598
Geo18,2023-03-13,1064089,830627,0,2171784,0.010185897,-0.9081918,7802.67,8008.267,0.0,16924.365,0,1.014904,10693903.0,0.020002943,602324.5,213909.532156529
Geo18,2023-03-20,297389,0,0,926820,-0.51337814,-0.9030607,2180.6711,0.0,0.0,7222.5605,0,0.0,2996226.0,0.020130036,602324.5,60314.137244136
Geo18,2023-03-27,1085721,6223,0,2859504,-0.8855436,0.76832235,7961.2915,59.997383,0.0,22283.658,565295,0.0,13656963.0,0.019869125,602324.5,271351.90496737504
Geo18,2023-04-03,2025469,559858,0,396133,-1.7347507,0.79217476,14852.203,5397.7207,0.0,3087.0012,178654,0.30274218,10174517.0,0.01977617,602324.5,201212.97785989
Geo18,2023-04-10,863698,1352953,0,2252548,-0.45375288,0.011599787,6333.2583,13044.133,0.0,17553.748,744885,0.0,7607357.0,0.020085221,602324.5,152795.446570897
Geo18,2023-04-17,245795,238412,0,2410191,-1.7995167,-1.0779108,1802.3467,2298.5852,0.0,18782.234,0,1.309095,11932755.0,0.020006943,602324.5,238737.94911796498
Geo18,2023-04-24,972808,305646,0,1041306,-1.4160073,0.2070548,7133.3315,2946.8037,0.0,8114.7314,398282,0.01126802,12113031.0,0.01993693,602324.5,241496.65113482997
Geo18,2023-05-01,1429879,205626,161185,1911194,1.6001701,-1.183161,10484.907,1982.4879,1197.7535,14893.63,1329931,1.3434212,8642519.0,0.020055756,602324.5,173332.252289364
Geo18,2023-05-08,824354,0,0,1059618,-1.7945848,0.15886724,6044.7593,0.0,0.0,8257.434,0,0.0,2217606.0,0.019855868,602324.5,44032.492012008
Geo18,2023-05-15,220269,33175,0,1213118,-0.9503239,-2.1083174,1615.1716,319.84784,0.0,9453.635,0,1.0143565,4983213.0,0.020104632,602324.5,100185.663542616
Geo18,2023-05-22,843784,0,964357,1956231,-0.09977454,-0.72415257,6187.2344,0.0,7166.064,15244.596,0,0.0,12391230.0,0.020081628,602324.5,248836.07132244
Geo18,2023-05-29,1100939,880021,0,423647,0.51871085,-1.3749032,8072.881,8484.486,0.0,3301.4136,438267,1.1052333,10773028.0,0.020195056,602324.5,217561.90374956798
Geo18,2023-06-05,0,861541,0,2479116,0.37426427,-0.9413505,0.0,8306.316,0.0,19319.355,2002695,0.6826011,6227410.5,0.02003808,602324.5,124785.34979184
Geo18,2023-06-12,515009,0,0,284024,-1.2954813,-0.75251174,3776.4185,0.0,0.0,2213.3538,512917,0.0,7858933.5,0.02004827,602324.5,157558.020720045
Geo18,2023-06-19,845750,845325,0,1023415,-1.2942713,-2.1120145,6201.6504,8149.974,0.0,7975.31,0,0.98748666,11846001.0,0.019764408,602324.5,234129.196932408
Geo18,2023-06-26,596956,14545,0,2105462,0.78567135,-0.4440211,4377.313,140.23172,0.0,16407.53,1889318,0.43137097,11523073.0,0.020042315,602324.5,230949.05883399502
Geo18,2023-07-03,787553,0,77062,1656869,-0.22417301,-0.5586491,5774.908,0.0,572.64185,12911.716,261389,1.2818334,8515224.0,0.019880973,602324.5,169290.938432952
Geo18,2023-07-10,705858,47128,859234,2926848,0.33162642,1.7604086,5175.8613,454.37198,6384.903,22808.46,995032,0.36484,14403838.0,0.019967446,602324.5,287607.857457748
Geo18,2023-07-17,155764,1456241,0,864755,-0.20631287,-0.22524202,1142.1742,14039.957,0.0,6738.898,0,0.0,7886208.5,0.019961307,602324.5,157419.02893450952
Geo18,2023-07-24,345903,851198,1595910,3252100,0.09235226,1.4422133,2536.411,8206.597,11859.087,25343.096,605552,1.1101048,9995711.0,0.019961033,602324.5,199524.717129463
Geo18,2023-07-31,16778,0,0,1566453,-0.40091857,-1.010412,123.02843,0.0,0.0,12207.118,0,0.9086215,16445232.0,0.01999191,602324.5,328771.59807312005
Geo18,2023-08-07,990662,0,0,3003332,1.2699542,-1.7280453,7264.25,0.0,0.0,23404.488,115153,0.8034378,3542857.8,0.02011924,602324.5,71279.606364072
Geo18,2023-08-14,2839094,1090844,0,2635292,-1.0938945,0.8124835,20818.29,10517.08,0.0,20536.41,1314015,2.616191,10508355.0,0.019963656,602324.5,209785.18434588
Geo18,2023-08-21,873080,0,0,2232074,1.7285408,-1.0612392,6402.054,0.0,0.0,17394.195,510810,0.0,9122008.0,0.019961441,602324.5,182088.424493528
Geo18,2023-08-28,838364,0,0,2966510,1.2505918,-0.70359176,6147.491,0.0,0.0,23117.54,0,0.004481316,5855577.0,0.020023149,602324.5,117247.09075197301
Geo18,2023-09-04,735449,1868463,590307,3407282,0.81102866,0.84506035,5392.844,18014.283,4386.5264,26552.406,1069059,0.0,4987831.0,0.019950368,602324.5,99509.06397180799
Geo18,2023-09-11,1965401,24724,0,3127927,0.56938016,0.5918087,14411.741,238.36981,0.0,24375.436,247275,0.0,13330825.0,0.019966317,602324.5,266167.477821525
Geo18,2023-09-18,0,88865,0,1625872,1.4747972,-2.4676266,0.0,856.76807,0.0,12670.161,0,0.39682117,6309642.5,0.020081837,602324.5,126709.2122132725
Geo18,2023-09-25,1489718,1208017,587212,2755787,2.0769358,0.6722084,10923.69,11646.772,4363.528,21475.408,0,0.0,7074501.0,0.020037789,602324.5,141757.358318289
Geo18,2023-10-02,1191215,1691363,0,1840044,-0.45714805,1.2655244,8734.85,16306.822,0.0,14339.169,1887939,0.0,10263369.0,0.019966861,602324.5,204927.262214709
Geo18,2023-10-09,1474498,291127,2403535,4039125,0.003681719,1.8684516,10812.086,2806.8228,17860.486,31476.256,2139222,1.3401396,17214736.0,0.01991035,602324.5,342751.4189176
Geo18,2023-10-16,2622682,787883,0,2209484,-0.8303839,2.0687904,19231.4,7596.1626,0.0,17218.156,1583707,0.0,12904593.0,0.020085396,602324.5,259193.860623828
Geo18,2023-10-23,149856,0,1107296,3133802,1.8699815,0.24547371,1098.8525,0.0,8228.233,24421.22,1490472,0.17823881,13988254.0,0.02011806,602324.5,281416.53326724
Geo18,2023-10-30,0,563437,0,1443371,-0.20870715,-0.26061687,0.0,5432.2266,0.0,11247.96,962343,0.46464682,14564266.0,0.020052534,602324.5,292050.439150044
Geo18,2023-11-06,1020189,1525681,521331,2756934,1.6421901,-0.036249563,7480.7637,14709.444,3873.9712,21484.346,1495292,1.2795526,9891233.0,0.019961951,602324.5,197448.30847558298
Geo18,2023-11-13,674403,463203,0,1576984,-0.09277384,1.3754413,4945.2104,4465.8477,0.0,12289.185,490323,0.28133127,16532802.0,0.019844865,602324.5,328091.22376173
Geo18,2023-11-20,1104054,733680,1084946,3036656,1.1308609,0.6175753,8095.7227,7073.579,8062.1514,23664.176,1137201,0.6095336,11951732.0,0.020083737,602324.5,240035.442182484
Geo18,2023-11-27,1848329,356555,609315,1526590,-0.014072657,0.04612708,13553.285,3437.6292,4527.7734,11896.472,1821000,1.477005,13957389.0,0.01984306,602324.5,276957.30737034
Geo18,2023-12-04,1155777,662217,2130208,3146174,2.1871507,-0.012037993,8474.993,6384.5874,15829.415,24517.633,551009,0.0,9512808.0,0.020115832,602324.5,191358.047576256
Geo18,2023-12-11,657486,316900,0,3169538,-1.4862039,-1.270887,4821.163,3055.3062,0.0,24699.703,323503,0.51174325,12003311.0,0.020067194,602324.5,240872.770479334
Geo18,2023-12-18,561093,626251,0,2624026,-0.0856203,-0.10334214,4114.34,6037.831,0.0,20448.615,2040996,0.55571896,9482844.0,0.020045413,602324.5,190087.524394572
Geo18,2023-12-25,994781,524903,0,2109059,-0.09801576,0.55898154,7294.4536,5060.7114,0.0,16435.56,389438,0.0,10540501.0,0.019962909,602324.5,210419.06227740902
Geo18,2024-01-01,1415868,1122983,0,2221003,-1.760103,0.39681998,10382.168,10826.939,0.0,17307.922,605609,2.2755044,10052983.0,0.019865233,602324.5,199704.849640039
Geo18,2024-01-08,0,510082,0,1543162,0.9661964,-1.7612879,0.0,4917.8184,0.0,12025.615,0,0.11528933,12468061.0,0.020002602,602324.5,249393.66189472203
Geo18,2024-01-15,3155696,392227,139353,2764933,0.44803524,1.3825641,23139.846,3781.5513,1035.5216,21546.682,2483578,0.64205265,9693014.0,0.019907692,602324.5,192965.53726368802
Geo19,2021-01-25,662866,1221242,0,2046135,0.24830711,0.5830791,4860.613,11774.277,0.0,15945.204,767505,0.5803838,2947307.0,0.019934779,426056.94,58753.913690153
Geo19,2021-02-01,831809,532308,1036025,1824266,1.204394,2.0933726,6099.425,5132.1045,7698.6235,14216.214,752736,0.0,3418024.2,0.020072322,426056.94,68607.6823461924
Geo19,2021-02-08,246797,14176,0,1344919,-1.081787,-1.2932596,1809.6941,136.67409,0.0,10480.739,0,0.0,6956334.5,0.01996803,426056.94,138904.295986035
Geo19,2021-02-15,0,758793,0,556934,-0.609906,-0.49976647,0.0,7315.699,0.0,4340.098,0,0.0,7653190.0,0.01972596,426056.94,150966.51981240002
Geo19,2021-02-22,824815,0,675243,1266788,0.40038624,0.34548053,6048.14,0.0,5017.6797,9871.877,0,0.4294731,5305231.5,0.019803284,426056.94,105061.006080246
Geo19,2021-03-01,605369,1201873,0,1158024,-0.48040223,0.008115411,4439.0034,11587.536,0.0,9024.296,0,0.5780004,8940023.0,0.020084085,426056.94,179552.18183395502
Geo19,2021-03-08,1063759,797449,0,1094886,0.048970103,0.1937387,7800.25,7688.3906,0.0,8532.272,19427,0.0,3337801.2,0.020101013,426056.94,67093.1853126156
Geo19,2021-03-15,1191830,0,0,1123414,-1.5676737,-0.045759052,8739.359,0.0,0.0,8754.586,247081,0.0,8585165.0,0.020024804,426056.94,171916.24643266
Geo19,2021-03-22,1420044,1040594,240137,1861282,0.99828374,0.21222031,10412.789,10032.608,1784.4398,14504.674,713844,1.5550461,8718627.0,0.020224962,426056.94,176333.89976717398
Geo19,2021-03-29,1357611,445361,0,2267403,-0.46447864,0.8643043,9954.986,4293.8286,0.0,17669.51,556290,0.32627124,3288311.2,0.0198966,426056.94,65426.21262192001
Geo19,2021-04-05,90335,333974,1024497,2058833,1.0286882,-0.03934066,662.40155,3219.9207,7612.96,16044.157,751740,0.7287261,7509863.0,0.020121563,426056.94,151110.181475869
Geo19,2021-04-12,773908,778707,694016,1747041,0.22939318,0.70370847,5674.853,7507.6943,5157.1807,13614.412,674118,1.1867194,10436329.0,0.02007707,426056.94,209530.90787603
Geo19,2021-04-19,1224944,821267,0,1324710,-0.77538997,-0.31460953,8982.175,7918.0254,0.0,10323.254,0,0.0,8820066.0,0.020090926,426056.94,177203.29332111598
Geo19,2021-04-26,197624,396396,0,373486,-2.1546452,-1.7161152,1449.1221,3821.7456,0.0,2910.5168,13850,0.0,11789715.0,0.019948944,426056.94,235192.36431096
Geo19,2021-05-03,1326565,0,0,1167049,-0.74209994,0.3918088,9727.334,0.0,0.0,9094.627,594985,0.43169296,11243460.0,0.019918127,426056.94,223948.66419942002
Geo19,2021-05-10,167035,624095,1057256,2653811,2.0606947,1.2676436,1224.8214,6017.0444,7856.3896,20680.727,403928,2.1961074,8223181.5,0.019953318,426056.94,164079.755441217
Geo19,2021-05-17,566035,297771,33072,1554617,-0.15741849,0.2595374,4150.578,2870.8792,245.75552,12114.882,0,1.3922884,11318157.0,0.020026801,426056.94,226666.477925757
Geo19,2021-05-24,112338,5402,0,252648,-1.3324976,-0.004670739,823.7434,52.081932,0.0,1968.8455,0,0.0,9503834.0,0.019960249,426056.94,189698.89309466598
Geo19,2021-05-31,1142119,1529244,424377,1176082,-0.79653376,2.4570808,8374.843,14743.795,3153.5134,9165.019,390640,0.7111833,13481028.0,0.020056715,426056.94,270385.13650302
Geo19,2021-06-07,228435,638294,820450,1709692,1.3704776,0.5424214,1675.0507,6153.94,6096.702,13323.357,0,0.0,7786232.0,0.01990389,426056.94,154976.30524248
Geo19,2021-06-14,1215677,1117548,637344,1660194,0.97117496,1.3129768,8914.223,10774.539,4736.055,12937.627,720940,0.32990068,2564875.0,0.020093882,426056.94,51538.29559475
Geo19,2021-06-21,1391658,1322977,0,740858,-2.0491767,1.4547114,10204.643,12755.128,0.0,5773.388,253444,0.4920982,11195322.0,0.019882647,426056.94,222592.635377334
Geo19,2021-06-28,0,0,0,1517038,0.7735886,-2.0199604,0.0,0.0,0.0,11822.035,0,0.21263996,9342480.0,0.019765163,426056.94,184655.64002423998
Geo19,2021-07-05,411615,0,0,278879,-0.3569107,-2.0010884,3018.2588,0.0,0.0,2173.2595,0,0.36932588,10090793.0,0.019936878,426056.94,201178.90896425402
Geo19,2021-07-12,1557668,503818,0,910790,-1.746143,0.3782457,11421.948,4857.426,0.0,7097.641,415958,0.0,11946809.0,0.020136846,426056.94,240571.053024414
Geo19,2021-07-19,409137,384102,0,572644,-0.56539464,-0.38391572,3000.0881,3703.2163,0.0,4462.5234,0,0.0,10507472.0,0.020021163,426056.94,210371.809629936
Geo19,2021-07-26,1244420,1746423,767569,1880221,1.3480396,0.48283032,9124.987,16837.668,5703.747,14652.262,1593047,1.329345,3220075.5,0.020105327,426056.94,64740.6708921885
Geo19,2021-08-02,557976,2187915,1906925,2514006,1.9985116,0.7749514,4091.4834,21094.195,14170.216,19591.248,875760,0.15146351,8129027.5,0.020164631,426056.94,163918.8399263525
Geo19,2021-08-09,1272744,0,443075,2143550,1.5796516,-0.4516691,9332.679,0.0,3292.4568,16704.344,373803,1.302913,2885014.5,0.019899078,426056.94,57409.128566631
Geo19,2021-08-16,0,767689,0,1366713,-0.73324394,0.24464244,0.0,7401.4673,0.0,10650.576,236830,0.3431179,8747969.0,0.019843055,426056.94,173586.430005295
Geo19,2021-08-23,644196,515562,0,1753971,2.043126,-1.8103354,4723.711,4970.6523,0.0,13668.416,0,0.5293453,2636107.8,0.020025996,426056.94,52790.6842583688
Geo19,2021-08-30,531160,1044367,0,1867887,-0.9291634,1.4678457,3894.8494,10068.984,0.0,14556.145,752,0.022245824,8969330.0,0.019833516,426056.94,177893.35006427998
Geo19,2021-09-06,798801,374031,326181,1795514,0.6969115,-0.94712704,5857.3867,3606.1194,2423.8262,13992.154,0,1.0985852,8128553.5,0.020033035,426056.94,162839.59676487252
Geo19,2021-09-13,1028230,1011127,836630,2933877,1.653781,1.0623095,7539.726,9748.51,6216.9346,22863.236,35474,0.0,8218306.5,0.01979803,426056.94,162706.278636195
Geo19,2021-09-20,951803,415814,286109,2306256,0.7408815,1.2070947,6979.308,4008.959,2126.0542,17972.285,956320,1.4095317,8592223.0,0.019931938,426056.94,171259.656118174
Geo19,2021-09-27,802254,0,0,281769,-2.0950482,0.8961436,5882.7065,0.0,0.0,2195.7808,403441,0.0,10837311.0,0.019975381,426056.94,216479.416240491
Geo19,2021-10-04,1091028,867855,975816,3145820,3.0042984,1.1073298,8000.2065,8367.191,7251.215,24514.873,979364,0.0,6592216.5,0.019891268,426056.94,131127.545115522
Geo19,2021-10-11,1857756,1526290,1391376,2906307,-0.3978042,2.7289352,13622.41,14715.315,10339.21,22648.387,660712,1.8492829,10102996.0,0.020015966,426056.94,202221.224434136
Geo19,2021-10-18,1681295,374113,858407,2986446,0.51052994,-0.5407952,12328.471,3606.91,6378.7573,23272.898,838054,4.8005548,10217629.0,0.019946264,426056.94,203803.52548805598
Geo19,2021-10-25,735812,740929,0,999752,-0.11529726,0.090431005,5395.5054,7143.468,0.0,7790.908,208718,0.15983596,3638273.5,0.020126585,426056.94,73226.02085099749
Geo19,2021-11-01,1529261,749530,0,2086069,-0.86835676,3.051346,11213.648,7226.3926,0.0,16256.403,612860,0.0,9113670.0,0.02004877,426056.94,182717.8736859
Geo19,2021-11-08,890332,392853,0,1997162,-1.1527646,1.8944261,6528.558,3787.5867,0.0,15563.565,987781,1.2785065,10741813.0,0.020205405,426056.94,217042.682099265
Geo19,2021-11-15,1034627,806354,6688,2382116,0.24544361,0.15272295,7586.6333,7774.2456,49.698025,18563.45,528649,1.9364638,5755854.5,0.020010883,426056.94,115179.73096452351
Geo19,2021-11-22,615035,1712574,784892,3095556,0.7877688,1.7725652,4509.8813,16511.322,5832.473,24123.174,1323640,0.9275696,6804786.0,0.019895235,426056.94,135382.81659471
Geo19,2021-11-29,46350,0,163778,1674854,0.37851262,-0.10904532,339.8717,0.0,1217.022,13051.87,86432,0.0,8534743.0,0.019852472,426056.94,169435.746434696
Geo19,2021-12-06,644249,0,0,1080256,1.2357893,-1.322315,4724.0996,0.0,0.0,8418.263,1671,0.23611161,6938459.0,0.020169469,426056.94,139945.033708271
Geo19,2021-12-13,1303135,286197,1077338,2884796,0.113474935,1.8484924,9555.528,2759.2915,8005.617,22480.756,1441317,2.2356274,10874737.0,0.019947583,426056.94,216924.718910671
Geo19,2021-12-20,1441080,641134,0,1075766,-0.24300912,0.07457888,10567.041,6181.3213,0.0,8383.273,993427,0.09552068,7891415.0,0.020100633,426056.94,158622.436765695
Geo19,2021-12-27,704372,0,0,439592,-0.09275303,-1.6273428,5164.965,0.0,0.0,3425.6702,17505,0.62709546,7340679.0,0.019991595,426056.94,146751.881593005
Geo19,2022-01-03,0,1163658,0,1274192,1.5386407,0.07504747,0.0,11219.096,0.0,9929.575,442371,0.11826627,1706860.9,0.020130556,426056.94,34360.0589316604
Geo19,2022-01-10,144086,0,0,344788,-1.1781929,-1.3212202,1056.5427,0.0,0.0,2686.878,68228,0.0,12078822.0,0.019890964,426056.94,240259.413564408
Geo19,2022-01-17,532919,812506,0,1184105,-1.2236497,1.3856837,3907.7476,7833.5586,0.0,9227.541,1006878,0.66358566,10286705.0,0.020243546,426056.94,208239.38585593
Geo19,2022-01-24,567086,658973,0,1145337,-0.93888223,1.0231112,4158.2847,6353.3115,0.0,8925.429,743089,0.0,2440055.8,0.020143315,426056.94,49150.81259697699
Geo19,2022-01-31,251826,540929,0,1118014,-0.75256747,0.30528527,1846.5704,5215.2217,0.0,8712.505,762532,0.0,7642612.5,0.020011572,426056.94,152940.69031185
Geo19,2022-02-07,876607,0,0,1528182,0.26686323,-1.5854499,6427.9165,0.0,0.0,11908.879,0,0.0,8454341.0,0.019930331,426056.94,168497.814516871
Geo19,2022-02-14,243551,226390,0,1654626,-2.1755712,-0.7908027,1785.892,2182.6785,0.0,12894.236,0,0.0,8726628.0,0.020171003,426056.94,176024.839567884
Geo19,2022-02-21,365346,104475,0,2461510,0.22756422,1.0345569,2678.981,1007.2677,0.0,19182.154,712125,0.0,7437288.0,0.020023946,426056.94,148923.853298448
Geo19,2022-02-28,1430928,642319,717688,1840627,2.0829754,0.51960945,10492.599,6192.746,5333.0854,14343.713,637906,0.30173975,5667451.0,0.02013039,426056.94,114087.99893589
Geo19,2022-03-07,1149564,220898,0,48311,-0.2464988,-0.37596974,8429.435,2129.7288,0.0,376.47992,40332,0.0,11006342.0,0.0198622,426056.94,218610.1660724
Geo19,2022-03-14,494897,656496,0,621176,-0.7900997,0.010639429,3628.9429,6329.43,0.0,4840.7256,173854,0.0,4040431.5,0.020003472,426056.94,80822.65837816801
Geo19,2022-03-21,290114,0,0,700094,-0.93275994,-0.46407217,2127.3257,0.0,0.0,5455.721,459992,0.0,8177984.0,0.020054596,426056.94,164006.165214464
Geo19,2022-03-28,505891,0,0,965048,-1.96047,-1.9044735,3709.5588,0.0,0.0,7520.465,866518,3.4956765,12832178.0,0.01996137,426056.94,256147.85296386
Geo19,2022-04-04,813541,380262,78576,607033,-1.8879993,0.3634285,5965.471,3666.194,583.89233,4730.5117,854446,0.9769569,9257667.0,0.019832324,426056.94,183601.05142810798
Geo19,2022-04-11,1227572,907512,0,2188454,1.1491814,0.30315864,9001.446,8749.533,0.0,17054.271,736461,1.55586,4475741.5,0.019916914,426056.94,89142.958541731
Geo19,2022-04-18,0,0,0,517981,0.13613522,-2.1120133,0.0,0.0,0.0,4036.5432,0,0.0,8645378.0,0.02010494,426056.94,173814.80596732002
Geo19,2022-04-25,554469,0,0,300388,-1.2339916,-0.6162306,4065.7678,0.0,0.0,2340.8757,0,0.0,6587220.5,0.019793127,426056.94,130381.6919335035
Geo19,2022-05-02,627653,864176,0,290541,0.12628871,-1.7003603,4602.4053,8331.721,0.0,2264.1396,489965,0.29632443,5617081.0,0.019888178,426056.94,111713.506768418
Geo19,2022-05-09,691464,0,965634,1656100,2.3306234,-1.0017872,5070.314,0.0,7175.5537,12905.723,1235812,0.0,8172788.0,0.02008543,426056.94,164153.96127884
Geo19,2022-05-16,1309353,399748,0,1535308,-2.318206,1.7239733,9601.123,3854.063,0.0,11964.41,645435,0.33224145,11415114.0,0.020210328,426056.94,230703.19809739199
Geo19,2022-05-23,0,0,0,1063492,0.66957176,-1.2463865,0.0,0.0,0.0,8287.623,0,0.0,6470618.5,0.01997137,426056.94,129227.116192345
Geo19,2022-05-30,1098739,1188609,822869,2124224,0.4314283,1.2028621,8056.749,11459.655,6114.6777,16553.738,1297212,1.3485979,8893499.0,0.019968836,426056.94,177592.822997164
Geo19,2022-06-06,494222,809335,0,653345,-0.85993856,-1.622421,3623.993,7802.986,0.0,5091.4136,0,0.0,6283261.5,0.020010099,426056.94,125728.6846578885
Geo19,2022-06-13,959793,863208,0,1346421,-1.5636473,0.8230366,7037.8965,8322.388,0.0,10492.444,1280548,1.1187278,9651912.0,0.020019937,426056.94,193230.67016954403
Geo19,2022-06-20,1781994,982864,917681,2172786,0.1456806,0.23764208,13066.869,9476.019,6819.218,16932.174,917928,1.4829831,9631110.0,0.019946204,426056.94,192104.08480644
Geo19,2022-06-27,1437256,718913,0,595884,-2.2532372,-0.54582703,10539.0,6931.2065,0.0,4643.629,0,0.0,14010223.0,0.019954521,426056.94,279567.289068183
Geo19,2022-07-04,976784,803663,0,1552664,-0.012701809,-0.14521734,7162.4863,7748.301,0.0,12099.663,33776,0.90119535,6629823.5,0.019900007,426056.94,131933.53405876452
Geo19,2022-07-11,1334790,333723,741321,2667913,0.7214345,2.2942493,9787.646,3217.5007,5508.7007,20790.62,551016,0.0,3870337.8,0.020232335,426056.94,78305.970932763
Geo19,2022-07-18,898298,593402,604186,1506147,-0.5518264,1.4840381,6586.9707,5721.126,4489.6606,11737.163,857659,0.858336,7059004.5,0.019835595,426056.94,140019.5543651775
Geo19,2022-07-25,497551,0,0,1346411,0.570472,1.119603,3648.4038,0.0,0.0,10492.366,647119,0.11897972,4370323.0,0.019883778,426056.94,86898.532320294
Geo19,2022-08-01,1044521,709759,86584,2219237,-0.07784429,1.6231031,7659.1836,6842.951,643.3992,17294.16,588990,0.9560709,7918409.0,0.019914173,426056.94,157688.566710757
Geo19,2022-08-08,417550,0,0,1164318,-1.2797804,-0.563777,3061.7786,0.0,0.0,9073.344,85947,0.0,11094816.0,0.01980623,426056.94,219746.47750368
Geo19,2022-08-15,1118396,231387,0,1947878,-0.015214503,0.1115253,8200.888,2230.8557,0.0,15179.503,731324,0.0,3677848.5,0.019931141,426056.94,73303.7170301385
Geo19,2022-08-22,1645914,732642,0,1917213,-0.10224526,1.2303917,12069.032,7063.571,0.0,14940.535,0,0.5068144,5207574.5,0.020005642,426056.94,104180.871135329
Geo19,2022-08-29,633989,398041,0,1163896,-0.25621685,-0.6075902,4648.866,3837.6055,0.0,9070.056,1383758,1.6042615,8402361.0,0.019925196,426056.94,167418.68978775598
Geo19,2022-09-05,1290204,1067538,101200,2402825,2.1009326,-0.9160534,9460.709,10292.381,752.0096,18724.832,0,0.0,6914172.5,0.02002993,426056.94,138490.391182925
Geo19,2022-09-12,921405,358042,568203,2088444,-0.879631,0.20849004,6756.408,3451.9658,4222.2734,16274.911,222883,1.4922917,10833032.0,0.019942727,426056.94,216040.199758264
Geo19,2022-09-19,289265,90526,596040,2093217,0.41134626,1.2199254,2121.1003,872.7821,4429.128,16312.106,705341,0.07183361,7582183.0,0.020050198,426056.94,152024.27042223403
Geo19,2022-09-26,1158846,0,0,1597874,0.586445,-0.99768984,8497.497,0.0,0.0,12451.977,443048,0.2430295,7822012.5,0.020205945,426056.94,158051.1543643125
Geo19,2022-10-03,807088,561186,0,1806937,1.4819689,-1.3281536,5918.153,5410.524,0.0,14081.172,661139,1.1164215,7853534.0,0.019980013,426056.94,156913.711415942
Geo19,2022-10-10,814251,863495,61082,1396613,3.459413,-0.97098136,5970.677,8325.155,453.89572,10883.582,471151,0.0,2864707.2,0.019918803,426056.94,57061.5383694816
Geo19,2022-10-17,848216,324284,374241,1520116,-0.6071148,0.2919239,6219.733,3126.4973,2780.9565,11846.022,162870,0.42940626,8480998.0,0.019806914,426056.94,167982.398020172
Geo19,2022-10-24,162294,333590,197750,1414900,-0.7528192,0.58545053,1190.057,3216.2185,1469.4652,11026.09,0,0.0,5740789.0,0.019972699,426056.94,114659.050719511
Geo19,2022-10-31,1304917,1424537,2207954,2400532,2.301687,1.6925017,9568.595,13734.291,16407.139,18706.963,1249196,0.6335899,2959993.8,0.020106958,426056.94,59516.4710168604
Geo19,2022-11-07,0,244263,0,948566,0.3075943,-1.7234106,0.0,2354.9963,0.0,7392.0234,409656,0.0,4097520.2,0.02003878,426056.94,82109.305833356
Geo19,2022-11-14,967530,578872,349867,2554625,0.99557287,1.5506214,7094.6294,5581.039,2599.8352,19907.785,1044736,1.0543029,5223011.0,0.020139035,426056.94,105186.401334385
Geo19,2022-11-21,1427246,252507,1227224,3474733,2.2399712,1.3289635,10465.6,2434.4785,9119.409,27078.04,876554,1.4828851,2294861.2,0.019918354,426056.94,45709.8577624648
Geo19,2022-11-28,429248,0,0,1947504,-1.3782783,1.5497653,3147.5566,0.0,0.0,15176.588,556594,0.0,11454654.0,0.020020032,426056.94,229322.539628928
Geo19,2022-12-05,55077,794113,0,1116882,-0.29645205,-1.3851154,403.8644,7656.2275,0.0,8703.683,34202,0.0,9176993.0,0.019964555,426056.94,183214.58148311498
Geo19,2022-12-12,84358,17965,152949,1486416,0.72727764,-0.7376281,618.57385,173.20471,1136.5525,11583.403,619296,0.7149733,7964174.0,0.019889595,426056.94,158404.19536953
Geo19,2022-12-19,0,0,0,398333,-0.5074959,-1.496477,0.0,0.0,0.0,3104.1455,0,0.6626009,4545264.5,0.019848254,426056.94,90215.564293183
Geo19,2022-12-26,318321,0,0,1825224,1.225359,-0.48498833,2334.1597,0.0,0.0,14223.679,0,0.16757417,5583204.0,0.019924993,426056.94,111245.300617572
Geo19,2023-01-02,1232908,1144347,1048097,2505834,2.159763,0.294175,9040.573,11032.914,7788.3296,19527.564,817888,3.1242228,7338641.0,0.019974893,426056.94,146588.568740413
Geo19,2023-01-09,555602,630623,0,721208,0.2904235,0.001905322,4074.0757,6079.9824,0.0,5620.259,0,0.8665258,9731527.0,0.02006033,426056.94,195217.64302391
Geo19,2023-01-16,916947,606966,0,1108167,-1.7150484,0.8577888,6723.7183,5851.8994,0.0,8635.769,112155,0.7576774,8275908.0,0.01979561,426056.94,163826.64716388
Geo19,2023-01-23,857423,725541,0,1669371,-0.19758263,0.022539914,6287.2456,6995.109,0.0,13009.142,420248,0.0,7611478.0,0.01979902,426056.94,150699.80515156
Geo19,2023-01-30,0,640952,0,1994638,-0.97657925,0.7892424,0.0,6179.5664,0.0,15543.896,0,0.0,5611642.0,0.019979302,426056.94,112116.690233884
Geo19,2023-02-06,649431,548013,0,1187813,-0.96766484,1.0372953,4762.0977,5283.52,0.0,9256.437,119017,0.0,5188805.0,0.019904206,426056.94,103279.04361383
Geo19,2023-02-13,1236016,594696,0,1322764,-0.6007366,0.22608876,9063.363,5733.602,0.0,10308.089,170127,0.0,5289385.0,0.019826151,426056.94,104868.145707135
Geo19,2023-02-20,1516398,924848,422970,2974364,0.934952,0.728502,11119.327,8916.674,3143.058,23178.744,388734,0.6524795,4649915.5,0.019986639,426056.94,92936.1824790045
Geo19,2023-02-27,0,0,0,795618,-1.2464023,-1.8603296,0.0,0.0,0.0,6200.124,0,1.066494,6733970.0,0.020090627,426056.94,135289.67949919
Geo19,2023-03-06,1277748,9046,0,784767,0.4088659,0.07427788,9369.372,87.21458,0.0,6115.564,0,0.0,5094373.5,0.019873947,426056.94,101245.30893720449
Geo19,2023-03-13,832316,467962,0,1397434,-1.548674,0.13537723,6103.143,4511.73,0.0,10889.98,423890,1.63882,6654572.5,0.0198439,426056.94,132052.67123275
Geo19,2023-03-20,612974,0,0,0,-2.334979,-0.61307555,4494.7686,0.0,0.0,0.0,301654,0.0,7441847.5,0.019926958,426056.94,148293.382574905
Geo19,2023-03-27,0,436452,0,3003284,-0.035070777,0.47793105,0.0,4207.935,0.0,23404.113,282995,0.0,3602895.8,0.020090064,426056.94,72382.4072073312
Geo19,2023-04-03,1035555,360222,0,1534897,-1.5952237,0.02860549,7593.438,3472.9836,0.0,11961.207,0,0.93091035,5461561.5,0.020069448,426056.94,109610.524523052
Geo19,2023-04-10,1526388,582606,607150,1659409,0.75218976,0.29613185,11192.581,5617.0396,4511.686,12931.51,1412448,1.6308683,5587986.0,0.020005662,426056.94,111791.359176732
Geo19,2023-04-17,0,731430,0,1234599,0.12675828,-0.2838074,0.0,7051.886,0.0,9621.033,171893,0.0,7542880.5,0.01991434,426056.94,150211.48685637
Geo19,2023-04-24,0,283160,0,815916,0.4105096,-1.7192581,0.0,2730.011,0.0,6358.303,0,0.0,7553262.0,0.020060115,426056.94,151519.30434513
Geo19,2023-05-01,0,187504,0,661041,-0.6591426,-1.6245422,0.0,1807.7695,0.0,5151.387,0,0.0,12147415.0,0.01979355,426056.94,240440.46617325
Geo19,2023-05-08,1057424,754740,0,662871,0.78086746,-0.9523514,7753.7974,7276.623,0.0,5165.648,141883,0.6937476,5280945.5,0.020052718,426056.94,105897.310884869
Geo19,2023-05-15,156637,667811,0,0,-2.1387112,-2.2666051,1148.5758,6438.5205,0.0,0.0,0,0.0,12785986.0,0.020014767,426056.94,255908.530655262
Geo19,2023-05-22,983293,101818,0,1315690,-1.613946,-0.19482541,7210.2153,981.65094,0.0,10252.962,0,1.0366074,9777853.0,0.020065373,426056.94,196196.26758416902
Geo19,2023-05-29,264905,445246,0,1281437,-0.804809,0.48647857,1942.475,4292.72,0.0,9986.034,0,0.0,8533415.0,0.019888487,426056.94,169716.713293105
Geo19,2023-06-05,339490,762269,0,1239638,1.9721673,-1.4103519,2489.3862,7349.212,0.0,9660.301,31765,0.37354302,5623296.5,0.020087525,426056.94,112958.10902616249
Geo19,2023-06-12,682963,0,0,1669260,-0.6883715,0.34030476,5007.9785,0.0,0.0,13008.277,537790,0.68159133,7362673.5,0.020036986,426056.94,147525.785842071
Geo19,2023-06-19,1317940,270290,0,1097450,-0.70648265,-0.25661755,9664.089,2605.9285,0.0,8552.253,104201,0.444718,9451693.0,0.019872058,426056.94,187824.59149419403
Geo19,2023-06-26,1142720,485797,0,1248360,-1.7341924,0.823037,8379.249,4683.6816,0.0,9728.27,643674,2.956283,12186278.0,0.02032323,426056.94,247664.53063794
Geo19,2023-07-03,676150,0,0,1345890,-0.36502892,-0.5934959,4958.021,0.0,0.0,10488.306,0,1.7651322,9703291.0,0.020014638,426056.94,194207.85677365802
Geo19,2023-07-10,584819,289814,0,208445,-1.7271272,-0.3511465,4288.316,2794.164,0.0,1624.3787,148816,0.50225437,7100765.0,0.01984941,426056.94,140945.99579865002
Geo19,2023-07-17,446940,690514,141732,2092131,0.67702,-0.02170229,3277.2874,6657.4053,1053.1997,16303.643,0,0.0,9893021.0,0.020019606,426056.94,198054.38256972597
Geo19,2023-07-24,555233,798899,433014,1801800,1.4992996,0.34316742,4071.3696,7702.37,3217.6943,14041.14,512627,0.0,4740780.0,0.019886507,426056.94,94277.55465546
Geo19,2023-07-31,468240,118903,0,1099951,-0.5340122,0.10714047,3433.4744,1146.3713,0.0,8571.743,101147,0.0,8436866.0,0.019971913,426056.94,168500.353744658
Geo19,2023-08-07,669025,339128,492773,2189776,3.5040593,-1.4820108,4905.775,3269.6116,3661.759,17064.576,622883,2.4082265,3110333.5,0.020054167,426056.94,62375.1474346945
Geo19,2023-08-14,1437287,147381,0,1670027,-1.516193,-1.2492976,10539.228,1420.9343,0.0,13014.254,490648,1.6324937,11182397.0,0.019902831,426056.94,222561.35766590698
Geo19,2023-08-21,1297616,318742,174493,1963299,0.24595922,-0.023201883,9515.059,3073.0654,1296.6443,15299.676,0,1.119411,2252665.0,0.020051854,426056.94,45170.10969091
Geo19,2023-08-28,0,0,33084,716445,-1.2877935,0.08038038,0.0,0.0,245.8447,5583.1416,780724,1.2066114,7235480.5,0.019863814,426056.94,143724.238852627
Geo19,2023-09-04,971931,1701557,563597,1453790,0.89130527,0.4512568,7126.901,16405.105,4188.047,11329.154,1074815,0.044718757,4310822.0,0.019960908,426056.94,86047.921346376
Geo19,2023-09-11,1551904,727570,541683,2422108,1.0538378,0.25076202,11379.682,7014.671,4025.2056,18875.102,1201871,1.3385017,10499549.0,0.02010023,426056.94,211043.34979627
Geo19,2023-09-18,749856,260429,0,1126506,0.6288444,-0.1949557,5498.4863,2510.8562,0.0,8778.682,196882,0.0,6580988.5,0.02003373,426056.94,131841.746742105
Geo19,2023-09-25,899213,0,0,1020883,0.45807523,-1.4002833,6593.68,0.0,0.0,7955.5786,337128,0.10492794,8702942.0,0.020153318,426056.94,175393.157661556
Geo19,2023-10-02,1506563,906947,441523,2032689,0.9963697,1.0033132,11047.209,8744.086,3280.924,15840.421,656537,0.7954378,5754286.0,0.019861974,426056.94,114291.47892056401
Geo19,2023-10-09,1623052,510567,0,1857693,0.18909079,-0.12124601,11901.391,4922.4946,0.0,14476.705,613430,0.66784894,8593944.0,0.02000833,426056.94,171950.46755352002
Geo19,2023-10-16,758492,0,0,1744191,0.7940995,1.0512005,5561.812,0.0,0.0,13592.202,1563075,0.38621902,4737976.0,0.019947343,426056.94,94510.032397768
Geo19,2023-10-23,889222,0,0,290594,0.034304857,1.5236707,6520.4185,0.0,0.0,2264.5527,914164,0.0,6010282.0,0.019862864,426056.94,119381.41396764801
Geo19,2023-10-30,1655110,528614,800079,1990636,-0.46300256,0.43611178,12136.463,5096.49,5945.3267,15512.709,1095552,2.667879,7146514.0,0.0200215,426056.94,143083.930051
Geo19,2023-11-06,702727,0,0,428908,0.029757798,-1.6327494,5152.9023,0.0,0.0,3342.4116,261638,0.44242752,10810320.0,0.019987136,426056.94,216067.33604352
Geo19,2023-11-13,1334088,0,150864,2426661,-0.99976903,3.1342254,9782.498,0.0,1121.059,18910.582,1375858,0.58398235,7823615.0,0.02004881,426056.94,156854.17064815
Geo19,2023-11-20,915184,1154428,759311,1593794,-0.32223853,0.9803269,6710.791,11130.108,5642.3823,12420.182,510738,2.216888,12105058.0,0.01991214,426056.94,241037.60960412
Geo19,2023-11-27,1859858,348883,660069,2119445,0.35102123,1.3270726,13637.824,3363.6619,4904.923,16516.496,1012120,0.8105423,6819550.5,0.020014292,426056.94,136488.475015746
Geo19,2023-12-04,598016,1203394,1074445,1326995,0.18404157,0.97369736,4385.086,11602.2,7984.1196,10341.06,935462,0.37470073,7948875.0,0.020003123,426056.94,159002.324336625
Geo19,2023-12-11,711567,0,0,1448304,1.2558664,-2.7759748,5217.724,0.0,0.0,11286.402,557889,1.7149392,9766175.0,0.020003155,426056.94,195354.31228212503
Geo19,2023-12-18,0,0,0,845927,-0.93093777,-1.4087043,0.0,0.0,0.0,6592.174,0,0.0,6256845.0,0.019918699,426056.94,124628.212244655
Geo19,2023-12-25,1127253,422781,256224,1438792,0.7039039,0.71487373,8265.834,4076.1294,1903.9811,11212.277,163014,0.3207365,4506906.0,0.019819317,426056.94,89323.798703202
Geo19,2024-01-01,277753,496097,93579,1172264,0.36276197,0.20727003,2036.6859,4782.986,695.3785,9135.266,597268,0.58945614,6621261.5,0.020276794,426056.94,134257.95545563102
Geo19,2024-01-08,563062,1142823,53310,685009,0.011572212,0.030403584,4128.778,11018.221,396.1426,5338.166,0,0.0,7560072.5,0.019904282,426056.94,150477.814980445
Geo19,2024-01-15,1431369,0,0,1528620,-0.04850939,-0.69101864,10495.833,0.0,0.0,11912.292,139986,0.0,7287084.5,0.020093849,426056.94,146425.5755932405
Geo2,2021-01-25,1641601,0,0,2602297,-0.47405672,-0.6412591,12037.406,0.0,0.0,20279.285,896493,0.0204131,9040215.0,0.020074543,892369.5,181478.184746745
Geo2,2021-02-01,3216016,1784437,0,3510657,-0.23277704,1.6467006,23582.154,17204.17,0.0,27357.99,2091540,0.17164934,14199617.0,0.02000208,892369.5,284021.87520336
Geo2,2021-02-08,2161784,617042,13798,2495520,-1.7031298,0.34903827,15851.764,5949.045,102.5319,19447.19,2329438,2.0258684,18448904.0,0.020005625,892369.5,369081.855085
Geo2,2021-02-15,566514,0,0,1253849,0.21943647,-1.2186031,4154.0903,0.0,0.0,9771.045,0,0.0,11283009.0,0.020019434,892369.5,225879.453996906
Geo2,2021-02-22,893473,1274398,815614,3907143,0.38927925,0.78442943,6551.59,12286.766,6060.766,30447.742,0,0.0,6711744.0,0.019857656,892369.5,133279.503512064
Geo2,2021-03-01,2723894,1080349,0,1997765,-2.3347964,0.5584457,19973.56,10415.895,0.0,15568.264,1122724,0.4459346,14354232.0,0.019828942,892369.5,284629.233782544
Geo2,2021-03-08,0,0,1577339,2961142,1.4466101,-1.3140869,0.0,0.0,11721.087,23075.707,265555,0.0,23866548.0,0.019843204,892369.5,473588.780739792
Geo2,2021-03-15,2781303,1517538,401153,4092416,0.483175,0.7078975,20394.523,14630.935,2980.9375,31891.547,837947,0.0,15549429.0,0.019942854,892369.5,310099.992330366
Geo2,2021-03-22,1897278,845854,0,3592086,1.2809638,-2.7552695,13912.214,8155.0747,0.0,27992.555,0,1.0876812,17143476.0,0.019974165,892369.5,342426.61829754
Geo2,2021-03-29,1920263,0,47429,1320727,-1.366907,0.9239099,14080.757,0.0,352.4413,10292.215,0,0.122092634,19555292.0,0.019933883,892369.5,389812.902758836
Geo2,2021-04-05,1037387,1034609,1087052,4070451,0.62954295,-0.5655899,7606.8716,9974.905,8077.801,31720.377,637338,0.52749294,20991714.0,0.019898275,892369.5,417698.89789335
Geo2,2021-04-12,1269507,1448987,1329330,4313901,-0.6049521,2.2983997,9308.943,13970.019,9878.151,33617.543,1249358,0.0,11637938.0,0.019791674,892369.5,230334.274928212
Geo2,2021-04-19,693758,0,0,241412,-2.1688788,-0.22038645,5087.1357,0.0,0.0,1881.2853,1525195,0.016810648,13112478.0,0.020054497,892369.5,262964.150713566
Geo2,2021-04-26,1426877,964337,0,3470488,-0.33790255,-0.21260154,10462.894,9297.396,0.0,27044.96,964344,0.0,14744532.0,0.019922359,892369.5,293745.85979098803
Geo2,2021-05-03,2672930,0,0,2754971,-0.96441233,-1.8348837,19599.855,0.0,0.0,21469.05,0,0.9778638,14197899.0,0.02014117,892369.5,285962.29740183
Geo2,2021-05-10,211769,862995,0,4841474,-0.42620918,-0.12582892,1552.8435,8320.335,0.0,37728.836,985192,0.5620655,17667180.0,0.019835724,892369.5,350441.30633831996
Geo2,2021-05-17,1925611,1259976,877960,4962480,0.09706789,0.73688334,14119.972,12147.72,6524.0547,38671.816,222776,0.80699795,8985784.0,0.020011144,892369.5,179815.81757689602
Geo2,2021-05-24,827235,0,0,2278041,-0.001012623,-1.1134357,6065.885,0.0,0.0,17752.41,0,0.11734158,7304864.5,0.01990502,892369.5,145403.47396978998
Geo2,2021-05-31,663605,1398538,0,2536510,0.012850225,-1.851142,4866.0317,13483.629,0.0,19766.617,0,2.4723482,14562864.0,0.020083537,892369.5,292473.81796996796
Geo2,2021-06-07,116313,1941318,112743,4011807,0.47761887,0.3294001,852.891,18716.695,837.78467,31263.371,360543,0.0,12821131.0,0.020038955,892369.5,256922.067158105
Geo2,2021-06-14,3492942,478283,213692,3837690,-0.31309408,1.892952,25612.775,4611.237,1587.9291,29906.506,3030569,1.7057672,17682402.0,0.019983264,892369.5,353352.107320128
Geo2,2021-06-21,1344321,3303103,0,3473477,-1.2725935,1.5134627,9857.534,31845.98,0.0,27068.252,143210,0.44810718,10181105.0,0.019920707,892369.5,202814.80964123498
Geo2,2021-06-28,1509923,0,0,1610078,-1.2255697,-2.1846952,11071.847,0.0,0.0,12547.081,142746,1.4037166,18734634.0,0.02002718,892369.5,375201.88735211996
Geo2,2021-07-05,117189,0,0,434725,0.43740562,-2.8398588,859.3145,0.0,0.0,3387.7424,0,0.0,15216574.0,0.019808246,892369.5,301413.641069204
Geo2,2021-07-12,1440101,778811,0,2197280,-2.0877175,1.3235172,10559.862,7508.697,0.0,17123.053,738368,0.0,13027677.0,0.019965641,892369.5,260105.92204595698
Geo2,2021-07-19,60160,0,0,1770877,0.41110432,-0.5700276,441.13663,0.0,0.0,13800.162,0,0.0,11317300.0,0.019840552,892369.5,224541.4791496
Geo2,2021-07-26,1453167,0,1820810,1341923,-0.23837472,0.5819788,10655.671,0.0,13530.301,10457.392,473265,0.0,5031997.0,0.01994887,892369.5,100382.65399339
Geo2,2021-08-02,2549472,1032680,0,2016832,-2.1891537,-1.0112815,18694.572,9956.307,0.0,15716.85,342872,2.5009947,18714002.0,0.020073496,892369.5,375655.444290992
Geo2,2021-08-09,2288459,134222,553552,3887450,0.45885286,-0.1383223,16780.637,1294.0654,4113.403,30294.277,0,1.0345128,13833865.0,0.020018801,892369.5,276937.39049586497
Geo2,2021-08-16,0,807239,0,4895120,0.51899195,-0.9335884,0.0,7782.778,0.0,38146.887,853790,0.0,16602701.0,0.02000904,892369.5,332204.10841703997
Geo2,2021-08-23,0,0,0,3051408,0.28863293,-1.6589972,0.0,0.0,0.0,23779.137,0,0.55948627,20888112.0,0.020003412,892369.5,417833.510238144
Geo2,2021-08-30,2352570,1703104,2474898,5814362,1.5734763,1.0440335,17250.744,16420.02,18390.78,45310.395,2651655,0.4804793,18861012.0,0.020143365,892369.5,379924.24898538
Geo2,2021-09-06,1862098,0,0,1507342,-1.209938,-1.8935874,13654.249,0.0,0.0,11746.476,0,0.0111866,9148704.0,0.020102305,892369.5,183910.03816272
Geo2,2021-09-13,0,2453222,1145943,2629792,0.581567,-0.05248761,0.0,23652.082,8515.416,20493.55,0,0.0,14967008.0,0.019920617,892369.5,298152.03400393605
Geo2,2021-09-20,0,1402612,684031,4762410,3.1061783,-0.8644196,0.0,13522.907,5082.9824,37112.7,1693694,0.0,20599066.0,0.01997611,892369.5,411489.20831325994
Geo2,2021-09-27,814797,0,0,1360496,-0.4538286,0.399565,5974.681,0.0,0.0,10602.128,0,0.0,18427456.0,0.019970844,892369.5,368011.849092864
Geo2,2021-10-04,3372676,0,0,3347134,-0.13330472,0.19813539,24730.9,0.0,0.0,26083.682,1912601,0.0,20103804.0,0.020037072,892369.5,402821.36822188797
Geo2,2021-10-11,1717495,0,183780,3589470,1.3105245,-2.100678,12593.915,0.0,1365.6553,27972.168,623741,0.0,9879868.0,0.020142103,892369.5,199001.318882404
Geo2,2021-10-18,355631,42778,0,1421674,-1.4924791,-1.300945,2607.7437,412.4326,0.0,11078.879,0,0.9370409,19506786.0,0.019996889,892369.5,390075.034388754
Geo2,2021-10-25,570079,0,0,1974819,-0.26529497,-0.40821522,4180.2314,0.0,0.0,15389.449,955407,0.0,17800568.0,0.020019772,892369.5,356363.31283049606
Geo2,2021-11-01,2559049,0,0,2315316,-3.4891922,1.3019147,18764.799,0.0,0.0,18042.889,0,0.0,11292906.0,0.019769035,892369.5,223249.85396571
Geo2,2021-11-08,2116325,831896,0,3562725,0.4926282,1.1948309,15518.425,8020.502,0.0,27763.748,1025839,0.1011748,12706579.0,0.020086024,892369.5,255224.650751896
Geo2,2021-11-15,1102345,1420128,1047321,4134772,-0.45111668,0.5124022,8083.1904,13691.783,7782.563,32221.617,902402,2.013689,18778116.0,0.020154018,892369.5,378454.48787008796
Geo2,2021-11-22,3375763,3462028,2181605,7082252,2.0349457,3.1250415,24753.535,33378.215,16211.342,55190.86,3775915,0.6042257,18804606.0,0.020032926,892369.5,376711.280457156
Geo2,2021-11-29,604496,918324,723932,2682730,0.27170902,1.1169646,4432.602,8853.774,5379.484,20906.086,2058230,0.0,19084328.0,0.020070449,892369.5,383031.031823272
Geo2,2021-12-06,2571481,2343222,1043160,4082340,-0.021499753,0.2315687,18855.957,22591.547,7751.643,31813.023,1428960,2.9863744,18084500.0,0.020124763,892369.5,363946.2764735
Geo2,2021-12-13,3735794,2332964,2004112,6858638,0.006453008,2.7730465,27393.545,22492.646,14892.405,53448.273,3385423,2.0173821,20357488.0,0.019902289,892369.5,405160.609490032
Geo2,2021-12-20,2920361,976904,0,3305660,-1.3662179,1.4733658,21414.197,9418.558,0.0,25760.482,756485,0.0,14350471.0,0.020164505,892369.5,289370.144231855
Geo2,2021-12-27,989911,1602405,784299,4272140,1.498442,-0.3138074,7258.7437,15449.158,5828.0664,33292.105,1786537,0.72396815,19148528.0,0.020035055,892369.5,383641.81164903997
Geo2,2022-01-03,1755450,0,0,3343913,1.4688839,0.33615196,12872.229,0.0,0.0,26058.58,2362283,0.52252835,23897272.0,0.019978082,892369.5,477421.65959230403
Geo2,2022-01-10,480419,420684,715287,3680778,-1.2459378,-0.031015083,3522.7795,4055.9119,5315.2437,28683.717,1199468,0.4192815,15317642.0,0.019945184,892369.5,305513.188136128
Geo2,2022-01-17,808196,0,1154048,3722040,0.5283258,-0.02128154,5926.2773,0.0,8575.643,29005.264,279526,0.0,17299674.0,0.02010212,892369.5,347760.12270888
Geo2,2022-01-24,1164872,1043977,0,1067162,-1.7549835,0.53119415,8541.684,10065.224,0.0,8316.223,2693402,1.6731287,11890791.0,0.020018345,892369.5,238033.956560895
Geo2,2022-01-31,526456,749807,532476,3607440,1.3354334,-0.14803642,3860.356,7229.063,3956.789,28112.203,0,0.0,15722928.0,0.02000524,892369.5,314540.94814272004
Geo2,2022-02-07,0,431616,0,2238531,0.22468148,-0.16051622,0.0,4161.3096,0.0,17444.514,1677416,0.0,20002646.0,0.020264195,892369.5,405337.51905997
Geo2,2022-02-14,4229394,2703676,0,4842908,-0.3154289,1.859175,31012.977,26066.766,0.0,37740.008,1928630,0.8851303,18500380.0,0.019833878,892369.5,366934.27987364
Geo2,2022-02-21,1001300,621819,1034322,4454944,0.95752835,0.4377001,7342.2554,5995.101,7685.9683,34716.668,1524266,0.58658737,14227059.0,0.019925844,892369.5,283486.158212796
Geo2,2022-02-28,1103028,712733,0,2714397,-1.2803953,-0.48827422,8088.199,6871.624,0.0,21152.861,0,0.0,29242514.0,0.019959616,892369.5,583669.350314624
Geo2,2022-03-07,1920315,0,0,97926,-2.6337323,-0.43215138,14081.138,0.0,0.0,763.1217,0,0.0,11670695.0,0.01998192,892369.5,233202.8938344
Geo2,2022-03-14,2302254,0,1811552,3779249,1.8009712,-0.15837568,16881.793,0.0,13461.506,29451.084,1773676,0.0,22227832.0,0.019828195,892369.5,440737.78732324
Geo2,2022-03-21,1034890,62785,0,4272656,0.30811924,-0.6598896,7588.562,605.32477,0.0,33296.125,0,0.0,18507756.0,0.020037336,892369.5,370846.125578016
Geo2,2022-03-28,316470,0,0,884016,-3.4221087,-1.0003439,2320.587,0.0,0.0,6888.9956,900108,0.59639883,5466038.5,0.020054152,892369.5,109616.766916852
Geo2,2022-04-04,1858947,1020722,0,1011478,-3.2470422,0.12292055,13631.144,9841.017,0.0,7882.2866,0,0.58056825,15029913.0,0.020053247,892369.5,301398.557777511
Geo2,2022-04-11,2755870,3033680,1033532,1771518,-0.22765702,0.9785531,20208.031,29248.412,7680.098,13805.157,3470431,1.1640807,13387258.0,0.02012051,892369.5,269358.45846158004
Geo2,2022-04-18,770466,1348703,251832,2746519,-0.036567897,0.31736624,5649.614,13003.158,1871.3445,21403.184,0,0.0,10144359.0,0.019884624,892369.5,201716.764436016
Geo2,2022-04-25,2421665,1562202,60779,3629676,-0.6047442,0.074919105,17757.398,15061.551,451.64417,28285.486,0,0.88472486,18222758.0,0.020051708,892369.5,365397.422370664
Geo2,2022-05-02,2970534,1792138,0,4811629,-1.5903925,0.34623325,21782.104,17278.418,0.0,37496.258,2337580,1.3754436,18785746.0,0.020170618,892369.5,378920.106411028
Geo2,2022-05-09,0,0,0,3258580,0.8008785,-0.6076934,0.0,0.0,0.0,25393.594,493823,0.0,8423001.0,0.020025605,892369.5,168675.69094060498
Geo2,2022-05-16,2488491,0,0,2302910,-1.8788184,-0.23821126,18247.416,0.0,0.0,17946.21,1171080,0.0,8190170.0,0.01994935,892369.5,163388.5678895
Geo2,2022-05-23,786873,1850045,551471,2986360,0.5162662,0.42735767,5769.922,17836.713,4097.9395,23272.229,1010733,0.9636364,16090139.0,0.020039007,892369.5,322430.40805197303
Geo2,2022-05-30,363320,0,1145732,2337561,-0.852664,-0.30871204,2664.125,0.0,8513.848,18216.24,359900,2.1655397,23392174.0,0.019897778,892369.5,465452.285189372
Geo2,2022-06-06,817566,692262,0,2773682,0.014848888,0.27404553,5994.985,6674.258,0.0,21614.861,2062817,0.0,8820264.0,0.019960975,892369.5,176061.06919739998
Geo2,2022-06-13,2827273,2607842,1325779,4281814,-0.32528403,2.221847,20731.61,25142.809,9851.764,33367.492,2492043,0.7233694,17126174.0,0.019993303,892369.5,342408.786012722
Geo2,2022-06-20,1175619,2777284,0,3495494,-0.0882099,0.7307961,8620.489,26776.438,0.0,27239.828,0,0.0,10596631.0,0.019931188,892369.5,211203.444627628
Geo2,2022-06-27,722063,2675896,0,2428984,-1.3291688,0.6128229,5294.688,25798.932,0.0,18928.684,1633010,0.0,15454054.0,0.019841418,892369.5,306630.345208572
Geo2,2022-07-04,1650365,0,1158938,2870098,0.056138128,1.5780091,12101.67,0.0,8611.981,22366.217,1816559,0.5650739,18058640.0,0.020012654,892369.5,361401.31403056
Geo2,2022-07-11,1477044,908166,1098881,6110273,-0.90496486,0.87368286,10830.755,8755.839,8165.7017,47616.383,814001,1.7359495,19412816.0,0.020043718,892369.5,389105.009489888
Geo2,2022-07-18,1290960,0,756345,3782360,-1.1972108,1.1257032,9466.252,0.0,5620.3423,29475.328,0,0.0,13538698.0,0.019882243,892369.5,269179.683539614
Geo2,2022-07-25,2716142,1871802,0,526703,-2.742564,-0.79033047,19916.719,18046.477,0.0,4104.5127,1673083,0.7038308,9703338.0,0.019763872,892369.5,191775.530204736
Geo2,2022-08-01,1651322,901786,245355,3857299,-0.119892985,-0.30528486,12108.687,8694.328,1823.2145,30059.316,269062,1.5420889,22296642.0,0.019947845,892369.5,444769.95863649
Geo2,2022-08-08,769160,33033,605711,3498045,1.7283549,0.051264778,5640.0376,318.47882,4500.9927,27259.705,926921,0.0,17632144.0,0.020029174,892369.5,353157.28016905603
Geo2,2022-08-15,420977,234833,0,1634878,0.3948939,-1.8484571,3086.9077,2264.0793,0.0,12740.343,0,0.0,20198054.0,0.020024262,892369.5,404451.12518614804
Geo2,2022-08-22,3424392,2431956,0,3579118,0.22925733,-1.9426506,25110.117,23447.05,0.0,27891.496,0,0.17450637,19435804.0,0.020034106,892369.5,389378.957531224
Geo2,2022-08-29,2952433,1349575,1656454,2816600,-0.1431512,0.5058379,21649.373,13011.565,12308.984,21949.314,1329626,1.8809357,15803965.0,0.02004729,892369.5,316826.66950485
Geo2,2022-09-05,3377594,0,0,4226702,0.86089134,-1.4259465,24766.963,0.0,0.0,32938.016,901719,2.6649387,16651077.0,0.020052312,892369.5,333892.591140024
Geo2,2022-09-12,1826036,1851123,1728778,3996933,0.79626435,1.1501088,13389.816,17847.105,12846.419,31147.463,1971579,1.9629161,19047846.0,0.020002961,892369.5,381013.320672006
Geo2,2022-09-19,1768872,0,0,2219754,-0.45053154,-0.36602095,12970.649,0.0,0.0,17298.188,745152,0.48513025,16483916.0,0.01992752,892369.5,328483.56576832
Geo2,2022-09-26,2179176,279207,640109,6520428,0.54544663,0.66125417,15979.294,2691.8992,4756.6016,50812.656,1179339,1.5828819,16132007.0,0.020075643,892369.5,323860.413405501
Geo2,2022-10-03,2678669,2953591,0,2919544,-0.9711205,2.1280522,19641.938,28476.254,0.0,22751.54,1385593,0.0,14154367.0,0.020022474,892369.5,283405.445243958
Geo2,2022-10-10,242968,794648,1657617,3801008,2.4622362,-0.3999086,1781.6171,7661.3857,12317.627,29620.65,639746,0.0,9768124.0,0.019956972,892369.5,194942.177160528
Geo2,2022-10-17,0,12217,2310390,4302786,1.4775169,1.2610135,0.0,117.78692,17168.334,33530.926,2249027,0.0,22971590.0,0.019909753,892369.5,457358.68291727
Geo2,2022-10-24,540114,629825,0,3065960,0.1560376,-0.32425392,3960.5066,6072.2886,0.0,23892.537,1795689,1.0440968,14636296.0,0.019871172,892369.5,290840.35525891196
Geo2,2022-10-31,1096452,1975220,0,2931038,-0.9842127,0.8621916,8039.979,19043.555,0.0,22841.111,1696469,0.0,19511132.0,0.020031339,892369.5,390834.099365748
Geo2,2022-11-07,1392502,937796,2016038,5230249,2.4767416,1.302519,10210.832,9041.508,14981.026,40758.496,4453918,0.49773937,20028480.0,0.02000279,892369.5,400625.4794592
Geo2,2022-11-14,2888369,1157286,1196270,5659021,1.3084092,2.5703938,21179.61,11157.662,8889.392,44099.848,1009380,0.0,11032105.0,0.019977774,892369.5,220396.90043427
Geo2,2022-11-21,1215391,2111604,0,4117370,1.6419747,-1.0083076,8912.126,20358.465,0.0,32086.008,1385512,0.0,21997526.0,0.020125078,892369.5,442701.926557028
Geo2,2022-11-28,739014,266995,1387074,7544978,2.4801483,-0.14126661,5418.985,2574.1604,10307.242,58796.81,731241,0.0,20351584.0,0.019951724,892369.5,406049.18693081604
Geo2,2022-12-05,3066876,82493,191346,3960603,-0.47911367,0.54886484,22488.553,795.3341,1421.8777,30864.348,0,0.0,13639741.0,0.0199998,892369.5,272792.09205180005
Geo2,2022-12-12,1534589,0,0,3680645,-0.09169912,-1.1079335,11252.716,0.0,0.0,28682.68,1231724,3.3612795,23978202.0,0.019951822,892369.5,478408.81818404404
Geo2,2022-12-19,775256,0,0,2828270,-0.8193575,-1.6758759,5684.7373,0.0,0.0,22040.256,0,0.0,13752083.0,0.02015192,892369.5,277130.87644936
Geo2,2022-12-26,2194990,1600952,0,2014430,-1.5546517,1.2586929,16095.254,15435.149,0.0,15698.132,1696046,0.0,14163151.0,0.020062894,892369.5,284153.797218994
Geo2,2023-01-02,893849,0,0,1022945,1.346365,-3.1655092,6554.347,0.0,0.0,7971.647,0,0.0,21408678.0,0.020047497,892369.5,429190.407978966
Geo2,2023-01-09,0,998797,0,3891539,-0.35401455,0.44484144,0.0,9629.633,0.0,30326.143,1895470,1.4170765,13928768.0,0.019982595,892369.5,278332.92979296
Geo2,2023-01-16,638727,0,0,2252788,0.1386812,1.1640164,4683.6084,0.0,0.0,17555.617,1605656,0.0,20144690.0,0.019804837,892369.5,398962.30186552997
Geo2,2023-01-23,398850,0,467324,1733797,0.14886305,-0.69071186,2924.6565,0.0,3472.6492,13511.203,0,0.7231615,12397803.0,0.020125613,892369.5,249513.385228239
Geo2,2023-01-30,0,295705,0,4111585,0.4430766,-0.37476397,0.0,2850.9602,0.0,32040.926,0,0.0,25467114.0,0.020160822,892369.5,513437.952207708
Geo2,2023-02-06,0,941781,0,2098747,-1.3814701,0.02476421,0.0,9079.929,0.0,16355.201,862106,0.0,20075096.0,0.019798866,892369.5,397464.135641136
Geo2,2023-02-13,4784388,763428,0,1208937,-0.86011326,1.0574901,35082.594,7360.386,0.0,9421.053,190235,0.0,12257198.0,0.02008642,892369.5,246203.22705116
Geo2,2023-02-20,1233299,390804,2497445,5484278,1.9209741,1.1933582,9043.44,3767.8318,18558.326,42738.105,693361,0.0,15268395.0,0.019991612,892369.5,305239.82870273996
Geo2,2023-02-27,1261164,0,0,1335546,-1.1232367,-1.2227628,9247.766,0.0,0.0,10407.697,0,0.0,15422154.0,0.019842293,892369.5,306010.898359122
Geo2,2023-03-06,0,0,0,3067184,0.84752345,-2.0435522,0.0,0.0,0.0,23902.076,0,0.0,15530989.0,0.019989004,892369.5,310449.00124495605
Geo2,2023-03-13,264269,1092339,1508145,1716844,1.9086747,-0.9226767,1937.8114,10531.493,11206.912,13379.091,307322,0.0,13497090.0,0.02000273,892369.5,269978.6470557
Geo2,2023-03-20,646878,0,0,1050078,-1.1268322,-0.27801377,4743.3774,0.0,0.0,8183.0903,658955,0.046543956,18167610.0,0.02003972,892369.5,364073.8174692
Geo2,2023-03-27,990352,389151,0,842106,-2.4019,-0.24335128,7261.977,3751.895,0.0,6562.3975,0,0.5397773,10337296.0,0.020053884,892369.5,207302.93485766402
Geo2,2023-04-03,2128488,863761,0,3027511,-2.1181676,0.003081054,15607.613,8327.72,0.0,23592.91,0,0.0,17377380.0,0.020174408,892369.5,350578.35409104003
Geo2,2023-04-10,1319979,146586,0,1321524,-1.9781158,0.24734712,9679.041,1413.2697,0.0,10298.426,1653230,2.292167,16932122.0,0.020111384,892369.5,340528.407476848
Geo2,2023-04-17,1062908,600470,0,3738800,-0.16300899,-1.3818364,7794.01,5789.2705,0.0,29135.871,0,0.45998472,17969508.0,0.019993102,892369.5,359266.206333816
Geo2,2023-04-24,0,2347233,0,1904952,-1.686336,-0.095896065,0.0,22630.217,0.0,14844.987,0,0.0,7202460.5,0.019888189,892369.5,143243.8956890345
Geo2,2023-05-01,1444865,0,0,4187239,-0.54716146,0.27410483,10594.795,0.0,0.0,32630.486,448021,0.0,9681822.0,0.020020459,892369.5,193834.520396298
Geo2,2023-05-08,0,1401837,0,3344707,-0.12499699,-0.9135729,0.0,13515.435,0.0,26064.768,0,0.0,19122524.0,0.0201063,892369.5,384483.2043012
Geo2,2023-05-15,1726233,1078969,0,489622,-2.328156,-0.7042434,12657.989,10402.59,0.0,3815.5461,128024,0.1215045,14335499.0,0.020123566,892369.5,288481.360269434
Geo2,2023-05-22,2778295,2453939,0,2526462,0.10901171,-0.5119314,20372.469,23658.994,0.0,19688.316,0,0.3600477,17452000.0,0.020116754,892369.5,351077.590808
Geo2,2023-05-29,2401228,619495,0,312875,-1.342164,-1.6275377,17607.54,5972.6943,0.0,2438.185,0,1.6335423,5862493.5,0.0199281,892369.5,116828.35671735
Geo2,2023-06-05,2363496,0,2992067,5158795,0.6057581,0.7373898,17330.861,0.0,22233.824,40201.668,3002530,1.9425815,21325102.0,0.019989064,892369.5,426268.828684528
Geo2,2023-06-12,2515247,0,0,1264585,-1.2700664,0.2568655,18443.61,0.0,0.0,9854.709,0,0.0,11045569.0,0.01989599,892369.5,219762.53036831
Geo2,2023-06-19,1010897,117285,0,2394378,-1.3726339,-0.16830784,7412.628,1130.7719,0.0,18659.006,0,0.0,13444581.0,0.020094808,892369.5,270166.27383544797
Geo2,2023-06-26,1488086,2070890,714922,4724780,0.9192299,0.017463923,10911.723,19965.93,5312.5317,36819.457,901808,0.0,22332284.0,0.019994289,892369.5,446518.14032607595
Geo2,2023-07-03,0,0,0,0,-1.0510178,-0.29853436,0.0,0.0,0.0,0.0,0,0.0,13235289.0,0.020000715,892369.5,264715.24323163496
Geo2,2023-07-10,1561065,1410159,0,1799041,-1.0738498,-0.2548928,11446.857,13595.669,0.0,14019.64,0,0.0,11783880.0,0.020060072,892369.5,236385.48123936003
Geo2,2023-07-17,1678881,1513565,1770571,3034142,0.8054382,0.52664214,12310.77,14592.631,13156.979,23644.584,0,0.012813747,14866857.0,0.020057047,892369.5,298185.249591279
Geo2,2023-07-24,0,163637,1826790,3625035,1.3070856,0.94904673,0.0,1577.6622,13574.738,28249.32,1823023,0.0,9944345.0,0.019905519,892369.5,197947.348340055
Geo2,2023-07-31,704007,1469660,252002,2956753,2.4523215,0.85967004,5162.2886,14169.332,1872.6079,23041.504,2260260,0.0,19708602.0,0.020129599,892369.5,396726.25511059805
Geo2,2023-08-07,903766,0,0,3705952,-0.19178629,-0.6066259,6627.066,0.0,0.0,28879.893,1344944,1.3460072,16125857.0,0.019979326,892369.5,322183.754032382
Geo2,2023-08-14,0,486019,0,3961854,2.0136182,-2.6572747,0.0,4685.8213,0.0,30874.096,0,2.3663366,17051238.0,0.020054214,892369.5,341949.175816932
Geo2,2023-08-21,1162635,1081523,0,2606815,0.5232538,-0.19692594,8525.281,10427.214,0.0,20314.494,983316,0.0,13426482.0,0.020154111,892369.5,270598.808567502
Geo2,2023-08-28,2169712,0,962604,5448226,0.32326657,-0.7928889,15909.897,0.0,7153.0376,42457.156,449990,1.596294,22055688.0,0.019887209,892369.5,438626.076894792
Geo2,2023-09-04,1526260,1588626,0,5362529,0.78250766,1.6563921,11191.642,15316.311,0.0,41789.332,1430252,0.0,19217388.0,0.019900894,892369.5,382443.20154487196
Geo2,2023-09-11,4029646,736632,2229218,4114803,2.045932,-0.31030822,29548.277,7102.0396,16565.15,32066.004,0,1.1888195,17174280.0,0.019846812,892369.5,340854.70639536
Geo2,2023-09-18,0,0,0,0,-1.9302962,-2.6865294,0.0,0.0,0.0,0.0,0,0.0,24466232.0,0.019885466,892369.5,486522.424584112
Geo2,2023-09-25,2467420,0,1033552,4343182,0.7166749,0.22018267,18092.908,0.0,7680.247,33845.723,0,0.064548485,11068028.0,0.019940391,892369.5,220700.80591894797
Geo2,2023-10-02,1634529,0,0,3348525,-0.72213626,-0.15973169,11985.549,0.0,0.0,26094.521,948795,0.0,12846842.0,0.01992005,892369.5,255909.73498210002
Geo2,2023-10-09,3912975,188492,464743,3675751,-1.6753492,1.7962587,28692.762,1817.295,3453.47,28644.543,4021679,0.7034557,15259131.0,0.02007824,892369.5,306376.49440944
Geo2,2023-10-16,922529,0,67374,3188672,0.8765232,0.32940105,6764.6494,0.0,500.6511,24848.812,3472609,0.0,10235908.0,0.019866833,892369.5,203355.074839364
Geo2,2023-10-23,2204346,2448023,1442907,3510948,0.749048,1.8870838,16163.859,23601.955,10722.133,27360.258,2366099,1.0819743,19640264.0,0.01991602,892369.5,391155.89062928
Geo2,2023-10-30,2227702,2131180,1327475,4622573,0.532467,1.1209077,16335.122,20547.2,9864.366,36022.973,3226188,1.6629826,25184652.0,0.019994013,892369.5,503542.25948847603
Geo2,2023-11-06,1595761,2458883,0,3461858,0.31184316,1.2675395,11701.274,23706.66,0.0,26977.707,2719681,1.125913,21649428.0,0.019920379,892369.5,431264.810893212
Geo2,2023-11-13,1102041,2094001,0,1807509,-1.0866277,1.6245424,8080.9614,20188.748,0.0,14085.629,56488,0.51207054,13174579.0,0.019947758,892369.5,262803.313643882
Geo2,2023-11-20,1135619,600505,95540,2831637,-0.23121575,0.015347838,8327.18,5789.6074,709.9505,22066.496,1789718,0.99986583,18933070.0,0.01990311,892369.5,376826.97484770004
Geo2,2023-11-27,3400002,2339798,3522302,5457540,1.4494424,3.3192983,24931.273,22558.533,26173.96,42529.74,2271281,0.0,19973420.0,0.020007325,892369.5,399614.7053015
Geo2,2023-12-04,1236264,3077198,1234338,3735027,0.42999804,0.5885323,9065.182,29667.979,9172.272,29106.47,279908,0.5886443,15819296.0,0.020264102,892369.5,320563.82771219197
Geo2,2023-12-11,1855648,1890714,606212,4229136,-1.8873186,1.0775639,13606.953,18228.812,4504.7153,32956.98,918465,1.7919471,10440356.0,0.01996705,892369.5,208463.1102698
Geo2,2023-12-18,648859,1414646,0,3175004,-0.42078435,0.2912054,4757.9033,13638.93,0.0,24742.3,1493478,0.77591056,4341767.0,0.01995925,892369.5,86658.41299475
Geo2,2023-12-25,2364264,1424759,2610488,4742100,0.55119634,2.4663544,17336.494,13736.431,19398.34,36954.43,3029794,0.0,22373082.0,0.02000269,892369.5,447521.82359058
Geo2,2024-01-01,1688650,0,1392732,4546350,1.7602341,-0.9696387,12382.403,0.0,10349.286,35428.98,2874201,1.8026501,15544970.0,0.02021455,892369.5,314234.57331350003
Geo2,2024-01-08,1148268,1168186,0,527707,-1.0150855,0.5904602,8419.931,11262.752,0.0,4112.3364,2331459,0.0,6904572.5,0.019963952,892369.5,137842.55397052
Geo2,2024-01-15,2058595,0,2133261,5859115,0.4410693,2.486236,15095.107,0.0,15852.101,45659.15,899749,0.5391237,17062246.0,0.020099862,892369.5,342948.790010052
Geo20,2021-01-25,1548329,0,423620,1808586,-0.40240583,1.4733785,11353.468,0.0,3147.8882,14094.022,1097520,0.0,10872075.0,0.020061502,561594.6,218110.15435665
Geo20,2021-02-01,660909,865535,1657124,2887063,1.1241915,1.2724485,4846.2627,8344.823,12313.963,22498.422,980185,1.2389792,13175762.0,0.020008529,561594.6,263627.616074098
Geo20,2021-02-08,398258,488148,0,1205482,-2.0405478,-0.30629158,2920.3157,4706.348,0.0,9394.129,0,1.1741452,10280399.0,0.020048486,561594.6,206106.435425914
Geo20,2021-02-15,1955907,0,0,2315737,1.249001,-0.34415543,14342.125,0.0,0.0,18046.17,699386,0.97850597,17676746.0,0.019935435,561594.6,352393.62089451
Geo20,2021-02-22,1680433,0,0,1872346,-0.42696074,-0.57255054,12322.15,0.0,0.0,14590.894,86184,0.0,4659751.5,0.019982064,561594.6,93111.452697096
Geo20,2021-03-01,2064891,309874,0,2448753,-0.7416167,0.2973001,15141.274,2987.567,0.0,19082.742,896360,0.0,10817616.0,0.019812908,561594.6,214328.430587328
Geo20,2021-03-08,1615809,0,0,1736996,-2.5591044,0.43810695,11848.28,0.0,0.0,13536.133,670526,0.0,13987230.0,0.01978218,561594.6,276697.9015614
Geo20,2021-03-15,903162,124532,0,758823,-0.6692513,-0.5178104,6622.637,1200.6418,0.0,5913.3867,195919,0.0,5597802.5,0.020063749,561594.6,112312.90431157249
Geo20,2021-03-22,747337,1157268,0,1967367,-0.17668575,-0.002693772,5480.0156,11157.489,0.0,15331.377,1233397,0.317722,5974156.0,0.019903596,561594.6,118907.187464976
Geo20,2021-03-29,1421257,449848,0,1175939,-0.8827609,0.9487474,10421.684,4337.0884,0.0,9163.905,1181495,0.29743415,6967324.0,0.020034663,561594.6,139587.988351812
Geo20,2021-04-05,1410008,1883607,2640298,4287622,0.44914222,2.0281153,10339.198,18160.293,19619.854,33412.754,732402,3.0040627,12637848.0,0.020136159,561594.6,254477.716745832
Geo20,2021-04-12,422625,0,0,2220606,-1.3825643,0.84309834,3098.992,0.0,0.0,17304.828,505046,0.2065378,12337016.0,0.020081107,561594.6,247740.93835671202
Geo20,2021-04-19,1009170,0,682928,2894450,-0.006910443,0.24399829,7399.964,0.0,5074.7866,22555.988,0,0.46444508,10271441.0,0.0200899,561594.6,206352.2225459
Geo20,2021-04-26,466124,37945,0,1202772,0.04710847,-2.238172,3417.9583,365.83652,0.0,9373.01,0,0.22142936,7343279.0,0.019977558,561594.6,146700.78213268198
Geo20,2021-05-03,1143900,1252,0,1023950,-0.4815632,-0.03641373,8387.902,12.070823,0.0,7979.479,333774,0.0,11528258.0,0.020031571,561594.6,230929.11863331802
Geo20,2021-05-10,0,1349611,0,2267468,-0.48104522,0.0885371,0.0,13011.912,0.0,17670.016,1096244,0.16528352,11242111.0,0.01988638,561594.6,223564.89134817998
Geo20,2021-05-17,380702,6654,461099,2184982,-1.4341812,-0.42600173,2791.5823,64.152756,3426.3918,17027.217,858345,2.5647042,7818183.5,0.020051181,561594.6,156763.8124497135
Geo20,2021-05-24,595274,1043395,0,724738,-1.1835196,-1.128287,4364.9795,10059.613,0.0,5647.7676,0,0.95644486,11140818.0,0.020111725,561594.6,224061.06789105
Geo20,2021-05-31,1156768,0,0,753603,-1.0242807,-1.132661,8482.259,0.0,0.0,5872.708,0,0.6790358,13393449.0,0.020030495,561594.6,268277.413227255
Geo20,2021-06-07,1092745,489448,291216,3641504,1.2172034,1.7474991,8012.7964,4718.8813,2164.004,28377.66,1261153,0.0,5933897.5,0.020041797,561594.6,118925.9691138075
Geo20,2021-06-14,394912,84354,51291,1906632,1.6228821,-0.02152285,2895.7803,813.2764,381.13953,14858.079,482387,0.0,8493763.0,0.020161217,561594.6,171244.59898957098
Geo20,2021-06-21,652710,784481,463268,2440886,1.4777426,-0.8146622,4786.1416,7563.363,3442.5095,19021.436,0,0.15767297,10424664.0,0.019924497,561594.6,207706.186594008
Geo20,2021-06-28,720129,955974,2036322,4375546,3.0748591,1.3375515,5280.5063,9216.767,15131.755,34097.934,2287652,0.3121171,7133178.0,0.019842414,561594.6,141539.471011692
Geo20,2021-07-05,1346939,603,0,1341298,-0.16662449,-0.80049133,9876.731,5.8136625,0.0,10452.521,985068,1.8357868,16807990.0,0.020121843,561594.6,338207.73592557
Geo20,2021-07-12,548686,615041,0,752022,-0.5620814,-1.1401666,4023.3625,5929.7524,0.0,5860.3877,0,0.27994585,11592222.0,0.02001781,561594.6,232050.89747382002
Geo20,2021-07-19,304021,678594,0,928099,-0.9748391,0.7193445,2229.3018,6542.482,0.0,7232.5273,0,0.0,12174913.0,0.019895194,561594.6,242222.25606812202
Geo20,2021-07-26,388693,74634,1358706,2232008,1.1098967,-0.04466796,2850.1782,719.56366,10096.442,17393.682,615347,0.0,12578175.0,0.020074137,561594.6,252496.008159975
Geo20,2021-08-02,536089,244033,1426768,2478738,0.049078107,-0.6497024,3930.9922,2352.7788,10602.205,19316.41,662604,1.6579719,10077241.0,0.01999672,561594.6,201511.76664952
Geo20,2021-08-09,1325214,0,2454688,4029199,0.8096027,2.8245115,9717.427,0.0,18240.6,31398.906,566862,0.35738042,14174328.0,0.019920189,561594.6,282355.292707992
Geo20,2021-08-16,360780,98964,0,1332522,-0.3608223,-0.03638546,2645.4998,954.1348,0.0,10384.131,425076,0.122045696,11963135.0,0.019950075,561594.6,238665.440485125
Geo20,2021-08-23,823401,232875,0,1927818,-0.6936908,-1.2080336,6037.7715,2245.2017,0.0,15023.178,0,0.0,10171759.0,0.019889805,561594.6,202314.303016995
Geo20,2021-08-30,689234,1588167,999326,4678013,2.1968942,1.6603509,5053.962,15311.886,7425.916,36455.008,1676072,0.70292467,11671718.0,0.019883052,561594.6,232069.375923336
Geo20,2021-09-06,1193405,0,0,817903,-0.51248646,-1.7847719,8750.908,0.0,0.0,6373.7876,0,0.0,7926037.5,0.019880988,561594.6,157577.45642504998
Geo20,2021-09-13,580592,387123,0,2614640,0.17943901,0.70716393,4257.3203,3732.3425,0.0,20375.473,390185,0.0,8664323.0,0.020165874,561594.6,174723.645913302
Geo20,2021-09-20,341406,0,0,2127408,0.21528678,-1.1411203,2503.4358,0.0,0.0,16578.55,1539207,0.0,9607114.0,0.020023335,561594.6,192366.46200519
Geo20,2021-09-27,217009,0,0,324486,1.4757624,-1.1842437,1591.2668,0.0,0.0,2528.6677,0,0.055909067,7344273.0,0.0199953,561594.6,146850.94191690002
Geo20,2021-10-04,619284,0,0,1712635,1.1521971,-1.9399629,4541.038,0.0,0.0,13346.291,0,0.04167798,8373710.5,0.020029891,561594.6,167724.5085805555
Geo20,2021-10-11,1959075,1219402,564830,3234975,-0.23958915,0.61451054,14365.355,11756.537,4197.209,25209.645,1543402,2.1003718,14253032.0,0.020050205,561594.6,285776.21347156004
Geo20,2021-10-18,1571427,0,0,1615121,-0.8092472,-1.25981,11522.839,0.0,0.0,12586.38,166821,1.3141172,5634956.0,0.019870233,561594.6,111967.88866474801
Geo20,2021-10-25,944454,842421,0,1478642,-0.3074028,0.11545643,6925.4194,8121.976,0.0,11522.821,425156,0.5638061,7146176.0,0.019835588,561594.6,141748.602911488
Geo20,2021-11-01,1298561,0,0,1836868,0.64479494,-0.9890428,9521.988,0.0,0.0,14314.419,0,0.0,7110510.5,0.019956209,561594.6,141898.83363469449
Geo20,2021-11-08,750128,0,0,2545962,0.2065287,0.80105865,5500.481,0.0,0.0,19840.275,799509,0.0,9879912.0,0.020155756,561594.6,199137.095573472
Geo20,2021-11-15,2895110,1302980,1209557,2614318,-0.8253391,3.0121753,21229.04,12562.332,8988.127,20372.965,2840856,1.4741334,12805503.0,0.019928712,561594.6,255197.181302136
Geo20,2021-11-22,2095616,1000099,1083076,3543514,-0.3107146,3.1489549,15366.572,9642.186,8048.256,27614.04,2596444,0.77276963,18570760.0,0.020149954,561594.6,374199.95974504005
Geo20,2021-11-29,931439,928872,469031,2311950,0.7852955,-0.88139176,6829.9844,8955.47,3485.334,18016.658,1285396,0.0,11975250.0,0.0202378,561594.6,242352.71445
Geo20,2021-12-06,1600802,0,0,1361266,0.15232414,-0.32017896,11738.238,0.0,0.0,10608.129,186494,0.7150962,14776057.0,0.020021828,561594.6,295843.67177219596
Geo20,2021-12-13,2808340,789067,760389,3529966,-0.5325964,3.3322234,20592.78,7607.5776,5650.393,27508.463,2352283,2.524555,17051684.0,0.020166121,561594.6,343866.322797764
Geo20,2021-12-20,1060372,350892,0,1819436,0.91886306,-0.85534555,7775.4146,3383.031,0.0,14178.575,882884,1.1149137,14029827.0,0.020089904,561594.6,281857.87756660796
Geo20,2021-12-27,2465353,0,635610,1707784,-0.91802394,1.0656623,18077.75,0.0,4723.17,13308.488,1675627,2.000413,10072457.0,0.02000676,561594.6,201517.22980931998
Geo20,2022-01-03,343255,0,0,546541,0.5583459,-2.0311174,2516.994,0.0,0.0,4259.107,0,0.0,11550892.0,0.020053254,561594.6,231632.971202568
Geo20,2022-01-10,885575,451092,0,1549405,0.24110246,0.52240574,6493.6763,4349.0825,0.0,12074.266,0,0.46639934,10635514.0,0.02017881,561594.6,214612.01625833998
Geo20,2022-01-17,388694,269357,0,2434026,-1.4661183,-0.15675409,2850.1855,2596.9333,0.0,18967.977,0,0.0,5900141.5,0.01999892,561594.6,117996.45784718
Geo20,2022-01-24,1101366,1516032,806175,1641936,-1.1982923,2.7103305,8076.012,14616.416,5990.6255,12795.345,1826270,0.43348077,10337411.0,0.020001085,561594.6,206759.436090935
Geo20,2022-01-31,191690,0,0,3394630,1.2151318,-0.023319542,1405.6097,0.0,0.0,26453.81,0,0.49597073,9359198.0,0.01987181,561594.6,185984.20440838
Geo20,2022-02-07,676186,526018,0,2195874,0.23902422,0.594451,4958.2847,5071.4614,0.0,17112.096,614720,0.052675903,13364107.0,0.020008538,561594.6,267396.242745566
Geo20,2022-02-14,867072,893534,0,2302414,-0.08430755,-0.12936789,6357.999,8614.768,0.0,17942.346,131225,0.0,6025126.0,0.019936126,561594.6,120117.671101876
Geo20,2022-02-21,104871,1516676,0,2550135,1.1198981,0.24407649,768.99,14622.624,0.0,19872.797,0,0.0,11219493.0,0.020102302,561594.6,225537.636572886
Geo20,2022-02-28,1020275,1563585,0,1673109,-1.9368277,1.4004663,7481.394,15074.885,0.0,13038.272,1558626,0.0,6639364.5,0.01983861,561594.6,131715.76296334498
Geo20,2022-03-07,135970,472935,45756,1094436,0.63961303,-0.43449187,997.0304,4559.676,340.00937,8528.765,736341,0.0,11208456.0,0.019900542,561594.6,223054.349383152
Geo20,2022-03-14,806975,468395,1873614,1740104,1.2501894,1.3356719,5917.3247,4515.9043,13922.684,13560.353,1975667,0.0,9317545.0,0.020042643,561594.6,186748.22807143498
Geo20,2022-03-21,1304491,491134,337910,769768,-0.42874378,-0.003515035,9565.471,4735.1367,2510.9836,5998.679,131888,0.0,11615955.0,0.020039828,561594.6,232781.74025573998
Geo20,2022-03-28,0,0,0,589017,-1.8798096,-1.3000605,0.0,0.0,0.0,4590.1157,1047832,0.21582443,10366299.0,0.019954614,561594.6,206855.495153586
Geo20,2022-04-04,1401424,1198667,0,2078489,-0.1599716,-0.57694733,10276.254,11556.626,0.0,16197.333,0,2.0099187,13499618.0,0.020095102,561594.6,271276.20067103603
Geo20,2022-04-11,584186,715861,0,1241485,0.06940228,-0.9412338,4283.674,6901.7817,0.0,9674.695,238901,0.0,13457026.0,0.019938864,561594.6,268317.811258464
Geo20,2022-04-18,1079481,0,0,2973086,-0.12093642,0.55980206,7915.5356,0.0,0.0,23168.783,864992,0.0,7967248.0,0.020081598,561594.6,159995.071502304
Geo20,2022-04-25,0,0,0,0,-1.6864758,-1.3857038,0.0,0.0,0.0,0.0,0,0.0,6093047.0,0.019984191,561594.6,121764.61501997699
Geo20,2022-05-02,152700,485497,320057,1677414,0.5207571,0.026756763,1119.7069,4680.789,2378.3196,13071.82,216441,0.0,8103638.0,0.020076009,561594.6,162688.709420742
Geo20,2022-05-09,666862,315555,0,1561686,1.2924868,-1.3299549,4889.9146,3042.3389,0.0,12169.97,0,0.004622698,9791664.0,0.01994341,561594.6,195279.16973424001
Geo20,2022-05-16,538774,0,0,1871573,-2.8069057,-0.4561611,3950.6804,0.0,0.0,14584.87,869474,0.36090577,6413274.0,0.019905064,561594.6,127656.629419536
Geo20,2022-05-23,0,661806,196247,661367,0.9489852,-0.6863837,0.0,6380.625,1458.2966,5153.9277,500524,1.0680039,8904607.0,0.020054115,561594.6,178574.012807805
Geo20,2022-05-30,103273,112253,115574,2488701,-0.78559774,0.040563107,757.27234,1082.2571,858.8217,19394.05,0,1.2484866,8418051.0,0.020123515,561594.6,169400.775569265
Geo20,2022-06-06,1361418,669580,0,1893410,0.64582956,-1.3789377,9982.901,6455.576,0.0,14755.042,0,0.0,8961783.0,0.02006368,561594.6,179806.34634144002
Geo20,2022-06-13,938488,1475939,0,651699,0.48714203,-0.11337346,6881.6724,14229.87,0.0,5078.5864,834072,0.0,8106576.5,0.019952714,561594.6,161748.202423621
Geo20,2022-06-20,0,626344,0,1690411,0.63658786,-2.6065378,0.0,6038.7275,0.0,13173.103,0,0.0,11881302.0,0.020141996,561594.6,239313.13735879198
Geo20,2022-06-27,2226429,421716,0,1112328,-1.2833842,-0.47258243,16325.787,4065.8616,0.0,8668.195,350835,1.9462085,11097176.0,0.019920921,561594.6,221065.96641909602
Geo20,2022-07-04,756066,460397,0,2233182,0.93078256,-0.9426703,5544.0225,4438.794,0.0,17402.832,0,1.4793936,10322853.0,0.020125663,561594.6,207754.26067653898
Geo20,2022-07-11,1634721,748746,479804,2671680,-0.87729657,1.6175588,11986.957,7218.8335,3565.3872,20819.977,1940384,1.3243338,17307182.0,0.019925328,561594.6,344851.27810569596
Geo20,2022-07-18,1002190,0,351985,2251615,-0.47288817,0.61777824,7348.782,0.0,2615.574,17546.477,868203,0.09242006,9768090.0,0.020152928,561594.6,196855.61446752
Geo20,2022-07-25,1043836,948903,0,1893448,-1.3753197,2.064406,7654.1606,9148.594,0.0,14755.338,666401,0.85657924,10900015.0,0.019960606,561594.6,217570.90480909
Geo20,2022-08-01,1488228,488542,0,1958110,-0.9738982,0.78201205,10912.764,4710.1465,0.0,15259.239,1323728,0.0,12303078.0,0.020073049,561594.6,246960.287544822
Geo20,2022-08-08,1127271,724061,1258028,2061368,-0.12588593,1.3614781,8265.966,6980.8394,9348.311,16063.912,593343,0.0,10746280.0,0.020097472,561594.6,215973.06140416002
Geo20,2022-08-15,1568913,0,0,2441932,-0.25803912,0.73999244,11504.405,0.0,0.0,19029.586,574269,0.0,6858026.5,0.020097122,561594.6,137826.59524973299
Geo20,2022-08-22,1273231,1073633,0,1524900,0.4666006,-1.1291306,9336.25,10351.144,0.0,11883.302,0,1.3312497,8269837.0,0.01991846,561594.6,164722.41749102
Geo20,2022-08-29,1215587,292863,1526415,2789197,2.8524208,1.2498493,8913.563,2823.56,11342.674,21735.768,1357764,0.0,15719496.0,0.019970018,561594.6,313918.618070928
Geo20,2022-09-05,794957,1565796,146557,1296705,-1.2518216,0.9572685,5829.1997,15096.202,1089.054,10105.015,1225548,0.0,9508911.0,0.020106671,561594.6,191192.545045281
Geo20,2022-09-12,645394,0,0,1628457,0.47505176,-0.31919152,4732.4956,0.0,0.0,12690.306,705643,0.0,7048992.0,0.01994703,561594.6,140606.45489376
Geo20,2022-09-19,945266,1732485,270938,1872833,1.367532,0.4966142,6931.374,16703.29,2013.3197,14594.689,744661,0.4811675,6493689.5,0.020073531,561594.6,130351.27748262449
Geo20,2022-09-26,1199545,0,888837,2042248,1.7724788,0.12911177,8795.931,0.0,6604.8804,15914.913,686228,0.40142056,9660225.0,0.020037444,561594.6,193566.21746490002
Geo20,2022-10-03,1785749,764026,708470,3182630,1.0256586,1.4983604,13094.403,7366.1514,5264.587,24801.729,904763,1.3004252,11275239.0,0.020011498,561594.6,225634.42269802198
Geo20,2022-10-10,290146,1175372,1153172,3401862,2.5702884,0.57743746,2127.5603,11332.034,8569.134,26510.168,632989,0.41240695,10225269.0,0.019866498,561594.6,203140.286137962
Geo20,2022-10-17,0,0,273060,2563939,1.7834203,-0.13054007,0.0,0.0,2029.0883,19980.367,1483292,0.5712385,16505803.0,0.020100173,561594.6,331769.495803919
Geo20,2022-10-24,449824,934712,821666,1621211,0.48771435,0.15162393,3298.4348,9011.775,6105.738,12633.839,1467924,1.2180988,7369708.5,0.019985804,561594.6,147289.54961813398
Geo20,2022-10-31,3326106,490036,1709716,3387714,0.029410511,2.4019003,24389.414,4724.5503,12704.77,26399.914,1270174,1.9527274,13992058.0,0.01985614,561594.6,277828.26253612
Geo20,2022-11-07,1848890,144216,0,2937744,1.2656325,0.94282496,13557.398,1390.4199,0.0,22893.37,377607,0.0,11869301.0,0.02008432,561594.6,238386.83946031998
Geo20,2022-11-14,2092830,284338,58541,3156284,0.40087232,0.23848546,15346.143,2741.3684,435.01376,24596.418,901364,1.8375728,14146952.0,0.019827813,561594.6,280503.118775976
Geo20,2022-11-21,1739763,241725,0,2934757,3.0943546,-0.8940637,12757.2,2330.5269,0.0,22870.094,713176,1.1495608,14444208.0,0.01995667,561594.6,288258.29246736
Geo20,2022-11-28,567593,662130,0,1488050,-0.058340967,0.33044276,4162.0024,6383.7485,0.0,11596.136,664117,0.0,6116668.0,0.020200325,561594.6,123558.6815171
Geo20,2022-12-05,1100697,1098013,0,2335310,-0.66898423,-0.71389395,8071.1064,10586.198,0.0,18198.697,0,1.4945536,15691086.0,0.019793803,561594.6,310586.265140058
Geo20,2022-12-12,0,621216,0,132900,0.61864984,-1.5978932,0.0,5989.2876,0.0,1035.6685,647884,0.11206406,5157872.5,0.019913761,561594.6,102712.6402334725
Geo20,2022-12-19,421416,612020,718570,2561390,0.02398628,0.17410716,3090.1267,5900.6265,5339.6396,19960.504,291069,0.888102,11209414.0,0.020045888,561594.6,224702.65758963203
Geo20,2022-12-26,952892,997879,1932272,2285765,0.85207707,1.0395983,6987.293,9620.782,14358.567,17812.602,513708,0.29128537,14928460.0,0.02014488,561594.6,300732.0352848
Geo20,2023-01-02,1738361,95892,1314114,3572985,2.2841277,1.5702319,12746.92,924.517,9765.082,27843.701,1391063,0.9456228,11873887.0,0.01996936,561594.6,237113.92410232
Geo20,2023-01-09,884966,1051220,0,2617498,-0.9725698,1.5575905,6489.2104,10135.055,0.0,20397.744,1652127,0.9506148,10059393.0,0.020013591,561594.6,201324.577210263
Geo20,2023-01-16,2564,0,0,658363,0.059479564,-1.5920739,18.801102,0.0,0.0,5130.518,33725,0.5747054,14504576.0,0.01997162,561594.6,289679.88013312
Geo20,2023-01-23,0,0,0,0,-0.9685237,-1.329014,0.0,0.0,0.0,0.0,0,0.2849693,9437628.0,0.01995243,561594.6,188303.61203604
Geo20,2023-01-30,143116,324472,0,1344186,-1.0075712,-0.8909389,1049.43,3128.3098,0.0,10475.027,0,0.0,6576278.0,0.020110289,561594.6,132250.851124342
Geo20,2023-02-06,422927,806750,0,504672,0.51130974,0.037906915,3101.2065,7778.0635,0.0,3932.8286,1185874,0.0,14408333.0,0.019995093,561594.6,288095.958309969
Geo20,2023-02-13,2324330,1248108,0,2180634,-0.087302566,1.1590644,17043.668,12033.298,0.0,16993.332,877093,0.7416203,16823654.0,0.019959811,561594.6,335796.95416939404
Geo20,2023-02-20,1688673,0,0,1519277,0.8460907,-0.72807014,12382.572,0.0,0.0,11839.483,89930,0.16790535,12671780.0,0.02004598,561594.6,254018.24844440003
Geo20,2023-02-27,875094,0,0,775464,-1.9210687,-0.5493169,6416.822,0.0,0.0,6043.0674,138540,0.0,7933645.0,0.020037537,561594.6,158970.705232365
Geo20,2023-03-06,2226508,0,0,532653,-2.034174,-1.6573596,16326.367,0.0,0.0,4150.88,0,0.97236705,7763416.5,0.020011863,561594.6,155360.4274099395
Geo20,2023-03-13,1450875,1477631,0,1940611,0.32927203,0.21548927,10638.865,14246.183,0.0,15122.872,95213,0.0,4962158.0,0.019902544,561594.6,98759.56792995201
Geo20,2023-03-20,611282,0,0,463725,-0.13857567,-1.4227325,4482.3613,0.0,0.0,3613.735,367001,0.0,8810618.0,0.020106722,561594.6,177152.646774196
Geo20,2023-03-27,818228,0,123438,2240081,-0.073542416,0.43282095,5999.8394,0.0,917.2584,17456.594,0,0.23651242,10027592.0,0.020013431,561594.6,200686.52058815202
Geo20,2023-04-03,1121338,1058449,0,1939711,-0.09237468,-1.3709838,8222.461,10204.752,0.0,15115.858,0,0.0,9675345.0,0.020014007,561594.6,193642.422557415
Geo20,2023-04-10,0,694317,0,1395098,-0.07574746,-0.79446816,0.0,6694.071,0.0,10871.776,120728,0.0,11396930.0,0.020020248,561594.6,228169.36503864
Geo20,2023-04-17,65444,0,0,1300824,-1.1589327,-1.6014671,479.88272,0.0,0.0,10137.114,0,0.015940487,6919085.0,0.020018078,561594.6,138506.78321863
Geo20,2023-04-24,548847,607241,0,1857064,-0.11917055,0.4835809,4024.543,5854.551,0.0,14471.804,133488,0.0,9352567.0,0.020005003,561594.6,187098.130892701
Geo20,2023-05-01,2362112,535858,0,2102485,-0.15368634,0.19517446,17320.715,5166.331,0.0,16384.33,677947,1.3051524,12225990.0,0.020078914,561594.6,245484.60177486
Geo20,2023-05-08,285281,0,0,2022670,-0.7091211,-1.3836193,2091.8867,0.0,0.0,15762.345,0,0.0,3147625.8,0.01993279,561594.6,62740.964069981994
Geo20,2023-05-15,598823,670527,0,1365636,-1.5242349,-0.01606667,4391.0034,6464.706,0.0,10642.184,0,0.0,10518924.0,0.020054258,561594.6,210949.21577839198
Geo20,2023-05-22,1095194,0,0,2551502,-0.451896,-1.2431656,8030.7544,0.0,0.0,19883.447,0,2.0231833,12597797.0,0.020011112,561594.6,252095.92672026402
Geo20,2023-05-29,348952,0,0,818431,-1.3956429,-0.94299555,2558.7686,0.0,0.0,6377.902,0,0.13447762,8965772.0,0.019906847,561594.6,178480.251440884
Geo20,2023-06-05,367295,0,0,1836986,0.7576258,-2.6323326,2693.2725,0.0,0.0,14315.339,0,0.013679534,10295485.0,0.020036124,561594.6,206281.61410014
Geo20,2023-06-12,36133,0,0,499578,-2.790618,-1.1474713,264.95328,0.0,0.0,3893.1318,0,1.5937763,8433271.0,0.020122046,561594.6,169694.666992466
Geo20,2023-06-19,1163692,0,0,1670964,-1.3587532,-0.276415,8533.031,0.0,0.0,13021.556,536912,0.03144452,2905550.2,0.019943146,561594.6,57945.811848929196
Geo20,2023-06-26,861683,204121,1432334,3040479,2.2404952,-0.6506778,6318.483,1967.9779,10643.566,23693.969,0,1.6171122,8222526.0,0.020039883,561594.6,164778.459004458
Geo20,2023-07-03,0,0,0,817881,-2.1778827,-1.5178142,0.0,0.0,0.0,6373.616,0,0.0,10888840.0,0.020030279,561594.6,218106.50318636003
Geo20,2023-07-10,1395942,314312,0,2430320,1.4024644,0.67987156,10236.056,3030.3547,0.0,18939.096,322938,0.5326505,15322004.0,0.019914554,561594.6,305130.876046216
Geo20,2023-07-17,0,0,0,122832,-0.5352089,-1.7422574,0.0,0.0,0.0,957.2102,0,0.0,7375257.0,0.020006062,561594.6,147549.848807934
Geo20,2023-07-24,377495,281048,1542444,1487115,0.003284775,2.3807726,2768.0662,2709.6487,11461.785,11588.85,904254,0.8541101,12895268.0,0.02010826,561594.6,259301.40171367998
Geo20,2023-07-31,394836,0,0,2156111,1.5258625,-0.9928101,2895.223,0.0,0.0,16802.23,0,0.0,16621441.0,0.019890558,561594.6,330609.736254078
Geo20,2023-08-07,1783840,82775,0,3769376,-0.065933585,1.0609385,13080.405,798.0529,0.0,29374.146,1299497,2.0143423,11765763.0,0.020042565,561594.6,235816.06970209497
Geo20,2023-08-14,1482700,1603940,0,1637843,-1.5467052,0.3067929,10872.229,15463.957,0.0,12763.449,294799,1.8962957,9228439.0,0.019961843,561594.6,184216.650453077
Geo20,2023-08-21,775771,1437724,0,2003013,0.7298146,1.2637985,5688.514,13861.43,0.0,15609.161,805951,0.7647866,12895752.0,0.019869676,561594.6,256234.41401635198
Geo20,2023-08-28,41864,0,0,1069712,-1.5181048,-2.412888,306.9771,0.0,0.0,8336.095,0,1.172845,3744782.2,0.019935062,561594.6,74652.46533349641
Geo20,2023-09-04,911678,1908992,0,1955456,-0.44049823,0.7375219,6685.0825,18405.033,0.0,15238.557,88959,0.022233814,11421584.0,0.019810196,561594.6,226263.817670464
Geo20,2023-09-11,713734,180158,188061,2714134,1.1618451,-1.0080975,5233.614,1736.945,1397.4672,21150.814,0,0.0,6264247.5,0.019883433,561594.6,124554.7454616675
Geo20,2023-09-18,16128,0,0,855182,-0.9040502,-3.2217736,118.26215,0.0,0.0,6664.297,0,0.2916528,7020429.0,0.019903706,561594.6,139732.554809874
Geo20,2023-09-25,1361311,1285695,837628,1990887,0.59249896,0.6516576,9982.117,12395.683,6224.3506,15514.665,131962,0.6871701,9155137.0,0.019987958,561594.6,182992.493840246
Geo20,2023-10-02,1687942,1175918,0,1851737,-0.16324946,0.8304673,12377.211,11337.298,0.0,14430.291,1148586,0.0,10543907.0,0.020091569,561594.6,211843.635020083
Geo20,2023-10-09,1430401,582633,11544,3096812,-0.5190296,1.370357,10488.735,5617.2993,85.78259,24132.963,628084,0.37730289,9692592.0,0.020020194,561594.6,194047.572202848
Geo20,2023-10-16,1391371,562725,216889,1340188,0.20560539,0.8036952,10202.538,5425.362,1611.6858,10443.871,1149821,0.33586752,14604892.0,0.0199799,561594.6,291804.2816708
Geo20,2023-10-23,1362842,230658,647468,1706440,2.2611413,-0.9339405,9993.343,2223.8271,4811.286,13298.015,688038,1.414011,12453726.0,0.01996963,561594.6,248696.30034137997
Geo20,2023-10-30,0,30490,0,567292,-1.5180271,0.2019696,0.0,293.96115,0.0,4420.816,0,0.0,8686658.0,0.020005533,561594.6,173781.223278714
Geo20,2023-11-06,2273000,129296,0,1669843,-1.374731,1.1545131,16667.28,1246.5726,0.0,13012.82,651379,1.0654373,9066536.0,0.02004294,561594.6,181720.03705584
Geo20,2023-11-13,0,0,0,385466,-0.057025038,-0.3039878,0.0,0.0,0.0,3003.875,461028,0.0,11224422.0,0.020161044,561594.6,226296.065816568
Geo20,2023-11-20,994077,275263,0,1170128,-0.8505665,-0.503712,7289.2915,2653.8743,0.0,9118.621,114850,0.0,11174575.0,0.019951953,561594.6,222954.59519497503
Geo20,2023-11-27,1385042,409583,0,1319849,0.10938981,-0.11837423,10156.13,3948.8845,0.0,10285.373,1086856,1.493277,10931516.0,0.019936966,561594.6,217941.262820456
Geo20,2023-12-04,901746,1428029,1157556,1764751,-0.47004008,0.6042633,6612.254,13767.958,8601.711,13752.423,0,0.0,10448218.0,0.020088406,561594.6,209888.045160508
Geo20,2023-12-11,1608894,492298,0,3940596,-0.8308238,1.9404862,11797.574,4746.359,0.0,30708.436,1297284,0.5922285,12809337.0,0.019998148,561594.6,256163.01710787602
Geo20,2023-12-18,0,1556939,0,1378590,0.98984087,-1.2094178,0.0,15010.809,0.0,10743.132,0,0.0,11391677.0,0.020045618,561594.6,228353.205521386
Geo20,2023-12-25,1137613,1379314,1269790,2021579,0.37046173,1.8187371,8341.801,13298.286,9435.714,15753.843,596458,0.0,9474586.0,0.020034162,561594.6,189815.390806932
Geo20,2024-01-01,947731,862007,84635,2274273,0.19872469,0.26207146,6949.449,8310.809,628.9163,17723.047,920690,0.8110509,8268109.0,0.020056771,561594.6,165831.568816039
Geo20,2024-01-08,353832,0,0,2036645,-0.75161064,-1.429829,2594.552,0.0,0.0,15871.25,583516,0.0,10503234.0,0.020094372,561594.6,211055.891199048
Geo20,2024-01-15,283538,0,0,1094264,-0.35525241,-0.9354425,2079.1057,0.0,0.0,8527.425,71638,0.0,12967124.0,0.020076765,561594.6,260337.90127385998
Geo21,2021-01-25,760581,0,0,991504,0.64398956,-1.0900761,5577.13,0.0,0.0,7726.6323,248262,0.3828926,8632813.0,0.020000748,557798.9,172662.717344124
Geo21,2021-02-01,777070,868896,0,679750,-1.532923,-0.2948113,5698.039,8377.228,0.0,5297.1836,0,0.0,14220417.0,0.019927336,557798.9,283375.027619112
Geo21,2021-02-08,1708355,151793,0,947124,-1.8390503,0.36462614,12526.894,1463.4716,0.0,7380.786,190328,1.2788706,10194535.0,0.019930094,557798.9,203178.04083629
Geo21,2021-02-15,739695,405986,0,2288933,1.5002784,-1.0496092,5423.9785,3914.205,0.0,17837.29,1139964,0.0,11360200.0,0.019861406,557798.9,225629.5444412
Geo21,2021-02-22,984365,420014,282399,2512914,0.88255036,0.36532202,7218.076,4049.4521,2098.4856,19582.738,715951,0.27049696,4674179.5,0.02017191,557798.9,94287.128197845
Geo21,2021-03-01,642657,151866,0,3356716,0.5383786,0.94751966,4712.426,1464.1753,0.0,26158.352,396723,0.0,1794075.9,0.02000127,557798.9,35883.796476393
Geo21,2021-03-08,1295850,1082462,0,1844454,-1.099897,-0.62782633,9502.109,10436.267,0.0,14373.536,0,0.0,10436231.0,0.020035489,557798.9,209094.991401959
Geo21,2021-03-15,0,90134,0,2499492,1.3985792,-2.4298928,0.0,869.00275,0.0,19478.143,0,0.0,6262249.0,0.019878445,557798.9,124483.77232280502
Geo21,2021-03-22,515433,2022607,0,2559548,1.4495089,-1.5410395,3779.5276,19500.422,0.0,19946.15,651988,0.86400676,10111033.0,0.020127067,557798.9,203505.438630211
Geo21,2021-03-29,152772,833083,665968,1319128,1.9722941,-0.48124433,1120.2347,8031.946,4948.758,10279.754,667134,0.3781873,4581473.0,0.020092275,557798.9,92052.215421075
Geo21,2021-04-05,516354,722249,0,1881648,-0.42472863,1.5427463,3786.281,6963.37,0.0,14663.383,562119,0.0,8589977.0,0.02005427,557798.9,172265.71805179
Geo21,2021-04-12,98613,0,273252,1152537,0.4980799,-0.9777569,723.1018,0.0,2030.515,8981.537,893638,0.9461842,11261267.0,0.019928852,557798.9,224424.123375484
Geo21,2021-04-19,1459445,0,0,1474364,-0.9720868,-0.28684932,10701.706,0.0,0.0,11489.483,776353,0.9793091,7296471.0,0.019955318,557798.9,145603.399082778
Geo21,2021-04-26,368716,678820,0,1373680,1.8593652,-2.3519757,2703.6921,6544.661,0.0,10704.869,288829,0.0,8346002.5,0.020073768,557798.9,167535.71791242
Geo21,2021-05-03,1106276,0,0,463491,-1.2023063,-1.2769673,8112.0156,0.0,0.0,3611.9116,0,0.0,10083789.0,0.0199807,557798.9,201481.16287230002
Geo21,2021-05-10,70383,0,0,1701374,-0.4277526,-0.3598286,516.09906,0.0,0.0,13258.536,0,0.0,14402518.0,0.020177763,557798.9,290610.594807234
Geo21,2021-05-17,1642357,1691530,0,1955045,-0.67272145,-0.11487231,12042.949,16308.432,0.0,15235.354,1316157,1.2851208,8969252.0,0.01981224,557798.9,177700.97324447997
Geo21,2021-05-24,1006556,319938,693573,2254270,-0.9835015,0.7300619,7380.7964,3084.5962,5153.8887,17567.166,737129,0.0,15818049.0,0.019999074,557798.9,316346.332486626
Geo21,2021-05-31,1575894,742636,102180,2633987,-0.52416533,2.666344,11555.594,7159.9253,759.2919,20526.24,853626,0.0,4757107.0,0.019830888,557798.9,94337.656121016
Geo21,2021-06-07,0,1166516,0,1674746,-1.0961016,-1.0219704,0.0,11246.651,0.0,13051.028,377682,0.03137836,12310492.0,0.019867234,557798.9,244575.42521912802
Geo21,2021-06-14,715956,288815,675953,2221592,1.9739345,-0.10570446,5249.907,2784.5322,5022.9556,17312.512,1269076,0.0,4819556.5,0.020047085,557798.9,96618.05881780249
Geo21,2021-06-21,1220816,858794,0,765630,0.16017604,-0.4081838,8951.906,8279.832,0.0,5966.4326,191747,0.97274405,5971933.0,0.019966006,557798.9,119235.650109598
Geo21,2021-06-28,195825,368380,0,643776,-1.038235,-1.375495,1435.9305,3551.6367,0.0,5016.8433,365907,1.0591455,15368322.0,0.020052789,557798.9,308177.718350058
Geo21,2021-07-05,469772,0,165622,1835638,0.43927237,-1.6571436,3444.708,0.0,1230.7246,14304.834,1342864,1.6923624,12736381.0,0.020029362,557798.9,255101.585618922
Geo21,2021-07-12,184693,593841,0,1042220,0.036708742,-2.2360554,1354.3026,5725.3584,0.0,8121.854,0,0.0,7533145.5,0.019902812,557798.9,149930.778655146
Geo21,2021-07-19,0,1498095,0,915188,-1.4158814,-0.18978797,0.0,14443.481,0.0,7131.914,0,0.0,9638740.0,0.020026844,557798.9,193033.54233656
Geo21,2021-07-26,1105220,1294551,1193618,1259641,0.021681935,0.51900786,8104.2725,12481.066,8869.685,9816.181,872130,0.0,9574327.0,0.019973394,557798.9,191231.80545583798
Geo21,2021-08-02,1365450,368852,841918,1366204,1.5129583,-0.75078315,10012.467,3556.1875,6256.229,10646.61,669291,0.0,4922685.5,0.019955648,557798.9,98235.379052704
Geo21,2021-08-09,1016584,0,0,937003,-1.9762743,0.47094324,7454.329,0.0,0.0,7301.915,0,0.5750772,9191740.0,0.019989753,557798.9,183740.61224021998
Geo21,2021-08-16,1319464,0,16797,2430308,-0.2277681,-0.81748784,9675.264,0.0,124.81724,18939.002,0,0.0,9744128.0,0.019923028,557798.9,194132.534979584
Geo21,2021-08-23,717225,0,0,97896,-0.7390057,-1.5030133,5259.2124,0.0,0.0,762.88794,0,0.36581028,8475279.0,0.020083174,557798.9,170210.502855546
Geo21,2021-08-30,2035042,885177,1154675,3396661,0.03233826,2.032623,14922.4,8534.196,8580.303,26469.639,1595795,1.4453306,6208059.5,0.019966528,557798.9,123953.39383241601
Geo21,2021-09-06,418852,0,0,1023028,-1.5281646,-2.7815144,3071.3257,0.0,0.0,7972.294,0,0.11676997,10406809.0,0.020078484,557798.9,208952.947997556
Geo21,2021-09-13,1577048,1306588,1089789,4060690,1.5118424,1.5143785,11564.056,12597.117,8098.1396,31644.31,0,0.0,5796985.5,0.020031318,557798.9,116121.25999188899
Geo21,2021-09-20,555414,1092956,789230,3918971,1.1490136,1.6097766,4072.697,10537.442,5864.7085,30539.916,1192776,0.0,2397244.2,0.019993288,557798.9,47928.793696929606
Geo21,2021-09-27,265715,141927,0,1183933,-0.26466447,-0.43621612,1948.4146,1368.3511,0.0,9226.201,422672,0.6930413,10259119.0,0.020284828,557798.9,208104.464346532
Geo21,2021-10-04,860539,555005,0,2391578,1.1243995,0.70077366,6310.094,5350.9316,0.0,18637.186,649414,0.7786606,10682894.0,0.019887088,557798.9,212451.653072672
Geo21,2021-10-11,905742,1329208,1138630,2508769,1.329767,0.29900295,6641.5557,12815.202,8461.073,19550.436,392884,0.9444149,6303387.5,0.019991,557798.9,126011.01951249999
Geo21,2021-10-18,1081527,0,0,759933,-0.17417502,-1.4946905,7930.538,0.0,0.0,5922.0366,0,0.6382351,4777126.0,0.020122133,557798.9,96125.96472975801
Geo21,2021-10-25,1256769,393111,0,2642311,0.62535167,0.06543401,9215.539,3790.0742,0.0,20591.107,237211,1.4507444,7886378.0,0.019959737,557798.9,157410.03076258602
Geo21,2021-11-01,802693,97285,0,1823923,-1.0291016,-0.7420016,5885.9253,937.9472,0.0,14213.541,0,0.0,8402497.0,0.020149764,557798.9,169308.331560708
Geo21,2021-11-08,959768,0,91388,2244520,0.38619587,0.27045882,7037.713,0.0,679.0973,17491.186,379682,0.59412175,4130742.8,0.019905614,557798.9,82224.97171007919
Geo21,2021-11-15,2285408,1195512,1496700,4660531,1.0210338,2.9535084,16758.264,11526.208,11121.865,36318.777,2253054,0.9580724,9426502.0,0.019909358,557798.9,187675.603005716
Geo21,2021-11-22,226631,1162288,0,2483473,0.6089339,0.062843084,1661.8224,11205.888,0.0,19353.309,634192,0.07473707,11711911.0,0.020008318,557798.9,234335.639675698
Geo21,2021-11-29,1625190,1228800,2625100,3220523,1.8084166,1.0539814,11917.068,11847.145,19506.92,25097.021,1839936,1.6499345,2713515.0,0.020101001,557798.9,54544.367728515004
Geo21,2021-12-06,0,0,0,2993384,1.3483622,-1.6047015,0.0,0.0,0.0,23326.965,0,0.0,8511206.0,0.019915266,557798.9,169502.931470796
Geo21,2021-12-13,1608087,1671386,0,2773288,-2.0885096,3.9332714,11791.657,16114.219,0.0,21611.79,1100743,0.41537553,11189595.0,0.020080546,557798.9,224693.17711887002
Geo21,2021-12-20,41043,0,0,1120232,-0.32396662,-0.76315886,300.95697,0.0,0.0,8729.789,0,0.32673374,10542839.0,0.020104935,557798.9,211963.09281046502
Geo21,2021-12-27,0,0,12676,831287,0.53208935,0.2677977,0.0,0.0,94.1944,6478.087,774860,0.0,9021018.0,0.019908195,557798.9,179592.18544251
Geo21,2022-01-03,931166,441721,0,607854,0.46432966,-1.480708,6827.9824,4258.7344,0.0,4736.9097,0,0.0,7603509.5,0.020152459,557798.9,153229.4134548605
Geo21,2022-01-10,0,868290,341868,2193750,0.48992544,-0.78180456,0.0,8371.385,2540.3953,17095.545,0,0.0,10503773.0,0.019933082,557798.9,209372.56851838602
Geo21,2022-01-17,0,0,0,1674630,-0.69150704,-1.2699357,0.0,0.0,0.0,13050.124,0,0.0,17640552.0,0.019916188,557798.9,351332.550055776
Geo21,2022-01-24,1602055,474488,660364,1390375,-0.8717225,0.60819745,11747.426,4574.6484,4907.115,10834.971,578165,1.5497005,12531564.0,0.019985957,557798.9,250455.29924674798
Geo21,2022-01-31,0,278284,0,819719,2.109389,-1.1105309,0.0,2683.0005,0.0,6387.9395,120570,0.0,3698985.5,0.020007985,557798.9,74009.24639921749
Geo21,2022-02-07,562159,1170514,0,0,-0.045865,-0.4994382,4122.1562,11285.196,0.0,0.0,1253256,0.26442093,7847162.0,0.019960236,557798.9,156631.205450232
Geo21,2022-02-14,1979660,269743,0,2167229,0.623425,0.4830032,14516.299,2600.6548,0.0,16888.87,0,0.0,4087118.5,0.020058889,557798.9,81983.0563213465
Geo21,2022-02-21,0,0,0,725957,-1.0649798,-1.4263964,0.0,0.0,0.0,5657.267,0,0.0,11889014.0,0.019899365,557798.9,236583.82907610998
Geo21,2022-02-28,2056773,50333,0,32879,-1.1185964,-1.2379098,15081.747,485.2721,0.0,256.2208,0,0.0,11401152.0,0.020089965,557798.9,229048.74463968002
Geo21,2022-03-07,1053245,0,0,779472,0.46743864,-1.1005423,7723.154,0.0,0.0,6074.301,157333,0.0,8535454.0,0.020005442,557798.9,170755.529940668
Geo21,2022-03-14,20493,250657,0,0,-1.9680531,-1.7448103,150.2695,2416.6423,0.0,0.0,0,0.0,12354038.0,0.020171426,557798.9,249198.56331818798
Geo21,2022-03-21,357095,0,0,0,-1.503905,-1.1389186,2618.4788,0.0,0.0,0.0,0,0.0,11217175.0,0.020013427,557798.9,224494.113008725
Geo21,2022-03-28,1219762,0,0,1931517,-1.1115854,0.039343357,8944.177,0.0,0.0,15052.004,1077034,1.2515411,10825782.0,0.019875845,557798.9,215171.56503579
Geo21,2022-04-04,442721,168587,0,31506,-1.981251,-0.7312192,3246.3506,1625.3862,0.0,245.52124,0,0.0,8968575.0,0.02002482,557798.9,179594.10003149998
Geo21,2022-04-11,260660,575007,0,1882908,0.5450526,-0.005376518,1911.3477,5543.7754,0.0,14673.202,1544408,0.6976241,7139525.0,0.020082358,557798.9,143378.49699995
Geo21,2022-04-18,0,0,0,819522,-0.67630935,-3.5535417,0.0,0.0,0.0,6386.404,0,0.0,8355818.0,0.02019336,557798.9,168732.04096848
Geo21,2022-04-25,51113,13103,409788,1496271,1.6291819,-1.8557513,374.79745,126.329056,3045.1038,11660.201,0,0.0,16358457.0,0.019958531,557798.9,326490.771146667
Geo21,2022-05-02,676812,0,0,2154009,-0.9624696,-0.121411085,4962.875,0.0,0.0,16785.848,1902204,0.2068077,9494569.0,0.020041151,557798.9,190282.091008919
Geo21,2022-05-09,318155,784795,0,1633928,1.2305564,-1.3715408,2332.9424,7566.3906,0.0,12732.94,0,0.0,12401759.0,0.019973522,557798.9,247706.806225198
Geo21,2022-05-16,0,0,0,1016131,-3.4756804,-0.77238667,0.0,0.0,0.0,7918.547,0,0.9422337,18741024.0,0.02012609,557798.9,377183.53571615997
Geo21,2022-05-23,600659,342810,0,1739768,0.5904404,-0.8892895,4404.466,3305.1106,0.0,13557.734,0,0.2389963,8974532.0,0.020147838,557798.9,180817.41686181602
Geo21,2022-05-30,206452,299843,0,1873678,-0.35131466,-0.020122878,1513.8553,2890.8557,0.0,14601.274,614505,0.0,10878749.0,0.020210963,557798.9,219869.993525287
Geo21,2022-06-06,785195,0,0,1283553,-0.7677663,-0.635036,5757.6177,0.0,0.0,10002.524,840312,0.315337,6780027.5,0.020017272,557798.9,135717.65463498
Geo21,2022-06-13,744754,326832,127258,3110985,-1.3904846,2.627911,5461.075,3151.063,945.6446,24243.41,2383082,1.4332823,11620307.0,0.019951738,557798.9,231845.320743566
Geo21,2022-06-20,1928793,1080528,1184124,2644290,0.38723618,1.5188997,14143.305,10417.621,8799.136,20606.53,1226943,0.41176528,7747128.0,0.020024875,557798.9,155135.26980900002
Geo21,2022-06-27,1076494,205575,0,321785,-1.3299294,-0.7204366,7893.6323,1981.9961,0.0,2507.6191,8385,0.20089889,4433989.5,0.020020198,557798.9,88769.347719921
Geo21,2022-07-04,268900,616975,0,1163866,-0.0166277,-0.92492914,1971.7693,5948.399,0.0,9069.822,0,1.4332213,10001880.0,0.020133423,557798.9,201372.08083524002
Geo21,2022-07-11,1027930,987312,0,1340262,-0.75089043,-1.4196166,7537.526,9518.904,0.0,10444.448,0,1.1099291,14427042.0,0.01997457,557798.9,288173.96032194
Geo21,2022-07-18,57414,1104317,0,2173694,-0.8873036,-0.4987387,421.00098,10646.976,0.0,16939.25,0,1.2873073,10205379.0,0.01996197,557798.9,203719.46943663
Geo21,2022-07-25,450154,955848,0,996555,-1.0193992,-0.036463127,3300.8547,9215.552,0.0,7765.994,439267,0.24915022,9505777.0,0.020108154,557798.9,191143.627805658
Geo21,2022-08-01,784125,1286701,0,1443165,-0.853974,0.49888992,5749.7715,12405.382,0.0,11246.355,606528,0.0,12087123.0,0.02007808,557798.9,242686.22256384
Geo21,2022-08-08,710918,112352,0,1270173,0.41786718,0.004245587,5212.965,1083.2117,0.0,9898.256,283323,0.5488217,7772962.5,0.02009627,557798.9,156207.553099875
Geo21,2022-08-15,821839,490175,38282,2821330,1.0571599,-0.06606272,6026.318,4725.8906,284.47064,21986.174,253650,0.9726834,2647743.5,0.020054758,557798.9,53099.855138572995
Geo21,2022-08-22,1135753,1785293,0,2309678,0.9534364,0.3107735,8328.162,17212.424,0.0,17998.951,1081740,0.9711299,7706662.5,0.020057099,557798.9,154573.2927220875
Geo21,2022-08-29,1952087,870319,288709,2587352,0.8815243,0.63946545,14314.114,8390.947,2145.3748,20162.822,25273,2.1700056,6685975.0,0.020102622,557798.9,134405.62812645
Geo21,2022-09-05,474115,286027,0,1955407,-0.32340947,-0.14500332,3476.554,2757.6526,0.0,15238.175,635710,0.33670053,9773047.0,0.019962043,557798.9,195089.98445502098
Geo21,2022-09-12,1175843,250039,0,1360399,-0.28887963,1.0806413,8622.131,2410.684,0.0,10601.372,0,0.0,9479190.0,0.02018364,557798.9,191324.5584516
Geo21,2022-09-19,17919,477984,0,2166228,0.78221816,-0.25614232,131.39507,4608.3545,0.0,16881.07,0,1.287137,7706277.0,0.019943366,557798.9,153689.102708382
Geo21,2022-09-26,1686673,85660,771068,2724905,-0.655833,0.87388444,12367.906,825.86786,5729.748,21234.75,600299,1.6511729,12608992.0,0.01989451,557798.9,250849.71743392
Geo21,2022-10-03,493284,1311640,0,1603002,-1.0719264,-0.29649788,3617.115,12645.825,0.0,12491.939,231612,0.0,13288459.0,0.019955195,557798.9,265173.790594505
Geo21,2022-10-10,966416,1213044,2293781,3083432,2.7128549,1.3036556,7086.461,11695.238,17044.914,24028.693,324482,0.0,2259395.2,0.020079486,557798.9,45367.49428686721
Geo21,2022-10-17,865493,638860,0,1949366,1.2864482,-1.2631176,6346.4204,6159.397,0.0,15191.098,475391,0.44969952,11064063.0,0.020030817,557798.9,221622.221229471
Geo21,2022-10-24,604546,0,0,1131916,-2.8303638,0.57244146,4432.9683,0.0,0.0,8820.841,2114252,1.8874433,11555021.0,0.02007882,557798.9,232011.18675522
Geo21,2022-10-31,1370908,379270,319,2861190,-0.28647065,1.4494101,10052.489,3656.63,2.3704648,22296.799,607931,0.0,12921832.0,0.01987995,557798.9,256885.3740684
Geo21,2022-11-07,1082757,0,0,1959808,1.5273199,0.1314354,7939.5576,0.0,0.0,15272.471,662571,0.0,6647199.5,0.01993112,557798.9,132486.13089844
Geo21,2022-11-14,610547,588830,0,2949351,1.203157,0.4081856,4476.972,5677.0464,0.0,22983.822,950943,0.21558,9752577.0,0.019988442,557798.9,194938.81971503398
Geo21,2022-11-21,1547262,0,0,2113645,-0.7653184,0.724234,11345.644,0.0,0.0,16471.299,0,0.48599392,3203545.5,0.02001176,557798.9,64108.58369508
Geo21,2022-11-28,62951,730820,0,1340760,0.39390457,-0.63632154,461.60226,7046.005,0.0,10448.329,278522,0.0,8763781.0,0.020054305,557798.9,175751.53712720503
Geo21,2022-12-05,727998,1655494,1918819,2705908,1.0547754,1.249166,5338.208,15961.001,14258.599,21086.71,583150,0.53187597,5706269.0,0.019863127,557798.9,113344.34584316301
Geo21,2022-12-12,1038674,1286134,709704,1609240,1.5141993,0.9082235,7616.309,12399.916,5273.757,12540.551,732257,0.0,5299952.5,0.020052534,557798.9,106277.477704635
Geo21,2022-12-19,0,753360,0,1253609,0.5929587,0.14446887,0.0,7263.318,0.0,9769.175,0,0.0,7452469.0,0.020061376,557798.9,149506.78273734398
Geo21,2022-12-26,1110807,0,0,15385,-0.38310707,-0.013737991,8145.24,0.0,0.0,119.89285,1080339,0.0,6197243.0,0.020075966,557798.9,124415.639761738
Geo21,2023-01-02,1784583,175034,386549,1754385,-0.17634636,0.5369118,13085.853,1687.5433,2872.4165,13671.642,566533,0.80545247,8858530.0,0.019961277,557798.9,176827.57114281
Geo21,2023-01-09,671693,909660,159028,1688874,-0.29690903,1.2312765,4925.339,8770.243,1181.725,13161.126,1421531,0.66472024,11256448.0,0.020085817,557798.9,226094.954598016
Geo21,2023-01-16,898218,0,0,1927537,0.30468306,-0.20922357,6586.384,0.0,0.0,15020.988,118030,0.0,9573520.0,0.019927343,557798.9,190774.81675736
Geo21,2023-01-23,230309,0,599825,2123130,2.573471,-0.8601638,1688.7921,0.0,4457.254,16545.213,295411,0.0,5522770.0,0.01987182,557798.9,109747.49134139999
Geo21,2023-01-30,0,0,0,1275586,0.5145895,-1.3344824,0.0,0.0,0.0,9940.438,0,0.0,6085062.0,0.020202152,557798.9,122931.34745342401
Geo21,2023-02-06,1101060,576466,534765,1419436,-0.10040951,0.6099233,8073.768,5557.842,3973.7983,11061.438,1052207,0.80042434,12279570.0,0.019908467,557798.9,244467.41411918998
Geo21,2023-02-13,1064693,1377591,0,1099218,-1.4190849,2.843804,7807.099,13281.674,0.0,8566.031,758875,0.0,8116430.5,0.019917926,557798.9,161662.46208314298
Geo21,2023-02-20,1618779,2252638,1394470,2776830,0.44022256,3.0802343,11870.058,21718.203,10362.201,21639.395,1524227,0.0,7254747.5,0.02019247,557798.9,146491.271251325
Geo21,2023-02-27,0,754015,0,1074430,-2.0028517,-1.0527503,0.0,7269.633,0.0,8372.861,0,0.0,8793544.0,0.020195717,557798.9,177591.92605104798
Geo21,2023-03-06,0,0,0,0,-0.9711257,-3.1875634,0.0,0.0,0.0,0.0,0,0.0,16066916.0,0.01989289,557798.9,319617.39262724
Geo21,2023-03-13,824098,29401,0,1409605,-1.3297559,-0.58890474,6042.8823,283.46185,0.0,10984.827,396566,0.0,10580418.0,0.02004729,557798.9,212108.70796722
Geo21,2023-03-20,320382,811296,0,453563,-1.0754434,-1.4193394,2349.2725,7821.8926,0.0,3534.544,44256,0.0,13693675.0,0.02002574,557798.9,274225.9751945
Geo21,2023-03-27,0,387655,0,1646504,-0.7867644,0.17060906,0.0,3737.4714,0.0,12830.943,263305,1.518168,6969768.0,0.020026637,557798.9,139581.013710216
Geo21,2023-04-03,1494234,0,0,3583965,-0.30258304,0.1558868,10956.804,0.0,0.0,27929.268,0,1.0400271,7910846.5,0.019874524,557798.9,157224.308624566
Geo21,2023-04-10,1728213,277597,0,1655301,-2.012522,0.7539224,12672.507,2676.377,0.0,12899.497,1396930,1.140443,13611879.0,0.01997338,557798.9,271875.23178102
Geo21,2023-04-17,1741757,0,0,2262729,-2.0611048,0.23509282,12771.822,0.0,0.0,17633.086,8693,0.0,12955101.0,0.02008652,557798.9,260222.89533852
Geo21,2023-04-24,0,0,0,0,-0.90463006,-1.6645339,0.0,0.0,0.0,0.0,0,0.0,14165104.0,0.01996778,557798.9,282845.68034912
Geo21,2023-05-01,68111,0,0,1099188,-0.068564415,-1.7943769,499.4391,0.0,0.0,8565.797,475300,0.0,7594839.0,0.019986426,557798.9,151793.68765541402
Geo21,2023-05-08,0,470398,0,0,-3.0385532,-1.7268251,0.0,4535.216,0.0,0.0,235676,0.0,15225385.0,0.02003834,557798.9,305091.4412609
Geo21,2023-05-15,0,0,0,1271157,-0.42009282,-2.965198,0.0,0.0,0.0,9905.924,0,0.0,11955565.0,0.019951804,557798.9,238535.08958926
Geo21,2023-05-22,1218205,434936,131255,2251012,-0.41631,-0.6578555,8932.76,4193.319,975.346,17541.777,0,1.4501083,5757656.5,0.019945262,557798.9,114837.967398503
Geo21,2023-05-29,0,347436,0,855727,-0.042098343,-1.4273214,0.0,3349.711,0.0,6668.544,0,1.1152349,9209296.0,0.020131579,557798.9,185397.669958384
Geo21,2023-06-05,1955136,1045917,385106,2360354,0.6512728,0.68578434,14336.471,10083.928,2861.6936,18393.861,192476,0.1919491,8203785.0,0.019893443,557798.9,163201.529281755
Geo21,2023-06-12,0,0,0,0,-0.89362997,-1.4655564,0.0,0.0,0.0,0.0,80279,0.0,8545350.0,0.020020613,557798.9,171083.14529955
Geo21,2023-06-19,1845894,326902,0,1425772,-1.0422987,-0.4434067,13535.43,3151.7378,0.0,11110.814,1851154,0.82417077,9151242.0,0.020075241,557798.9,183713.388599322
Geo21,2023-06-26,734046,963432,0,1606106,1.5290229,-0.44771248,5382.556,9288.671,0.0,12516.128,792888,0.0,4452596.5,0.019993566,557798.9,89023.28199411901
Geo21,2023-07-03,347687,0,0,474739,-1.1801392,-0.38147193,2549.4924,0.0,0.0,3699.5652,197546,0.0,9000034.0,0.020059064,557798.9,180532.25800817602
Geo21,2023-07-10,1012565,0,0,1440247,-2.0206394,0.99412036,7424.859,0.0,0.0,11223.615,0,0.57346326,10223756.0,0.020178447,557798.9,206299.51858693198
Geo21,2023-07-17,0,143011,0,1409935,0.68433183,-1.8686836,0.0,1378.8021,0.0,10987.399,0,0.0,5461655.0,0.02014432,557798.9,110021.3260496
Geo21,2023-07-24,1970259,485657,664719,2397160,-0.3497355,1.7894917,14447.364,4682.3315,4939.4766,18680.686,2755668,1.1087,9291150.0,0.020105295,557798.9,186801.31163925
Geo21,2023-07-31,0,95034,0,1201824,-1.4178982,-0.059832126,0.0,916.2448,0.0,9365.623,0,0.4946651,12321528.0,0.019938515,557798.9,245672.97085092
Geo21,2023-08-07,724339,577531,0,2936664,0.9635028,-0.6997712,5311.3774,5568.11,0.0,22884.953,1331949,0.0,9170270.0,0.020026905,557798.9,183652.12611435002
Geo21,2023-08-14,2697661,0,0,2394466,-0.14190954,0.22191888,19781.201,0.0,0.0,18659.691,412146,1.4164191,8110998.5,0.020030938,557798.9,162470.908071593
Geo21,2023-08-21,1491144,703841,0,1738982,-0.87996423,0.7010797,10934.146,6785.894,0.0,13551.609,579047,0.74085337,15762748.0,0.020148795,557798.9,317600.37808866
Geo21,2023-08-28,1406872,0,776895,3077231,0.5750043,-0.8730179,10316.203,0.0,5773.048,23980.37,660613,1.4040167,6606949.5,0.01999128,557798.9,132081.37740036
Geo21,2023-09-04,1678256,1419894,208822,3363137,1.395432,-0.1732148,12306.187,13689.527,1551.7405,26208.39,220556,1.5256675,10265402.0,0.01986625,557798.9,203935.0424825
Geo21,2023-09-11,743293,1070417,1728628,4338274,2.7322426,0.39445633,5450.362,10320.138,12845.304,33807.477,525461,1.1870056,4773118.5,0.019954754,557798.9,95246.40548034901
Geo21,2023-09-18,0,1258714,186569,2451177,-1.0116496,0.111142814,0.0,12135.553,1386.3801,19101.633,1670832,1.9902353,10942793.0,0.020029677,557798.9,219180.609267861
Geo21,2023-09-25,1150755,105851,839884,3025088,-0.53690004,2.2963648,8438.168,1020.534,6241.1143,23574.027,486317,0.0,5999670.0,0.019987313,557798.9,119917.28218671
Geo21,2023-10-02,1063369,1122782,0,1998379,0.1329827,0.6216716,7797.3906,10825.001,0.0,15573.049,70917,0.0,8580478.0,0.020000711,557798.9,171615.66071985802
Geo21,2023-10-09,1384773,1087490,2112745,3142018,0.7183179,1.3455094,10154.157,10484.743,15699.648,24485.246,1319336,0.6122637,3126502.8,0.02002878,557798.9,62620.036750584
Geo21,2023-10-16,1575311,1146989,34695,2785206,1.601585,0.5507869,11551.319,11058.387,257.81592,21704.666,291463,0.0,3171787.5,0.02003614,557798.9,63550.37840025
Geo21,2023-10-23,1974866,0,688100,3537682,2.2486587,0.47517633,14481.146,0.0,5113.219,27568.592,1027793,2.2144403,8303547.5,0.019834798,557798.9,164699.187345905
Geo21,2023-10-30,1383929,0,0,2653862,1.2246175,-0.02044934,10147.968,0.0,0.0,20681.123,969341,0.0,7981740.0,0.020039864,557798.9,159952.98408336
Geo21,2023-11-06,880407,1102156,0,2021620,1.0835317,-1.0499761,6455.781,10626.141,0.0,15754.162,635746,1.4799516,8540858.0,0.02007226,557798.9,171434.32239908
Geo21,2023-11-13,468442,1781137,81642,956803,-0.97143286,1.2299247,3434.9556,17172.354,606.6755,7456.213,1366396,0.0,14922404.0,0.020079512,557798.9,299634.590186848
Geo21,2023-11-20,1515961,517752,1499699,2287921,0.16011363,1.8188124,11116.122,4991.767,11144.15,17829.404,1969218,0.16832155,8941915.0,0.019921813,557798.9,178139.158491895
Geo21,2023-11-27,1422485,1215096,0,2390928,0.7706251,-0.36565596,10430.689,11715.022,0.0,18632.12,522649,1.3846405,9327734.0,0.020040903,557798.9,186936.212303802
Geo21,2023-12-04,1766742,1197523,760736,1968734,1.1038244,-1.2809366,12955.03,11545.597,5652.9717,15342.03,38604,1.4405677,4586099.0,0.019957133,557798.9,91525.38769416699
Geo21,2023-12-11,1635583,0,0,1730798,-1.2997824,-2.4301975,11993.277,0.0,0.0,13487.833,0,2.6411972,12948726.0,0.01991078,557798.9,257819.23466627998
Geo21,2023-12-18,0,221063,0,800625,-0.5008042,-1.6795573,0.0,2131.3196,0.0,6239.143,1038543,0.8126506,10860980.0,0.019999027,557798.9,217209.03226645998
Geo21,2023-12-25,988507,0,0,1898691,-0.56606007,-0.66467214,7248.448,0.0,0.0,14796.196,0,1.8048754,3768749.5,0.020309009,557798.9,76539.5675142455
Geo21,2024-01-01,492932,884078,1902803,3097396,1.5348442,1.3314149,3614.534,8523.601,14139.585,24137.512,2244586,0.0,3102846.2,0.020046512,557798.9,62201.2435824544
Geo21,2024-01-08,629488,1467092,0,1841865,0.030540705,-0.8340922,4615.861,14144.574,0.0,14353.36,0,0.0,10304290.0,0.019915631,557798.9,205216.43735699
Geo21,2024-01-15,0,0,0,1007998,0.31923026,-1.3879566,0.0,0.0,0.0,7855.1675,0,1.2430966,11304677.0,0.020041361,557798.9,226561.112745397
Geo22,2021-01-25,925030,781552,1614351,2381378,2.1654038,1.1029183,6782.989,7535.124,11996.12,18557.697,646996,0.48590994,4960577.0,0.019993162,411040.88,99177.619574474
Geo22,2021-02-01,1463414,727448,0,2132854,-0.445238,2.0792596,10730.81,7013.4946,0.0,16620.99,790634,0.0,5721176.5,0.019960571,411040.88,114197.9497317815
Geo22,2021-02-08,463915,0,0,700772,-1.541848,-2.9509609,3401.7603,0.0,0.0,5461.0044,0,1.2639297,15594917.0,0.019946842,411040.88,311069.345402114
Geo22,2021-02-15,469385,15953,0,1513281,-0.1853008,-0.37189654,3441.8704,153.80656,0.0,11792.757,95947,1.7351345,8970784.0,0.020199647,411040.88,181206.67011324802
Geo22,2021-02-22,1310977,0,0,1349205,-1.1480958,-0.4855673,9613.031,0.0,0.0,10514.139,0,0.32577652,8940162.0,0.019830441,411040.88,177287.355071442
Geo22,2021-03-01,294191,0,0,699728,-0.5825355,-0.59280246,2157.2212,0.0,0.0,5452.8687,76344,0.20474145,8906432.0,0.020015152,411040.88,178263.590257664
Geo22,2021-03-08,183713,0,0,49454,-1.1168959,-3.4279013,1347.1166,0.0,0.0,385.38712,0,0.0,13824484.0,0.019968214,411040.88,276050.254951576
Geo22,2021-03-15,354429,0,0,1389209,0.4604865,-0.45718712,2598.9297,0.0,0.0,10825.884,1121368,0.0,7442029.5,0.020048602,411040.88,149202.287517759
Geo22,2021-03-22,300748,0,0,1173895,0.050320625,-2.2057366,2205.3018,0.0,0.0,9147.976,0,0.1915395,8317555.0,0.019902036,411040.88,165536.27904198001
Geo22,2021-03-29,900761,107839,329755,2129286,0.50224745,1.4203687,6605.031,1039.7008,2450.3845,16593.186,1073160,0.6223946,5699383.0,0.019880658,411040.88,113307.48423401399
Geo22,2021-04-05,93080,586336,0,1402552,-0.4381559,-1.2839767,682.52985,5653.001,0.0,10929.864,0,0.6279259,8437664.0,0.019987285,411040.88,168645.99510224
Geo22,2021-04-12,0,577848,0,1204784,-0.1775956,-0.27153555,0.0,5571.1665,0.0,9388.69,320332,0.0,7634928.0,0.02005632,411040.88,153128.55914496
Geo22,2021-04-19,459690,307965,0,657170,-1.7456236,-1.3595326,3370.7795,2969.1619,0.0,5121.221,0,0.77782714,13082504.0,0.020132719,411040.88,263386.376848376
Geo22,2021-04-26,1471208,981494,0,1135115,1.0466352,-0.77070665,10787.961,9462.811,0.0,8845.77,270692,0.0,6376558.0,0.019898744,411040.88,126885.49524315199
Geo22,2021-05-03,1539877,0,0,1443941,-0.8620903,-0.37581974,11291.492,0.0,0.0,11252.402,589676,1.8189507,10205468.0,0.019865694,411040.88,202738.704414792
Geo22,2021-05-10,0,704763,0,2186110,1.3786011,-0.93642056,0.0,6794.7837,0.0,17036.006,93049,0.0,5226396.0,0.020056758,411040.88,104824.559784168
Geo22,2021-05-17,447962,1084306,0,1494664,-1.1518595,-0.6958861,3284.7812,10454.045,0.0,11647.678,234949,0.0,13116316.0,0.019979663,411040.88,262059.57348150804
Geo22,2021-05-24,333305,0,0,1018429,-1.3339151,-1.5368314,2444.0332,0.0,0.0,7936.4546,0,0.0,10192412.0,0.019994382,411040.88,203790.979029384
Geo22,2021-05-31,179572,1124544,0,771068,-1.06843,-0.56084126,1316.7517,10841.989,0.0,6008.81,0,0.029002637,12248815.0,0.019956123,411040.88,244438.858744245
Geo22,2021-06-07,985105,1021824,0,1987892,0.29069752,1.1190428,7223.502,9851.642,0.0,15491.325,461152,0.0,9243553.0,0.020171508,411040.88,186456.403287924
Geo22,2021-06-14,917715,521624,295235,1220355,0.25571087,0.43729597,6729.35,5029.098,2193.869,9510.032,1060781,1.8678584,7208666.5,0.019982837,411040.88,144049.6076568605
Geo22,2021-06-21,1292785,131515,0,1107714,-1.19295,0.8160881,9479.634,1267.9667,0.0,8632.239,810175,0.0,11528042.0,0.019996652,411040.88,230522.244115384
Geo22,2021-06-28,822016,0,0,1719461,0.1704781,-0.39822757,6027.6157,0.0,0.0,13399.485,1071096,1.2057083,8704392.0,0.020017527,411040.88,174240.401878584
Geo22,2021-07-05,0,0,0,1109370,-0.84339255,-1.6194332,0.0,0.0,0.0,8645.143,1031741,0.0,8010390.0,0.020153575,411040.88,161437.99564425
Geo22,2021-07-12,0,0,0,82000,-1.5772363,-2.335834,0.0,0.0,0.0,639.01294,0,0.0,10435395.0,0.01987623,411040.88,207416.31116085002
Geo22,2021-07-19,0,304631,0,1666097,-0.028373122,-0.8626248,0.0,2937.018,0.0,12983.628,0,0.0,5151384.5,0.019888323,411040.88,102452.3988331935
Geo22,2021-07-26,0,247848,0,1576594,-1.2653782,-0.83063626,0.0,2389.56,0.0,12286.146,0,0.0,11195134.0,0.020003106,411040.88,223937.452086204
Geo22,2021-08-02,740670,217145,345942,789733,0.78841984,-0.06929475,5431.128,2093.5452,2570.6687,6154.2637,148121,0.0,5746080.0,0.019850397,411040.88,114061.96919376
Geo22,2021-08-09,526077,0,0,1672420,0.25494674,-1.120022,3857.577,0.0,0.0,13032.902,0,0.74616283,8919652.0,0.019921819,411040.88,177695.692686988
Geo22,2021-08-16,1306832,95865,0,1401828,-0.9528613,-0.4500625,9582.637,924.2567,0.0,10924.222,168572,0.0,8650074.0,0.020081643,411040.88,173707.697991582
Geo22,2021-08-23,0,796913,0,1984701,-0.26649547,-0.45036602,0.0,7683.2227,0.0,15466.458,74920,0.0,8093895.0,0.020012002,411040.88,161975.04292779
Geo22,2021-08-30,1273181,1555361,1490361,3283286,0.98600745,3.4582407,9335.884,14995.596,11074.76,25586.123,698282,0.0,4144152.8,0.019950356,411040.88,82677.32367839679
Geo22,2021-09-06,1105251,860817,0,473633,-1.1803113,-0.7685842,8104.4995,8299.336,0.0,3690.9465,0,0.0,9841091.0,0.019906335,411040.88,195900.054211485
Geo22,2021-09-13,1365368,616615,654594,3322772,2.039782,1.4188026,10011.866,5944.928,4864.2383,25893.832,207562,0.0,3855576.0,0.020015381,411040.88,77170.82261445599
Geo22,2021-09-20,0,287175,0,1345251,0.7445987,-0.66346556,0.0,2768.7207,0.0,10483.326,106651,0.0,11329785.0,0.019996775,411040.88,226559.16144337502
Geo22,2021-09-27,447980,584636,0,1155713,-0.20965324,1.1806237,3284.9133,5636.611,0.0,9006.287,0,0.0,10735526.0,0.01996102,411040.88,214292.04919652
Geo22,2021-10-04,512842,0,160509,1279856,1.9022684,0.07376212,3760.5286,0.0,1192.7302,9973.714,615430,0.0,1255242.4,0.019993408,411040.88,25096.573442099198
Geo22,2021-10-11,1162222,1410900,598452,2322203,1.4839098,1.519156,8522.252,13602.814,4447.0513,18096.559,658779,0.0,6497036.0,0.020123258,411040.88,130741.53166328801
Geo22,2021-10-18,1316904,1663030,806515,1437073,0.23609783,1.7725383,9656.492,16033.657,5993.152,11198.881,584086,0.09944928,4666867.5,0.01990188,411040.88,92879.4369609
Geo22,2021-10-25,439094,540251,0,643522,-0.87226456,-0.74391454,3219.7546,5208.685,0.0,5014.8643,333460,0.0,10267159.0,0.019986607,411040.88,205205.671939513
Geo22,2021-11-01,889067,8245,0,1076738,-0.480906,0.6127592,6519.282,79.49195,0.0,8390.847,115403,0.0,9198286.0,0.019992538,411040.88,183897.082389868
Geo22,2021-11-08,480790,0,1198305,1852294,1.3783705,0.19967508,3525.5,0.0,8904.514,14434.632,926254,1.5787802,6228472.0,0.020076143,411040.88,125043.694543496
Geo22,2021-11-15,393238,80635,0,1492932,0.88785297,-0.1961149,2883.5056,777.4207,0.0,11634.181,932171,0.17018503,5299254.5,0.020153703,411040.88,106799.60131441349
Geo22,2021-11-22,922906,866625,420159,3431988,0.011377692,0.44658768,6767.414,8355.332,3122.1697,26744.936,1516095,2.4629824,8901653.0,0.020027507,411040.88,178277.917769071
Geo22,2021-11-29,559195,614383,187098,1503009,-0.82934284,0.6352385,4100.422,5923.409,1390.3112,11712.709,353930,0.0,11752081.0,0.019959366,411040.88,234564.08594064598
Geo22,2021-12-06,954693,553429,0,539019,-0.3153565,-0.30365866,7000.4995,5335.737,0.0,4200.489,682580,0.70144624,8027417.5,0.020035798,411040.88,160835.715491665
Geo22,2021-12-13,946003,966767,715977,1534056,-1.0750268,1.696134,6936.778,9320.824,5320.371,11954.654,890916,2.0230522,11107380.0,0.01995782,411040.88,221679.0907116
Geo22,2021-12-20,311973,624636,0,1702282,-0.965006,1.2860749,2287.6118,6022.2607,0.0,13265.612,768690,0.8800856,13360898.0,0.020091739,411040.88,268443.675421622
Geo22,2021-12-27,1060578,0,0,267786,-0.6817267,-1.1492522,7776.925,0.0,0.0,2086.8137,705722,1.4151543,6880323.0,0.019736625,411040.88,135794.354929875
Geo22,2022-01-03,358947,197834,0,839098,-0.19684988,-1.824945,2632.059,1907.3634,0.0,6538.957,682429,1.3037668,8872405.0,0.020243678,411040.88,179610.10990559
Geo22,2022-01-10,853172,0,0,594106,-1.7685504,0.73000586,6256.074,0.0,0.0,4629.7734,0,0.0,12084026.0,0.019999929,411040.88,241679.662034154
Geo22,2022-01-17,0,0,0,1383049,-1.0541418,-1.1440991,0.0,0.0,0.0,10777.88,0,0.11768206,9863560.0,0.02006037,411040.88,197866.66311720002
Geo22,2022-01-24,1201683,801055,20862,1209991,0.21163392,0.32601872,8811.609,7723.1567,155.02394,9429.267,745354,0.0,7563258.0,0.019864114,411040.88,150237.419123412
Geo22,2022-01-31,530956,0,0,1115130,0.18691751,0.011482835,3893.3533,0.0,0.0,8690.03,0,0.0,10291934.0,0.01997013,411040.88,205531.25993142
Geo22,2022-02-07,0,0,0,970247,-1.1153836,-1.1365148,0.0,0.0,0.0,7560.98,0,0.28753865,9950193.0,0.020072935,411040.88,199729.577326455
Geo22,2022-02-14,484768,0,0,1857227,-1.2428802,-0.2791883,3554.6694,0.0,0.0,14473.074,0,0.62234116,9459463.0,0.019929375,411040.88,188521.18542562498
Geo22,2022-02-21,367544,0,0,1251577,-0.33851552,0.3699684,2695.0984,0.0,0.0,9753.34,0,0.0,4925091.0,0.019910172,411040.88,98059.408925652
Geo22,2022-02-28,868891,757640,0,2226694,1.1233606,0.7277177,6371.337,7304.5825,0.0,17352.271,707651,0.0,6395708.0,0.020091588,411040.88,128499.930104304
Geo22,2022-03-07,783554,468848,0,1318510,-1.7475098,0.8091266,5745.5845,4520.272,0.0,10274.938,410783,0.0,16195673.0,0.019777069,411040.88,320302.942422437
Geo22,2022-03-14,1307913,684252,709865,1434280,0.95454717,0.89878345,9590.564,6597.032,5274.953,11177.115,723391,0.0,6372448.5,0.019821296,411040.88,126310.18796325599
Geo22,2022-03-21,320770,131465,0,1192665,0.24806184,-0.60145515,2352.1174,1267.4845,0.0,9294.248,0,0.0,12101107.0,0.01992277,411040.88,241087.57150639
Geo22,2022-03-28,0,836762,168149,1159823,-0.66139203,-0.18248999,0.0,8067.416,1249.5024,9038.316,91761,0.0,12360808.0,0.020019054,411040.88,247451.682835632
Geo22,2022-04-04,0,0,0,0,-2.9908566,-1.1436131,0.0,0.0,0.0,0.0,0,0.0,15586340.0,0.019992618,411040.88,311611.74163812003
Geo22,2022-04-11,47243,70057,0,460675,-1.5662911,-0.5482707,346.41983,675.4357,0.0,3589.9668,0,0.3258664,9769784.0,0.020113656,411040.88,196506.07457030402
Geo22,2022-04-18,0,0,0,260762,-1.1755313,-2.6757472,0.0,0.0,0.0,2032.0767,0,1.8417481,12560069.0,0.019915905,411040.88,250145.140997445
Geo22,2022-04-25,0,0,0,783256,-0.7491513,-1.9320118,0.0,0.0,0.0,6103.789,0,0.0,9397186.0,0.020000366,411040.88,187947.159370076
Geo22,2022-05-02,688143,59344,0,1195171,-0.15885967,-0.6245775,5045.962,572.14923,0.0,9313.777,100717,0.59070957,4537263.5,0.019992447,411040.88,90711.0000487845
Geo22,2022-05-09,1223280,228219,1240080,2068840,1.4498435,0.7469689,8969.974,2200.3123,9214.941,16122.14,1103754,0.0,8766762.0,0.020055301,411040.88,175820.050705362
Geo22,2022-05-16,336325,0,0,745968,-2.3298895,-0.552696,2466.178,0.0,0.0,5813.2095,142735,1.650306,14327068.0,0.020100378,411040.88,287979.482431704
Geo22,2022-05-23,181792,0,0,0,-2.9083326,-1.1730473,1333.0304,0.0,0.0,0.0,163200,0.0,12181788.0,0.020170901,411040.88,245717.63975098802
Geo22,2022-05-30,281433,0,621006,2689992,1.139972,1.2460846,2063.6702,0.0,4614.6484,20962.678,379032,0.0,2410570.8,0.019994868,411040.88,48199.044950654396
Geo22,2022-06-06,814574,0,0,1081750,-1.0042361,0.14526099,5973.0454,0.0,0.0,8429.905,667061,0.0,7938623.5,0.020101411,411040.88,159577.53374775848
Geo22,2022-06-13,1070707,0,0,745883,-1.4183085,0.022586346,7851.198,0.0,0.0,5812.547,573287,1.0903324,15740777.0,0.019874396,411040.88,312838.435445692
Geo22,2022-06-20,809901,300844,0,1217952,-1.2013028,0.04307401,5938.78,2900.5068,0.0,9491.306,167093,0.0,11702072.0,0.020051194,411040.88,234640.51587396802
Geo22,2022-06-27,217661,172007,0,231654,-0.8510488,-2.9017045,1596.0479,1658.3594,0.0,1805.2427,0,0.23798352,12810384.0,0.019836945,411040.88,254118.88283688002
Geo22,2022-07-04,992074,674851,5957,1083124,-0.3762856,-0.28457338,7274.604,6506.3945,44.266014,8440.613,0,1.1877639,10894027.0,0.020016212,411040.88,218057.153965724
Geo22,2022-07-11,0,193614,0,1201772,-0.0795842,-1.6113701,0.0,1866.6774,0.0,9365.217,0,0.0,10009448.0,0.019938454,411040.88,199572.918513392
Geo22,2022-07-18,431782,518542,241675,1147721,-1.2083584,0.2957092,3166.1377,4999.3833,1795.8687,8944.007,248796,0.025573045,10809476.0,0.020027295,411040.88,216484.56464742002
Geo22,2022-07-25,1462760,204774,0,1274902,-1.2767538,0.13560383,10726.014,1974.2736,0.0,9935.108,624353,1.0203781,11236121.0,0.020204984,411040.88,227025.645027064
Geo22,2022-08-01,1515257,337896,273283,2231078,0.07162133,1.6062338,11110.96,3257.7334,2030.7454,17386.434,613121,0.0,3089402.0,0.020214112,411040.88,62449.518041024
Geo22,2022-08-08,624841,75300,0,1075201,0.43952286,0.5627709,4581.786,725.98474,0.0,8378.87,152865,0.26008028,10048758.0,0.019995881,411040.88,200933.769165798
Geo22,2022-08-15,329462,0,0,837001,-0.23108767,-1.3748353,2415.8538,0.0,0.0,6522.6157,0,0.0,7753683.0,0.019994143,411040.88,155028.246678669
Geo22,2022-08-22,1406302,1167483,534945,1670774,0.5778777,0.75241584,10312.023,11255.974,3975.1357,13020.075,187574,0.94133204,7435484.0,0.020046031,411040.88,149051.942764004
Geo22,2022-08-29,1352609,821173,12742,450618,-0.70373034,0.8927096,9918.307,7917.119,94.68484,3511.5942,707481,0.28465176,10075869.0,0.019825898,411040.88,199763.15105536202
Geo22,2022-09-05,126189,703743,759438,2462676,1.3596735,1.072505,925.309,6784.949,5643.3267,19191.242,476496,0.0,3784081.2,0.020028707,411040.88,75790.2536190084
Geo22,2022-09-12,0,307769,210083,2210442,2.4548256,-1.1851976,0.0,2967.2722,1561.1108,17225.621,0,0.0,2488349.2,0.02004076,411040.88,49868.40911339201
Geo22,2022-09-19,386103,0,0,1038024,1.3355999,-0.9305775,2831.1865,0.0,0.0,8089.1553,680995,0.39419287,3862481.5,0.019998398,411040.88,77243.442304637
Geo22,2022-09-26,677743,0,441953,1450212,0.46289474,1.0963569,4969.702,0.0,3284.1191,11301.271,219411,0.45696282,5620418.5,0.020025799,411040.88,112553.3711768815
Geo22,2022-10-03,919878,477763,0,1332220,-0.76024294,0.5477948,6745.2104,4606.2236,0.0,10381.778,1037921,1.2752817,11171307.0,0.020049628,411040.88,223980.549623796
Geo22,2022-10-10,496361,770408,20828,2470722,2.949228,0.3165598,3639.6777,7427.682,154.7713,19253.941,392153,0.18756065,3936014.5,0.019916255,411040.88,78390.6684656975
Geo22,2022-10-17,1298672,209203,377762,2699236,0.14707386,1.6848881,9522.802,2016.9745,2807.1208,21034.717,903120,1.1661472,8502202.0,0.020206302,411040.88,171798.061277004
Geo22,2022-10-24,1235225,0,0,818322,-0.21873517,-1.6122956,9057.563,0.0,0.0,6377.053,0,0.6567883,7110116.0,0.020231217,411040.88,143846.299691172
Geo22,2022-10-31,593858,263060,0,1275090,-0.76269394,0.5195842,4354.5967,2536.2222,0.0,9936.573,183884,0.0,10518975.0,0.019843625,411040.88,208734.595284375
Geo22,2022-11-07,320859,251428,142264,2802400,2.678977,-0.767823,2352.7703,2424.0754,1057.153,21838.656,189514,0.0,5127599.5,0.020035282,411040.88,102732.90196555901
Geo22,2022-11-14,1096647,0,0,1505165,0.5057697,0.9887535,8041.409,0.0,0.0,11729.511,1433780,0.3659766,8844926.0,0.020053336,411040.88,177370.27297313602
Geo22,2022-11-21,1233412,449891,0,1837425,0.7119795,1.35871,9044.269,4337.5034,0.0,14318.76,1016307,0.0,9346252.0,0.020053664,411040.88,187426.59726732798
Geo22,2022-11-28,666752,280143,633409,2340226,2.493658,0.4941852,4889.108,2700.9236,4706.8145,18237.008,0,0.0,2079617.9,0.01988787,411040.88,41359.170444872994
Geo22,2022-12-05,878091,0,0,1595799,0.9716073,-0.16349894,6438.798,0.0,0.0,12435.807,0,0.0,7882268.0,0.019978408,411040.88,157475.166069344
Geo22,2022-12-12,410311,588554,48083,826649,-0.29912123,1.0618215,3008.697,5674.3857,357.30112,6441.944,1615434,0.0,9436513.0,0.020166995,411040.88,190306.110488435
Geo22,2022-12-19,1232386,879211,1449618,2632103,1.0829294,1.1033447,9036.745,8476.677,10772.002,20511.559,329959,1.7248746,5146070.5,0.019875616,411040.88,102281.321166928
Geo22,2022-12-26,323218,0,0,1229454,-1.3395207,0.8162359,2370.068,0.0,0.0,9580.939,396746,0.09074749,10855049.0,0.020026175,411040.88,217385.110907575
Geo22,2023-01-02,807725,253341,942052,1381634,1.5036491,0.2748289,5922.824,2442.5193,7000.317,10766.853,574555,0.59938616,5042958.0,0.019859992,411040.88,100153.105536336
Geo22,2023-01-09,836861,0,0,1438056,1.2709174,-1.6400015,6136.47,0.0,0.0,11206.541,790904,0.83342314,7283583.5,0.019995444,411040.88,145638.485993574
Geo22,2023-01-16,629556,548248,0,815493,-0.51973546,0.29664704,4616.36,5285.786,0.0,6355.007,1035351,0.21495128,9220044.0,0.02005884,411040.88,184943.38738896002
Geo22,2023-01-23,0,0,0,1052997,1.3771794,-1.1241081,0.0,0.0,0.0,8205.838,152662,0.16642413,4405144.5,0.02012991,411040.88,88675.162321995
Geo22,2023-01-30,0,0,0,798015,-0.4163399,-2.4758716,0.0,0.0,0.0,6218.8037,358508,0.32907808,10934466.0,0.019931672,411040.88,217942.189807152
Geo22,2023-02-06,1096735,293320,0,505306,-2.208321,-0.6966881,8042.054,2827.966,0.0,3937.769,0,0.0,12716193.0,0.019996388,411040.88,254277.929110884
Geo22,2023-02-13,2029745,0,0,685363,-2.21798,1.186234,14883.558,0.0,0.0,5340.9243,0,1.6758612,11663121.0,0.020002045,411040.88,233286.271082445
Geo22,2023-02-20,293710,571450,0,1643323,0.38212264,-1.0887498,2153.694,5509.482,0.0,12806.154,0,0.0,8296392.5,0.0199738,411040.88,165710.4845165
Geo22,2023-02-27,0,190755,0,308342,-0.001068711,-1.9957926,0.0,1839.1132,0.0,2402.86,0,0.0,7498514.5,0.020030495,411040.88,150198.9571996775
Geo22,2023-03-06,639533,354754,0,0,-1.4715472,0.21234262,4689.5186,3420.2654,0.0,0.0,0,0.0,5493315.0,0.020164734,411040.88,110771.23575321
Geo22,2023-03-13,539065,156606,0,554604,0.17532647,-1.7202612,3952.8145,1509.8748,0.0,4321.9404,0,0.0,4233543.0,0.020223688,411040.88,85617.852766584
Geo22,2023-03-20,670966,0,0,205103,-1.9117748,-1.9276514,4920.008,0.0,0.0,1598.335,329327,0.0,12228712.0,0.020009927,411040.88,244695.634424024
Geo22,2023-03-27,743083,486310,0,1620514,0.14968038,0.5036392,5448.822,4688.6274,0.0,12628.407,0,0.0,5346121.5,0.019971294,411040.88,106768.964236221
Geo22,2023-04-03,1031070,518604,0,1859333,0.04795611,-0.9718408,7560.551,4999.981,0.0,14489.485,677167,0.77033484,9798617.0,0.019761538,411040.88,193635.742192946
Geo22,2023-04-10,1650672,1275966,200395,2231155,-0.27717584,0.31526667,12103.921,12301.884,1489.1201,17387.035,1083766,1.715116,12514469.0,0.020040201,411040.88,250792.474168269
Geo22,2023-04-17,288486,52619,0,1029265,-0.12900823,-1.52562,2115.388,507.31198,0.0,8020.898,0,0.3253855,10671148.0,0.019875553,411040.88,212094.967644844
Geo22,2023-04-24,0,340479,0,430179,-1.0198345,-1.2752588,0.0,3282.6367,0.0,3352.3162,0,0.0,8377482.5,0.01990578,411040.88,166760.32359885002
Geo22,2023-05-01,200013,0,0,1505119,1.8493196,-2.547456,1466.64,0.0,0.0,11729.152,0,0.0,7455399.0,0.019889036,411040.88,148280.69910536398
Geo22,2023-05-08,0,663191,0,675712,-0.27623996,-0.15027344,0.0,6393.978,0.0,5265.716,271795,0.0,11016651.0,0.019970927,411040.88,220012.732905477
Geo22,2023-05-15,390714,334320,0,81052,-0.81504047,-1.0055902,2864.9976,3223.2566,0.0,631.6253,0,0.0,13357237.0,0.019859264,411040.88,265264.895893568
Geo22,2023-05-22,1416719,267544,283400,2160746,-0.9747284,1.1877087,10388.408,2579.4539,2105.924,16838.348,806806,2.2484503,9441926.0,0.020114508,411040.88,189919.696062408
Geo22,2023-05-29,156750,0,0,764373,0.5098065,-2.431158,1149.4044,0.0,0.0,5956.637,20765,0.57446015,7133465.0,0.020019587,411040.88,142809.023178955
Geo22,2023-06-05,959211,1301349,0,1765714,1.378517,0.6135331,7033.6284,12546.607,0.0,13759.928,312519,0.5228522,4402396.5,0.020065535,411040.88,88336.44105462749
Geo22,2023-06-12,81993,0,0,0,-2.1813731,-1.5862345,601.23193,0.0,0.0,0.0,0,0.10096565,11715416.0,0.019997686,411040.88,234281.210527376
Geo22,2023-06-19,610302,0,0,942730,-0.73775315,-0.26861715,4475.1753,0.0,0.0,7346.5444,81464,0.11582276,6364690.0,0.020055007,411040.88,127643.90250283
Geo22,2023-06-26,843840,228271,417757,1964906,0.28954595,-0.09081319,6187.645,2200.8135,3104.3208,15312.199,672981,1.3971276,8363352.5,0.019877983,411040.88,166246.5788180075
Geo22,2023-07-03,272381,82864,0,1818271,-0.2382701,0.85314834,1997.2946,798.911,0.0,14169.496,0,0.0,5413983.0,0.019999987,411040.88,108279.589618221
Geo22,2023-07-10,1452019,175693,250198,1607736,-0.70472217,0.7509582,10647.253,1693.8969,1859.2024,12528.83,648732,1.8989928,11403527.0,0.019992825,411040.88,227988.719693775
Geo22,2023-07-17,446801,634401,0,1472467,-0.19465801,-1.4494395,3276.268,6116.407,0.0,11474.7,293151,0.043919623,6916846.5,0.020048786,411040.88,138674.375273349
Geo22,2023-07-24,0,0,0,363085,0.8637299,-1.236106,0.0,0.0,0.0,2829.4634,67800,0.0,5698396.5,0.019969963,411040.88,113796.76726432951
Geo22,2023-07-31,906463,79085,0,1486508,-0.720608,1.5186808,6646.842,762.4768,0.0,11584.12,888225,0.37333316,10562021.0,0.019903306,411040.88,210219.13594142598
Geo22,2023-08-07,1251320,619686,1876323,2803153,0.32763308,3.980857,9175.583,5974.536,13942.814,21844.523,1681888,0.0,8496586.0,0.019932868,411040.88,169361.327188648
Geo22,2023-08-14,1062820,805975,0,1218003,-1.8504722,-0.6595347,7793.365,7770.5913,0.0,9491.703,489672,2.44954,15469647.0,0.019800808,411040.88,306311.510074776
Geo22,2023-08-21,981815,1036624,193343,786554,0.57468224,0.73801297,7199.3774,9994.332,1436.7173,6129.49,319556,0.07285995,3215131.5,0.019867603,411040.88,63876.9562347945
Geo22,2023-08-28,0,0,0,1515570,-0.8088255,-0.9844253,0.0,0.0,0.0,11810.595,407339,0.13325682,12529085.0,0.02011012,411040.88,251961.4028402
Geo22,2023-09-04,715393,872162,2035790,3532800,3.5564291,1.4998281,5245.779,8408.716,15127.802,27530.547,1030648,0.0,1862528.1,0.01981726,411040.88,36910.203615006
Geo22,2023-09-11,325253,608601,0,1036354,0.42665535,-1.3649302,2384.9902,5867.663,0.0,8076.1416,78084,0.024485253,7787885.0,0.019782744,411040.88,154065.73525644
Geo22,2023-09-18,766962,774621,283392,2002405,1.1526918,-0.48730204,5623.92,7468.3003,2105.8645,15604.423,285817,1.0630188,7794732.5,0.019965027,411040.88,155622.0448202775
Geo22,2023-09-25,1055947,0,719501,2143386,3.4971333,-1.0392051,7742.967,0.0,5346.5576,16703.064,593950,0.59945136,2677528.0,0.01983474,411040.88,53108.07172272
Geo22,2023-10-02,1550781,816732,420483,1844653,0.6845311,1.0951126,11371.448,7874.3027,3124.5774,14375.087,1133224,1.6652133,5842607.5,0.019926036,411040.88,116420.00737887001
Geo22,2023-10-09,1449508,811510,824393,2311539,0.31891862,0.62291855,10628.841,7823.956,6126.002,18013.453,1123960,2.354467,9588765.0,0.020018576,411040.88,191953.42089864
Geo22,2023-10-16,774320,479897,0,1572806,-0.76071644,-0.50905216,5677.874,4626.798,0.0,12256.626,621452,2.3566916,8594639.0,0.019919159,411040.88,171197.98078860098
Geo22,2023-10-23,999456,660558,0,1234889,0.38429403,1.1370049,7328.734,6368.5923,0.0,9623.293,1347415,0.0,5903104.5,0.019959325,411040.88,117821.9812244625
Geo22,2023-10-30,321815,835956,0,837974,-1.3456208,-0.7651592,2359.7803,8059.6455,0.0,6530.1973,0,0.0,9642986.0,0.019963985,411040.88,192512.42785921
Geo22,2023-11-06,1275648,374940,0,1494946,-0.18765777,0.22549331,9353.974,3614.8833,0.0,11649.876,595577,1.3858566,6679472.0,0.019839024,411040.88,132514.205315328
Geo22,2023-11-13,1191231,685538,898980,1828435,-0.547595,1.932709,8734.967,6609.4307,6680.2524,14248.702,1310995,0.8177421,10261919.0,0.020002687,411040.88,205265.953776353
Geo22,2023-11-20,697820,844307,448367,2058960,-0.4116358,0.38050097,5116.921,8140.1597,3331.7812,16045.147,274167,1.4193788,8722638.0,0.020053301,411040.88,174917.685328038
Geo22,2023-11-27,1054418,348445,0,1292691,-0.51115346,-0.08357245,7731.7554,3359.439,0.0,10073.735,153303,0.04770121,9023879.0,0.019842217,411040.88,179053.76529974298
Geo22,2023-12-04,454612,1719167,649284,1578817,0.27707148,0.38254046,3333.544,16574.887,4824.7803,12303.469,612492,0.3857072,9423775.0,0.020012986,411040.88,188597.87714215
Geo22,2023-12-11,634375,0,0,1814902,0.6148912,-0.8347449,4651.696,0.0,0.0,14143.242,66315,0.82649964,4584096.0,0.019961286,411040.88,91504.45130745601
Geo22,2023-12-18,636756,785511,0,1793099,-0.38956827,-0.24340048,4669.1553,7573.2935,0.0,13973.334,0,1.5548997,9700924.0,0.0200489,411040.88,194492.8551836
Geo22,2023-12-25,985884,471057,176674,1395802,-0.6330049,0.27475196,7229.2144,4541.5693,1312.8511,10877.262,0,0.47042492,9331760.0,0.019850958,411040.88,185244.37582607998
Geo22,2024-01-01,0,367603,68937,1129844,1.5213675,-0.37514424,0.0,3544.1458,512.2656,8804.694,26666,0.0,4706278.0,0.020001467,411040.88,94132.46410982599
Geo22,2024-01-08,1234802,739503,0,488026,-0.97140807,-0.56338215,9054.461,7129.7197,0.0,3803.1086,662224,1.4698534,14462038.0,0.01982833,411040.88,286758.06193654
Geo22,2024-01-15,986849,376852,1282217,2209120,1.9865458,1.8574367,7236.2905,3633.3174,9528.058,17215.32,926214,0.0,1888550.2,0.01998476,411040.88,37742.222494952
Geo23,2021-01-25,2741129,869180,0,4286640,0.20114031,-0.021955304,20099.94,8379.966,0.0,33405.1,1436450,0.0,21777732.0,0.019946486,981570.9,434389.226449752
Geo23,2021-02-01,1470782,2159109,0,3549311,0.71820533,0.95045084,10784.837,20816.47,0.0,27659.215,0,0.0,16919888.0,0.02021401,981570.9,342018.78523088
Geo23,2021-02-08,808423,950340,0,2868208,-2.0216947,-0.00751479,5927.942,9162.448,0.0,22351.488,340335,0.70971256,25426704.0,0.020089682,981570.9,510814.397668128
Geo23,2021-02-15,2312088,2820290,0,2907144,-0.15748826,0.5956901,16953.902,27191.068,0.0,22654.91,139328,0.0,24085572.0,0.019902252,981570.9,479357.123508144
Geo23,2021-02-22,2550352,0,0,5805797,-0.53153914,0.80361545,18701.025,0.0,0.0,45243.65,0,0.4116642,17361360.0,0.019935023,981570.9,346099.11091128
Geo23,2021-03-01,1178771,1152458,1429773,3740638,0.41152453,0.13977283,8643.601,11111.114,10624.535,29150.195,1304707,0.85487586,18591378.0,0.019930936,981570.9,370543.565069808
Geo23,2021-03-08,529820,486561,0,2255873,-0.7954997,0.0962221,3885.0232,4691.0474,0.0,17579.658,2996363,0.1936264,14508925.0,0.020139014,981570.9,292195.44369995
Geo23,2021-03-15,1523114,0,0,2798113,0.50985897,-0.42665607,11168.573,0.0,0.0,21805.248,663916,0.0,10946154.0,0.019989748,981570.9,218810.86002919203
Geo23,2021-03-22,1631972,993449,0,3377659,1.9756768,-1.7391762,11966.799,9578.072,0.0,26321.559,4147880,1.0877683,16398800.0,0.020093022,981570.9,329501.4491736
Geo23,2021-03-29,560385,711496,0,3400168,0.24136192,0.1570231,4109.148,6859.6973,0.0,26496.967,2041128,0.16080034,20384142.0,0.020041503,981570.9,408528.84304542595
Geo23,2021-04-05,785338,275357,1770445,4622170,-0.5412037,0.6675265,5758.666,2654.7805,13156.043,36019.832,131988,0.0,16361075.0,0.02002993,981570.9,327711.18697475
Geo23,2021-04-12,17755,1897436,0,2843482,1.2584772,-1.6025655,130.1925,18293.62,0.0,22158.803,0,0.0,20368460.0,0.019913992,981570.9,405617.34949232
Geo23,2021-04-19,3461848,887593,0,4111137,-0.06280315,-0.52028346,25384.771,8557.49,0.0,32037.434,0,0.7048191,21295134.0,0.020028347,981570.9,426506.33316349797
Geo23,2021-04-26,2219890,0,0,1839326,-0.019446999,-3.2594008,16277.839,0.0,0.0,14333.574,1064934,0.15927376,19656198.0,0.019865144,981570.9,390473.203762512
Geo23,2021-05-03,3104036,591606,0,1225644,-1.6092937,-0.5324584,22761.035,5703.8105,0.0,9551.248,0,0.6279535,25003420.0,0.019996846,981570.9,499989.53921331995
Geo23,2021-05-10,0,610878,0,3993786,-1.4094298,-0.6505885,0.0,5889.616,0.0,31122.938,57047,0.010013789,15877434.0,0.02006218,981570.9,318535.93884611997
Geo23,2021-05-17,1273904,2689162,1071416,2756001,-0.043639958,-0.4057457,9341.185,25926.834,7961.6113,21477.076,1362829,2.8299587,10354145.0,0.020104613,981570.9,208166.078170885
Geo23,2021-05-24,717012,0,0,361324,-1.2733366,-1.3261054,5257.6504,0.0,0.0,2815.7402,0,0.0,19530144.0,0.020083785,981570.9,392239.21311504
Geo23,2021-05-31,0,1952489,0,1172361,-1.0332854,-1.2763078,0.0,18824.398,0.0,9136.022,0,0.031262457,19461758.0,0.020124085,981570.9,391650.07224143
Geo23,2021-06-07,1242223,1538569,0,1275659,-3.084441,-0.16382572,9108.877,14833.7,0.0,9941.007,0,0.0,31707042.0,0.020099042,981570.9,637281.1688537641
Geo23,2021-06-14,3493463,1281067,2060585,4969686,0.8298042,0.3563919,25616.596,12351.064,15312.051,38727.973,1148749,0.5281396,14135035.0,0.02011337,981570.9,284303.18891794997
Geo23,2021-06-21,2085508,2032394,359448,4679930,0.6401074,-0.44626445,15292.453,19594.781,2671.031,36469.95,507129,0.19980386,15544825.0,0.020119885,981570.9,312760.091345125
Geo23,2021-06-28,2380751,0,0,5572339,1.3164997,-1.4327078,17457.389,0.0,0.0,43424.348,0,2.1427472,15616821.0,0.020071577,981570.9,313454.225196717
Geo23,2021-07-05,1351692,1161997,0,4113458,0.7341018,-0.9013913,9911.583,11203.082,0.0,32055.521,526801,1.4891584,15845573.0,0.019934589,981570.9,315874.985224497
Geo23,2021-07-12,670312,1255511,0,3656944,0.10282627,-0.1960206,4915.2124,12104.672,0.0,28497.982,0,0.0,18063106.0,0.019929288,981570.9,359984.841648528
Geo23,2021-07-19,1031357,832912,0,3310852,-0.077373505,-1.0487958,7562.6553,8030.2974,0.0,25800.941,0,0.82469493,21218708.0,0.019814072,981570.9,420429.008058976
Geo23,2021-07-26,3236311,1060717,0,2257209,-0.41041315,0.13223937,23730.973,10226.618,0.0,17590.07,889706,0.0,18338532.0,0.020013854,981570.9,367024.70202232804
Geo23,2021-08-02,559810,1733364,1584114,2937100,0.34423563,-0.12038818,4104.9316,16711.764,11771.431,22888.352,162102,0.035835266,16547249.0,0.019851886,981570.9,328494.100761614
Geo23,2021-08-09,0,1064417,2426133,4560147,2.1968246,0.69146276,0.0,10262.291,18028.41,35536.5,0,0.0,10572783.0,0.019844461,981570.9,209811.179904963
Geo23,2021-08-16,1997066,659004,0,2486525,-1.121126,-0.2222935,14643.932,6353.61,0.0,19377.092,0,0.0,15600532.0,0.020070106,981570.9,313104.330896392
Geo23,2021-08-23,1707177,431271,0,2516622,-0.15621212,-1.2481225,12518.256,4157.9834,0.0,19611.635,0,0.4756174,15258907.0,0.020015815,981570.9,305419.459614205
Geo23,2021-08-30,2532160,1555325,2532970,6838086,0.6227526,0.87545276,18567.629,14995.248,18822.309,53288.113,2452400,2.6206222,19031918.0,0.019923469,981570.9,379181.828283542
Geo23,2021-09-06,0,422293,0,1752558,-0.07745451,-2.439302,0.0,4071.4246,0.0,13657.405,0,0.0,18318018.0,0.019860199,981570.9,363799.482765582
Geo23,2021-09-13,1754049,1982002,0,3207645,-0.18340993,0.03673151,12861.956,19108.94,0.0,24996.666,0,0.0,21812974.0,0.020017756,981570.9,436646.791166344
Geo23,2021-09-20,0,1611267,0,1707565,-0.3509417,-1.6601781,0.0,15534.598,0.0,13306.782,0,0.0,9976709.0,0.019998126,981570.9,199515.483647334
Geo23,2021-09-27,383686,2238724,0,3570920,0.8862177,0.6934339,2813.4631,21584.057,0.0,27827.61,1639942,0.0,9127735.0,0.020031428,981570.9,182841.56645558
Geo23,2021-10-04,2303204,827107,0,5266379,-0.06142664,0.10888983,16888.758,7974.33,0.0,41040.05,1946809,0.0,18493860.0,0.019926747,981570.9,368522.46927342005
Geo23,2021-10-11,3458731,1049628,1113041,4202630,-0.5293016,2.3831267,25361.916,10119.707,8270.924,32750.426,2973570,0.85558355,19953530.0,0.01998958,981570.9,398862.6842174
Geo23,2021-10-18,3038801,2651786,5610156,7070890,1.7714777,3.127304,22282.686,25566.482,41688.645,55102.316,3124470,0.9560962,18204248.0,0.020048106,981570.9,364960.693554288
Geo23,2021-10-25,3338179,1730452,0,4361925,0.047913134,1.4274929,24477.941,16683.688,0.0,33991.785,2122301,0.79467815,16038157.0,0.019847706,981570.9,318320.624917842
Geo23,2021-11-01,2657962,0,0,2595245,-0.90754145,0.14642638,19490.1,0.0,0.0,20224.33,0,0.0,19122044.0,0.019920781,981570.9,380926.05079636397
Geo23,2021-11-08,1086414,0,0,4151203,-0.13296819,0.55739367,7966.373,0.0,0.0,32349.662,530595,0.48234063,23919958.0,0.020072479,981570.9,480132.854635882
Geo23,2021-11-15,2266107,880976,2081039,6342168,1.2700148,1.52671,16616.734,8493.694,15464.044,49423.504,3806846,1.9441527,25554216.0,0.019906372,981570.9,508691.729864352
Geo23,2021-11-22,4571911,1713966,2236358,6735642,-0.6527674,2.4947543,33524.56,16524.742,16618.207,52489.785,1697059,1.1775997,26147598.0,0.01994741,981570.9,521576.85782117996
Geo23,2021-11-29,2097514,1478938,400410,4316146,0.84776676,1.9791521,15380.489,14258.784,2975.4165,33635.035,3088048,0.0,15835181.0,0.020076418,981570.9,317913.71286165796
Geo23,2021-12-06,3856577,1126956,932892,2747672,0.36030433,1.4158744,28279.213,10865.244,6932.25,21412.17,2417784,0.3730428,11542668.0,0.020058183,981570.9,231524.947052244
Geo23,2021-12-13,2421378,2998890,0,6893492,-0.62941355,3.8080697,17755.295,28912.992,0.0,53719.883,3253447,0.0,21248760.0,0.019943679,981570.9,423778.44858803996
Geo23,2021-12-20,1530847,151716,0,1883904,-0.97991085,0.15865995,11225.277,1462.7291,0.0,14680.963,685517,0.0,15623920.0,0.019972188,981570.9,312043.86753696
Geo23,2021-12-27,2835626,512145,0,1649329,-1.3732597,-1.0787628,20792.86,4937.7085,0.0,12852.958,1414371,1.3759112,23368422.0,0.020106537,981570.9,469858.041574614
Geo23,2022-01-03,2331843,1217818,1024707,6981724,0.7496632,0.49548626,17098.76,11741.265,7614.5205,54407.46,2034483,0.66096145,19161436.0,0.020066135,981570.9,384495.96156986
Geo23,2022-01-10,2674500,476064,0,4010022,-0.7867701,-0.35128903,19611.367,4589.8433,0.0,31249.463,0,0.0,14230067.0,0.019873219,981570.9,282797.237875673
Geo23,2022-01-17,2765094,0,0,4745570,0.73186827,-0.03645146,20275.668,0.0,0.0,36981.473,37906,0.0,23302820.0,0.020078493,981570.9,467885.50825025997
Geo23,2022-01-24,3442856,1842010,535051,3982146,-0.74370366,1.5875144,25245.51,17759.244,3975.9236,31032.229,3460146,1.1045007,14396778.0,0.020128014,981570.9,289778.549138892
Geo23,2022-01-31,382746,2564855,0,2874087,-0.24723272,-0.24459836,2806.5706,24728.36,0.0,22397.303,0,0.0,22011600.0,0.019940322,981570.9,438918.3917352
Geo23,2022-02-07,1885893,913287,0,4316564,0.5289826,-0.64545995,13828.731,8805.211,0.0,33638.297,1033851,2.3295932,14664452.0,0.019999173,981570.9,293276.912498196
Geo23,2022-02-14,1011389,393820,0,1468473,-1.824275,-0.38379836,7416.2354,3796.9097,0.0,11443.576,438203,0.0,11765221.0,0.020193785,981570.9,237584.34335148497
Geo23,2022-02-21,1677878,0,706844,4902045,1.1230421,-0.029539987,12303.415,0.0,5252.5044,38200.855,144591,0.91230357,21184376.0,0.020101886,981570.9,425845.91133313597
Geo23,2022-02-28,1126959,701987,0,1311933,-3.1083846,0.2862954,8263.679,6768.019,0.0,10223.685,1538556,0.0,36712692.0,0.020151705,981570.9,739823.33893986
Geo23,2022-03-07,2588487,0,0,0,-0.36940986,-0.6788856,18980.658,0.0,0.0,0.0,601289,0.0,18639864.0,0.0198942,981570.9,370825.1823888
Geo23,2022-03-14,713078,0,0,1497226,-0.50100744,-1.4055046,5228.8037,0.0,0.0,11667.643,762884,0.0,19338662.0,0.019902438,981570.9,384886.52145795606
Geo23,2022-03-21,536843,275824,1686629,3793637,-0.014605582,0.43370464,3936.521,2659.283,12533.213,29563.207,569487,0.2322244,27626960.0,0.02015064,981570.9,556700.9252544
Geo23,2022-03-28,0,0,0,1580136,0.58805144,-3.1384487,0.0,0.0,0.0,12313.748,0,0.0,30062464.0,0.019735942,981570.9,593311.045881088
Geo23,2022-04-04,1653646,2138601,0,2358096,-0.80730635,1.1442852,12125.728,20618.748,0.0,18376.266,452285,0.0,19983410.0,0.020080106,981570.9,401268.99104146
Geo23,2022-04-11,3449986,669841,0,621078,-1.3541477,-1.1772038,25297.793,6458.092,0.0,4839.962,640485,0.58453566,17915210.0,0.019925514,981570.9,356969.76766793994
Geo23,2022-04-18,0,0,0,663192,-0.6961731,-3.3693938,0.0,0.0,0.0,5168.1494,0,0.0,15535357.0,0.020146808,981570.9,312987.854690456
Geo23,2022-04-25,0,73212,0,3127529,-1.3240993,0.11067456,0.0,705.8538,0.0,24372.334,0,0.13787538,20792428.0,0.01998562,981570.9,415549.56488535996
Geo23,2022-05-02,2534651,0,0,5010229,-0.38806003,-1.3266358,18585.895,0.0,0.0,39043.914,136669,2.0879803,8243313.5,0.020094093,981570.9,165641.9080971555
Geo23,2022-05-09,970595,0,0,3457174,0.039111316,-0.6668769,7117.1045,0.0,0.0,26941.205,0,0.0,20092424.0,0.019936124,981570.9,400565.05632457597
Geo23,2022-05-16,2295726,793530,0,2842393,-1.9956868,0.74086666,16833.924,7650.6064,0.0,22150.316,1615561,0.0,18475018.0,0.020007337,981570.9,369635.911207066
Geo23,2022-05-23,545402,1141045,0,2076562,0.641374,-0.9003247,3999.2817,11001.079,0.0,16182.316,743048,0.8376218,9589104.0,0.020003686,981570.9,191817.425437344
Geo23,2022-05-30,0,2583162,0,1653447,0.111771196,0.43605196,0.0,24904.861,0.0,12885.049,0,0.0,25414312.0,0.019896645,981570.9,505659.54378324
Geo23,2022-06-06,1133205,0,0,10346,-2.3694205,-0.7142373,8309.479,0.0,0.0,80.624725,2319169,0.35288498,19732064.0,0.020172987,981570.9,398054.670555168
Geo23,2022-06-13,998870,1959832,0,2548812,0.06201762,0.211119,7324.437,18895.193,0.0,19862.486,1702069,0.88168555,22282764.0,0.019898148,981570.9,443385.735921072
Geo23,2022-06-20,1778730,1053598,0,1827863,-1.5783949,1.3675153,13042.935,10157.982,0.0,14244.245,0,0.0,19753354.0,0.019988816,981570.9,394846.15848886396
Geo23,2022-06-27,1907595,80788,0,2431518,-0.8541756,-0.05423957,13987.866,778.8958,0.0,18948.432,2703763,0.47720885,21020674.0,0.019956404,981570.9,419497.062696296
Geo23,2022-07-04,1688849,0,350779,3261427,0.45278323,-0.73811686,12383.862,0.0,2606.6123,25415.78,1422025,1.8770585,14671846.0,0.01997769,981570.9,293109.59111574
Geo23,2022-07-11,1858826,1288054,855668,4041827,0.16301852,1.6717278,13630.256,12418.427,6358.404,31497.314,2465068,1.7135708,22118642.0,0.020101504,981570.9,444617.970637568
Geo23,2022-07-18,0,3142480,2796880,4653837,0.4115349,1.4363159,0.0,30297.379,20783.404,36266.61,2361134,0.6965369,19631990.0,0.019884108,981570.9,390364.60941492004
Geo23,2022-07-25,3081238,296398,0,1570182,-1.6000658,-0.5616659,22593.865,2857.6418,0.0,12236.178,0,0.86768234,15904414.0,0.019995963,981570.9,318024.073880682
Geo23,2022-08-01,3166200,0,0,4637274,0.9166891,-0.38991022,23216.867,0.0,0.0,36137.535,3449845,1.6066978,24218730.0,0.020053435,981570.9,485668.72783755005
Geo23,2022-08-08,1230029,0,0,2169520,-0.19888216,-1.249987,9019.462,0.0,0.0,16906.725,0,0.0,19014752.0,0.020024287,981570.9,380756.85128182406
Geo23,2022-08-15,826601,0,0,445442,-0.59265566,-0.98456806,6061.2363,0.0,0.0,3471.2585,0,0.0,21549830.0,0.01995479,981570.9,430022.3321857
Geo23,2022-08-22,4106730,3288584,283948,4760374,0.18968482,0.7982471,30113.514,31706.0,2109.9963,37096.836,465491,0.0,19071614.0,0.020159377,981570.9,384471.856624478
Geo23,2022-08-29,699153,2898774,3222096,4128764,0.77841973,1.9574502,5126.6953,27947.752,23943.152,32174.8,1602217,0.8663231,14304276.0,0.01995963,981570.9,285508.05637788
Geo23,2022-09-05,2339719,928142,0,4240878,-0.33075818,-0.68208826,17156.512,8948.432,0.0,33048.484,0,0.0,15877307.0,0.020140259,981570.9,319773.075202513
Geo23,2022-09-12,871230,1985093,429570,5786964,1.4139824,-0.42923695,6388.4883,19138.742,3192.1023,45096.887,153237,0.0,12211357.0,0.020131517,981570.9,245833.141038569
Geo23,2022-09-19,1221822,0,977723,1916213,-0.1738196,0.18283744,8959.282,0.0,7265.3857,14932.742,1649799,0.0,13825276.0,0.019905338,981570.9,275196.791723288
Geo23,2022-09-26,405741,657574,704143,5270427,1.0063734,-0.9154645,2975.1865,6339.823,5232.4336,41071.598,0,1.5770726,23582350.0,0.020067481,981570.9,473238.36056035006
Geo23,2022-10-03,2011360,1261057,637689,6929012,1.9815698,1.7875123,14748.746,12158.143,4738.619,53996.684,1134594,0.9855967,10431456.0,0.020065824,981570.9,209315.760159744
Geo23,2022-10-10,1544255,455801,810150,3381351,3.1162486,-0.3317821,11323.594,4394.483,6020.1636,26350.328,0,0.449394,16174887.0,0.019885823,981570.9,321650.939927001
Geo23,2022-10-17,1248477,876953,1946217,4354824,1.9403193,0.11464649,9154.736,8454.907,14462.191,33936.45,136301,0.7646729,19569196.0,0.019874133,981570.9,388920.804007068
Geo23,2022-10-24,1350470,2234965,345696,5110676,0.45124364,0.09048329,9902.623,21547.816,2568.8408,39826.684,1648094,1.1886218,22628388.0,0.020011203,981570.9,452821.265830764
Geo23,2022-10-31,3220449,2520749,1861015,4812112,0.33952874,1.1871895,23614.66,24303.123,13829.062,37500.02,805344,1.1785741,25351360.0,0.019937536,981570.9,505443.65264895995
Geo23,2022-11-07,789074,739754,226247,4659932,1.4011891,0.6990051,5786.061,7132.1396,1681.2244,36314.11,1826757,0.29863757,15054178.0,0.020113818,981570.9,302796.99643160397
Geo23,2022-11-14,3893286,2738475,670912,6338158,0.27907705,2.5216033,28548.389,26402.271,4985.4966,49392.258,577667,0.057515442,12287778.0,0.019970791,981570.9,245396.646292398
Geo23,2022-11-21,726904,564936,0,3179581,1.1397077,-1.2465912,5330.186,5446.679,0.0,24777.969,0,0.14557242,13613745.0,0.020026993,981570.9,272642.375818785
Geo23,2022-11-28,1598116,995170,861499,7005342,1.4810476,1.3662945,11718.542,9594.664,6401.734,54591.51,1797598,0.0,18522156.0,0.019946273,981570.9,369447.980124588
Geo23,2022-12-05,1260505,2109060,3160222,5042854,0.6433202,0.8783724,9242.934,20333.936,23483.37,39298.156,1531468,0.7787691,23324924.0,0.019873042,981570.9,463537.194298808
Geo23,2022-12-12,1371302,1105632,0,1474042,-1.0139048,-0.49870104,10055.378,10659.654,0.0,11486.974,0,0.0,17808058.0,0.019993484,981570.9,356045.12269407196
Geo23,2022-12-19,806687,599296,463868,2013561,-0.611462,-0.24938694,5915.2124,5777.9517,3446.968,15691.36,60011,0.0,12833496.0,0.020032996,981570.9,257093.37403401601
Geo23,2022-12-26,1128154,1580591,0,1212471,-1.7968519,-1.3093041,8272.441,15238.844,0.0,9448.593,0,0.0,15593879.0,0.019826803,981570.9,309176.766938837
Geo23,2023-01-02,1030288,791283,744040,4190020,1.1539488,0.8689736,7554.8164,7628.9424,5528.905,32652.158,1546000,0.0,5906972.0,0.020083373,981570.9,118631.92197655601
Geo23,2023-01-09,688453,0,0,1662311,-1.1681635,-0.60880345,5048.235,0.0,0.0,12954.124,474526,0.8533118,22730088.0,0.020148719,981570.9,457982.155957272
Geo23,2023-01-16,1761244,0,0,1420968,-0.14545882,0.8602779,12914.715,0.0,0.0,11073.377,451036,0.0,14584706.0,0.02003179,981570.9,292157.76780374
Geo23,2023-01-23,0,253748,0,4845550,1.9071023,-0.037783265,0.0,2446.4434,0.0,37760.6,0,0.0,13818739.0,0.0199883,981570.9,276213.1007537
Geo23,2023-01-30,0,670492,0,2230506,-1.0658123,-0.907922,0.0,6464.3687,0.0,17381.979,0,0.0,11689227.0,0.019929146,981570.9,232956.31151014197
Geo23,2023-02-06,3958479,2055015,2056331,6340748,0.35548812,0.8611518,29026.43,19812.877,15280.44,49412.438,4113364,2.0174775,16278798.0,0.019986229,981570.9,325351.784672742
Geo23,2023-02-13,2714574,1335350,0,1905294,-2.4323087,0.96997577,19905.22,12874.419,0.0,14847.652,36740,0.0,24480002.0,0.020013794,981570.9,489937.71714758803
Geo23,2023-02-20,1606476,554158,2016495,3046586,1.2975962,-0.9640313,11779.844,5342.7656,14984.422,23741.559,250805,1.0863326,13453868.0,0.020185513,981570.9,271573.22741428396
Geo23,2023-02-27,1287710,1297175,0,1655721,-1.6848193,0.22400403,9442.421,12506.365,0.0,12902.77,227622,0.539044,25092126.0,0.019903345,981570.9,499417.24056147
Geo23,2023-03-06,1709085,0,0,507138,-1.2316403,0.07207465,12532.247,0.0,0.0,3952.0454,0,0.0,17154848.0,0.019826602,981570.9,340122.343666496
Geo23,2023-03-13,1547643,715930,0,2452739,-1.3886108,0.54357815,11348.438,6902.447,0.0,19113.805,1600636,0.0,23808772.0,0.02003006,981570.9,476891.13168631995
Geo23,2023-03-20,288756,0,0,0,-3.3808699,-0.6244019,2117.3677,0.0,0.0,0.0,0,0.0,27316976.0,0.020059887,981570.9,547975.4517417119
Geo23,2023-03-27,0,0,143532,4708145,-0.116380155,-0.013814002,0.0,0.0,1066.5754,36689.824,1818438,0.0,29221802.0,0.019939506,981570.9,582668.296309812
Geo23,2023-04-03,1749805,1658908,0,1213745,-0.61757624,-0.3146043,12830.836,15993.916,0.0,9458.521,0,0.008446991,11873747.0,0.019952878,981570.9,236915.425293866
Geo23,2023-04-10,917224,636628,0,2677914,-0.254184,-0.52904856,6725.7495,6137.878,0.0,20868.557,799118,0.6027723,15207723.0,0.019981453,981570.9,303872.402361519
Geo23,2023-04-17,636275,0,0,384077,-2.5293512,-0.011215687,4665.6284,0.0,0.0,2993.0508,0,0.0,10878699.0,0.019855253,981570.9,215999.320955847
Geo23,2023-04-24,0,1608085,1085022,3122385,0.8794199,0.08395171,0.0,15503.92,8062.7163,24332.248,0,0.0,10149884.0,0.02012939,981570.9,204310.97349076
Geo23,2023-05-01,2408304,0,998634,3389813,0.5541399,0.44689977,17659.426,0.0,7420.774,26416.271,1959815,1.0546069,24664490.0,0.019955585,981570.9,492194.32667665003
Geo23,2023-05-08,883476,355511,0,0,-0.3731061,-1.2748173,6478.285,3427.5637,0.0,0.0,0,0.0,20467942.0,0.020097602,981570.9,411356.552075084
Geo23,2023-05-15,2340720,366520,0,1031850,-2.6258311,0.06295502,17163.852,3533.7043,0.0,8041.0425,288046,1.001618,19200028.0,0.019886164,981570.9,381814.905612592
Geo23,2023-05-22,3273041,2336212,237826,5461896,-0.685433,2.510156,24000.305,22523.96,1767.267,42563.684,2764388,2.2923837,15730394.0,0.020039419,981570.9,315227.956401086
Geo23,2023-05-29,1049908,0,0,1247097,0.4750341,-2.469204,7698.6846,0.0,0.0,9718.428,0,0.0,19786386.0,0.020122074,981570.9,398143.123284564
Geo23,2023-06-05,0,2074175,0,2201259,0.4631845,-3.2002027,0.0,19997.602,0.0,17154.06,0,0.0,14934301.0,0.019977959,981570.9,298356.853071659
Geo23,2023-06-12,2611002,0,0,2796724,-2.1523175,1.5269642,19145.754,0.0,0.0,21794.424,250529,0.568878,18344406.0,0.020036776,981570.9,367562.753875056
Geo23,2023-06-19,2317976,199620,0,0,-0.047891498,-1.5095783,16997.076,1924.5826,0.0,0.0,0,0.0,18284560.0,0.020029122,981570.9,366223.68295632
Geo23,2023-06-26,1058071,1448605,0,945826,-1.8271348,-0.16565028,7758.5415,13966.336,0.0,7370.671,0,0.0,23097128.0,0.019903256,981570.9,459708.051448768
Geo23,2023-07-03,2899781,582672,0,4200286,-0.4323133,1.5659682,21263.293,5617.6753,0.0,32732.158,1486974,0.513279,19498278.0,0.020126298,981570.9,392428.153514844
Geo23,2023-07-10,1032139,0,0,0,-1.0802466,-0.8963485,7568.3896,0.0,0.0,0.0,0,0.0,10950875.0,0.020098746,981570.9,220098.85510275
Geo23,2023-07-17,1793923,1939759,166513,2426177,0.051718354,0.50073546,13154.341,18701.666,1237.3455,18906.81,654966,0.9147701,8617789.0,0.01990972,981570.9,171577.76600908
Geo23,2023-07-24,1591793,931664,506462,1289011,0.17397574,-0.13027757,11672.177,8982.388,3763.4807,10045.057,0,0.4421081,19196388.0,0.020157367,981570.9,386948.637990396
Geo23,2023-07-31,1191986,0,0,1427888,0.22312945,-0.9525978,8740.503,0.0,0.0,11127.303,1335841,0.9388884,17020436.0,0.020064773,981570.9,341511.184701028
Geo23,2023-08-07,1464575,0,0,6725694,-0.29858887,1.4049263,10739.323,0.0,0.0,52412.26,1076477,0.0,18581248.0,0.019959513,981570.9,370872.66101222404
Geo23,2023-08-14,1164161,668030,0,2504813,-0.69601065,-0.30643773,8536.47,6440.632,0.0,19519.607,0,0.0,19210170.0,0.019936549,981570.9,382984.49550333
Geo23,2023-08-21,2626849,640151,2211953,4500902,1.4829817,1.9469872,19261.955,6171.844,16436.855,35074.812,2531683,0.64990693,10993396.0,0.020080779,981570.9,220755.955535484
Geo23,2023-08-28,2425840,757282,3754636,6169158,1.5970261,1.2027029,17788.014,7301.131,27900.416,48075.266,3241647,1.3887194,23007392.0,0.02001297,981570.9,460446.24587424
Geo23,2023-09-04,3495704,4267416,82714,6041838,0.57483935,1.5693737,25633.03,41143.145,614.6415,47083.08,4974461,0.88510215,28089776.0,0.019888462,981570.9,558662.442564512
Geo23,2023-09-11,0,0,0,2428268,1.6116394,-1.7596481,0.0,0.0,0.0,18923.105,931572,0.0,17153140.0,0.019989228,981570.9,342878.02637592005
Geo23,2023-09-18,285692,996387,0,1270674,-0.36023825,0.3854791,2094.9004,9606.398,0.0,9902.16,986196,0.0,19599800.0,0.02009186,981570.9,393796.437628
Geo23,2023-09-25,1242950,31846,1301249,6063188,2.0891957,-0.22650576,9114.208,307.03467,9669.483,47249.457,1353716,0.20903939,13732725.0,0.019871645,981570.9,272891.836082625
Geo23,2023-10-02,1368300,2108396,3210742,4241882,2.2984114,2.0123417,10033.365,20327.533,23858.781,33056.31,2330346,0.0,7911206.0,0.019948045,981570.9,157813.09329227
Geo23,2023-10-09,2128258,1753814,0,3153768,-0.38033527,0.06147957,15605.927,16908.926,0.0,24576.81,1012433,0.0,23081596.0,0.019947235,981570.9,460414.01958706003
Geo23,2023-10-16,1437900,292151,0,4148014,0.66669846,0.026166081,10543.723,2816.6956,0.0,32324.812,2552190,0.34640867,14340802.0,0.01998547,981570.9,286607.66814694
Geo23,2023-10-23,2480217,0,3018463,5748056,1.4300809,1.6771061,18186.744,0.0,22429.97,44793.684,2796462,1.1991103,25902844.0,0.020084485,981570.9,520245.28177534
Geo23,2023-10-30,575119,0,0,1714533,-0.8128525,-1.262558,4217.1885,0.0,0.0,13361.082,0,0.086743,17018858.0,0.019995939,981570.9,340308.046417662
Geo23,2023-11-06,3001394,3393028,422887,2494759,0.76305354,-0.19855824,22008.393,32712.969,3142.4412,19441.258,1472820,0.107471466,10231367.0,0.020076897,981570.9,205414.101428199
Geo23,2023-11-13,0,1489424,0,3691288,-0.16532461,-0.7982573,0.0,14359.882,0.0,28765.617,522951,2.1889505,13109893.0,0.019938326,981570.9,261389.320459118
Geo23,2023-11-20,942487,2415190,2954781,6742030,1.7277485,2.3135808,6910.996,23285.406,21956.754,52539.562,2259682,0.285451,20592786.0,0.019962374,981570.9,411080.89583396405
Geo23,2023-11-27,1966430,0,1377357,3094366,-0.1742076,0.84394205,14419.287,0.0,10235.036,24113.9,0,0.10902956,6341436.5,0.020049494,981570.9,127142.59305813101
Geo23,2023-12-04,116306,1533258,1504096,2205048,0.6272265,-0.6269058,852.83966,14782.495,11176.824,17183.588,0,0.28424728,23769900.0,0.019996457,981570.9,475313.7832443
Geo23,2023-12-11,668827,0,817489,7080626,0.3698456,-0.96512306,4904.323,0.0,6074.699,55178.188,66241,1.9144552,21625322.0,0.020078737,981570.9,434209.15297831397
Geo23,2023-12-18,2091036,596876,0,1159319,-0.37242818,-1.130965,15332.988,5754.6196,0.0,9034.388,820961,1.1750901,20132474.0,0.019948116,981570.9,401604.926718984
Geo23,2023-12-25,1278150,1052393,602138,2408823,0.90896034,0.41196865,9372.32,10146.365,4474.442,18771.574,0,0.0,16181077.0,0.019892424,981570.9,321880.84446064796
Geo23,2024-01-01,3217906,0,241570,4816348,0.8506228,0.9400848,23596.014,0.0,1795.0884,37533.03,763055,0.5552715,25184086.0,0.020124396,981570.9,506814.519562056
Geo23,2024-01-08,1900156,1472170,0,1980434,-0.104588985,0.63983464,13933.318,14193.532,0.0,15433.206,1489398,0.0,13677083.0,0.019933835,981570.9,272636.715803305
Geo23,2024-01-15,2569926,1080513,0,4956760,-0.48801345,0.89157057,18844.557,10417.476,0.0,38627.24,0,0.5543025,16360901.0,0.019954832,981570.9,326479.03082363197
Geo24,2021-01-25,659594,276739,379721,904956,1.4231764,1.7133293,4836.62,2668.1047,2821.678,7052.178,314633,0.23884219,1599702.0,0.020023217,141613.08,32031.180281334
Geo24,2021-02-01,235360,417840,0,306025,1.0508322,0.16883004,1725.8297,4028.4922,0.0,2384.804,35721,0.0,2015979.4,0.019952355,141613.08,40223.536661487
Geo24,2021-02-08,438427,583232,0,570559,-2.7668338,0.8610203,3214.8638,5623.075,0.0,4446.2754,0,0.18963362,2194643.5,0.020030798,141613.08,43960.460630513
Geo24,2021-02-15,43003,48395,0,516089,-1.4698883,-0.09077427,315.3291,466.5874,0.0,4021.7993,0,0.675061,2886432.5,0.019922793,141613.08,57505.7972059725
Geo24,2021-02-22,166055,424160,0,560246,0.87836224,-0.50592446,1217.6354,4089.4248,0.0,4365.9077,0,0.17920485,2447821.5,0.019977095,141613.08,48900.3626485425
Geo24,2021-03-01,219744,284660,0,898062,-0.17810166,0.018782198,1611.3219,2744.473,0.0,6998.454,246955,0.9991656,1908659.4,0.019937323,141613.08,38053.5589547862
Geo24,2021-03-08,124743,0,91839,922132,-0.15336609,1.9678352,914.7059,0.0,682.44867,7186.0273,470791,0.0,1886717.0,0.019941881,141613.08,37624.685894677
Geo24,2021-03-15,300972,153283,36320,475010,0.5763259,0.64120376,2206.9443,1477.8369,269.89117,3701.6772,309301,0.0,2471001.8,0.020003693,141613.08,49429.16140964739
Geo24,2021-03-22,225683,100012,0,417434,0.89078337,-2.3453321,1654.871,964.2389,0.0,3252.9966,134314,0.62550384,2840719.8,0.020182,141613.08,57331.40700359999
Geo24,2021-03-29,235081,36387,0,400946,-1.0717218,0.63686943,1723.7839,350.8155,0.0,3124.5083,141588,0.0,2137212.5,0.020173196,141613.08,43114.40665615
Geo24,2021-04-05,82771,24475,0,330991,-0.89093846,0.03921763,606.9368,235.96915,0.0,2579.36,241558,1.5574551,2648182.8,0.019972002,141613.08,52889.5121779656
Geo24,2021-04-12,0,72464,37189,212589,0.296234,-0.7544791,0.0,698.6422,276.34866,1656.6721,0,0.0,1207601.6,0.020068128,141613.08,24234.303481804804
Geo24,2021-04-19,122881,26867,0,38478,-2.3634403,-0.61269486,901.05237,259.03098,0.0,299.8529,0,0.0,2754404.0,0.020048086,141613.08,55220.528270744
Geo24,2021-04-26,0,64562,0,0,-0.35836965,-2.671048,0.0,622.4572,0.0,0.0,108294,0.0,3428844.2,0.020106856,141613.08,68943.2765758352
Geo24,2021-05-03,219675,0,135935,718593,0.48814046,0.2875483,1610.816,0.0,1010.1227,5599.8804,423930,0.0,2980622.5,0.019844554,141613.08,59149.124154865
Geo24,2021-05-10,0,0,0,718203,1.8645496,-1.0572927,0.0,0.0,0.0,5596.8413,281043,1.0657787,2806378.8,0.020192666,141613.08,56668.2697778808
Geo24,2021-05-17,0,305322,0,303315,-0.3515941,-0.6138229,0.0,2943.68,0.0,2363.6855,78404,0.0,4090866.8,0.019861864,141613.08,81252.24002371519
Geo24,2021-05-24,411483,0,122920,403221,1.2354697,1.7395371,3017.291,0.0,913.40924,3142.237,431028,0.0,4060397.0,0.02017183,141613.08,81905.63801651001
Geo24,2021-05-31,0,280648,0,334100,-1.1202152,-1.6690221,0.0,2705.7922,0.0,2603.588,0,0.0,2583408.5,0.020070963,141613.08,51851.496417385504
Geo24,2021-06-07,389680,122826,184149,689499,0.08929975,0.79925895,2857.4155,1184.1938,1368.3972,5373.1553,362023,0.0,3517011.5,0.020184735,141613.08,70989.9451194525
Geo24,2021-06-14,289832,67074,27736,621080,1.1382129,-0.33479658,2125.2578,646.67596,206.10413,4839.9775,264435,0.6065661,1698272.2,0.02001529,141613.08,33991.410581938
Geo24,2021-06-21,116970,330907,0,457284,-0.26791078,-0.8242191,857.7086,3190.351,0.0,3563.5413,0,0.0,2593556.8,0.02011411,141613.08,52167.086766447996
Geo24,2021-06-28,122500,165173,94054,369277,2.009569,-1.0645425,898.25854,1592.4711,698.9082,2877.7168,176556,0.0,2688402.5,0.019886201,141613.08,53462.1124839025
Geo24,2021-07-05,302749,0,0,155437,0.5186118,-3.3360703,2219.9746,0.0,0.0,1211.2958,62584,1.6104326,4014771.5,0.02017865,141613.08,81012.668928475
Geo24,2021-07-12,430789,0,2915,338279,0.6421652,-0.63549364,3158.8564,0.0,21.661144,2636.1543,0,0.0,1755317.6,0.020103205,141613.08,35287.509552908
Geo24,2021-07-19,224370,349499,132173,739972,0.915499,0.67995906,1645.2432,3369.6008,982.16754,5766.484,65520,0.0,2555247.5,0.020104274,141613.08,51371.395877815
Geo24,2021-07-26,391711,401353,139721,319688,0.40636086,1.5231613,2872.3083,3869.5374,1038.2562,2491.2776,290084,0.0,1317394.5,0.020058721,141613.08,26425.248722434502
Geo24,2021-08-02,410156,92383,0,101983,-2.3700542,1.2976182,3007.5605,890.68585,0.0,794.73724,211202,0.0,1662812.2,0.020061253,141613.08,33358.0962356866
Geo24,2021-08-09,370985,0,0,668963,0.15949291,-0.6553206,2720.3303,0.0,0.0,5213.122,0,0.6993507,3061090.8,0.020054586,141613.08,61388.90870240879
Geo24,2021-08-16,150092,73206,206072,604771,1.2466351,0.23825723,1100.5831,705.796,1531.3055,4712.884,217333,0.0,2332364.0,0.01990178,141613.08,46418.195207920005
Geo24,2021-08-23,102557,178140,0,456711,-0.28946832,-0.20073584,752.02203,1717.489,0.0,3559.076,0,0.45449746,2731562.5,0.019916605,141613.08,54403.451345312504
Geo24,2021-08-30,395807,201332,211781,1083991,-0.5692428,1.5598752,2902.3433,1941.0884,1573.7286,8447.369,622137,2.1263938,2584651.5,0.020072028,141613.08,51879.197278242
Geo24,2021-09-06,185449,0,0,181417,-0.059637204,-0.96284276,1359.8461,0.0,0.0,1413.7538,0,0.101332486,2355031.5,0.019878294,141613.08,46814.008536261004
Geo24,2021-09-13,292041,176336,76709,450118,1.264019,-1.1456459,2141.4558,1700.0962,570.01874,3507.6978,0,0.0,3605830.2,0.020075768,141613.08,72389.81054259361
Geo24,2021-09-20,24137,0,0,240593,-0.42101318,-2.2546005,176.98994,0.0,0.0,1874.9028,4557,0.0,2700065.0,0.020228906,141613.08,54619.361078890004
Geo24,2021-09-27,0,129061,0,185555,-0.86569095,0.3434907,0.0,1244.307,0.0,1446.0005,133269,0.13882354,2142386.0,0.020126484,141613.08,43118.697550824
Geo24,2021-10-04,146266,0,109499,479795,2.6614842,-1.4126673,1072.5281,0.0,813.67883,3738.966,122572,0.0,3342179.2,0.020061493,141613.08,67049.1046255456
Geo24,2021-10-11,462702,594583,0,665664,-0.7971814,1.5727361,3392.8657,5732.5127,0.0,5187.4136,256860,0.0,2244356.0,0.02021837,141613.08,45377.22001972
Geo24,2021-10-18,204526,60073,191140,347752,-0.74938554,0.8368404,1499.7325,579.1777,1420.3469,2709.9758,166796,1.7688112,2106929.2,0.019914351,141613.08,41958.127620949206
Geo24,2021-10-25,337268,0,0,431600,1.5696914,-0.25341794,2473.0928,0.0,0.0,3363.39,50171,0.0,2117441.2,0.020023651,141613.08,42398.90360182121
Geo24,2021-11-01,249979,22997,0,170558,-1.2603021,-0.48090523,1833.0267,221.7194,0.0,1329.1312,0,0.0,3506669.0,0.020156337,141613.08,70681.602111453
Geo24,2021-11-08,293070,126666,558775,718632,2.0328276,2.3415265,2149.0012,1221.2163,4152.215,5600.1846,365325,0.6416957,1057552.1,0.020276373,141613.08,21443.3208465333
Geo24,2021-11-15,331746,190956,59957,884883,1.429123,1.466188,2432.6016,1841.051,445.53595,6895.752,198670,0.61262715,2427425.8,0.019948147,141613.08,48422.646689992594
Geo24,2021-11-22,205644,257580,323881,1093501,1.6947188,2.4337754,1507.9305,2483.3884,2406.7354,8521.479,440603,0.887936,2486016.5,0.019840753,141613.08,49324.439330424495
Geo24,2021-11-29,195445,51415,0,472631,0.09193497,1.3721638,1433.1442,495.70392,0.0,3683.138,275753,0.0,1395683.8,0.020124331,141613.08,28087.2027625378
Geo24,2021-12-06,517353,0,0,488505,-1.3802066,-0.34312248,3793.6062,0.0,0.0,3806.8416,61909,0.5220183,2146403.2,0.019934308,141613.08,42787.06248098561
Geo24,2021-12-13,717553,456121,445742,1175051,-0.14472371,3.130845,5261.6177,4397.568,3312.275,9156.985,736156,3.0733776,2483007.0,0.02001027,141613.08,49685.64048189
Geo24,2021-12-20,13732,267403,0,145513,-0.22841409,-0.6129409,100.692955,2578.0942,0.0,1133.9596,127572,0.0,3008479.0,0.019967051,141613.08,60070.453625429
Geo24,2021-12-27,109971,0,0,573649,0.23486578,-1.7235414,806.3869,0.0,0.0,4470.355,193066,2.028186,3542855.8,0.020069454,141613.08,71103.18150673319
Geo24,2022-01-03,0,96130,0,719261,2.2478116,-1.4998074,0.0,926.8116,0.0,5605.086,0,0.0,2033862.4,0.020025376,141613.08,40728.8592922624
Geo24,2022-01-10,350822,0,0,266380,-0.8461106,-1.1363269,2572.4805,0.0,0.0,2075.857,45860,0.6867259,2206480.5,0.019968534,141613.08,44060.180884587
Geo24,2022-01-17,536537,87311,148442,507863,1.0151796,-0.9783553,3934.2773,841.7856,1103.0613,3957.6953,8510,0.7801104,2045369.5,0.0198893,141613.08,40680.96759635
Geo24,2022-01-24,0,177399,335827,723272,1.4572943,1.8712393,0.0,1710.3448,2495.505,5636.3433,262264,0.0,3130385.8,0.01998815,141613.08,62570.62092826999
Geo24,2022-01-31,149082,0,0,242233,-0.94171315,-0.6194249,1093.177,0.0,0.0,1887.6831,0,0.38758278,3516410.0,0.0201158,141613.08,70735.400278
Geo24,2022-02-07,221332,396917,0,361695,0.55358565,0.35643935,1622.9663,3826.7688,0.0,2818.6316,13736,0.0,2428364.0,0.01972207,141613.08,47892.36479348
Geo24,2022-02-14,476,60749,0,610412,-0.08747691,-0.9807736,3.4903762,585.6952,0.0,4756.8433,0,0.0,3543269.8,0.01997084,141613.08,70762.074252632
Geo24,2022-02-21,135273,43730,0,198912,-1.7991953,0.056889832,991.91943,421.61105,0.0,1550.0895,20981,0.0,2149819.8,0.020254787,141613.08,43544.142137382594
Geo24,2022-02-28,355720,205633,0,518442,1.3122025,-0.12862235,2608.3962,1982.5554,0.0,4040.1357,39806,0.28434622,2290184.8,0.01997933,141613.08,45756.357880184
Geo24,2022-03-07,309518,120626,0,310303,0.13540024,-1.6512871,2269.6099,1162.9833,0.0,2418.1418,0,0.0,1502073.5,0.0199185,141613.08,29919.051009749997
Geo24,2022-03-14,339900,74923,0,172959,-1.2894212,-2.092164,2492.3926,722.35,0.0,1347.8419,0,0.0,2600943.8,0.01992533,141613.08,51824.663526454
Geo24,2022-03-21,73079,193417,124889,591474,-0.014419735,1.1311957,535.86804,1864.7781,928.0408,4609.2627,115263,0.0,3371286.8,0.02007631,141613.08,67682.99889570799
Geo24,2022-03-28,341218,0,0,325550,-1.566328,-1.643784,2502.057,0.0,0.0,2536.9592,328821,1.8603412,3161132.8,0.019923067,141613.08,62979.4605702976
Geo24,2022-04-04,375856,0,0,108688,-1.8531069,-0.24284673,2756.048,0.0,0.0,846.9882,0,0.0,2252361.8,0.020012517,141613.08,45075.4288126506
Geo24,2022-04-11,112091,0,0,55798,-1.5644088,-1.1789448,821.93225,0.0,0.0,434.82492,0,0.385482,3033266.2,0.02003191,141613.08,60762.115524442
Geo24,2022-04-18,313846,151178,263636,677583,-0.2811331,0.8064929,2301.3457,1457.5421,1959.0592,5280.296,248841,0.0,1691642.5,0.019914823,141613.08,33688.7609667775
Geo24,2022-04-25,249972,70270,0,701751,-0.06954171,0.19429845,1832.9755,677.4893,0.0,5468.6333,0,0.0,2566355.0,0.020172296,141613.08,51769.27270108
Geo24,2022-05-02,244488,0,82045,733939,0.5827577,0.2067833,1792.7628,0.0,609.67017,5719.4697,62200,0.7070074,2315839.2,0.01996614,141613.08,46238.369684688005
Geo24,2022-05-09,265384,45905,0,451602,-0.27760053,0.72844154,1945.9874,442.58072,0.0,3519.2622,0,0.0,2180580.5,0.020047205,141613.08,43714.544302502494
Geo24,2022-05-16,0,0,0,82462,-2.0141768,-2.0341434,0.0,0.0,0.0,642.61316,0,0.4024443,3485533.0,0.02006684,141613.08,69943.63302572
Geo24,2022-05-23,57192,340173,0,305490,-0.9762485,-1.1888546,419.3731,3279.6868,0.0,2380.6348,0,0.10189557,2867622.2,0.020020071,141613.08,57410.0000451762
Geo24,2022-05-30,139529,55128,0,517747,-0.11783233,-0.05412166,1023.1275,531.50183,0.0,4034.7197,289330,0.0,2762068.8,0.019912794,141613.08,55000.5070282272
Geo24,2022-06-06,487662,84813,4234,788733,0.100290656,-0.7227002,3575.8904,817.7017,31.462534,6146.4707,206255,3.086849,1651806.2,0.020100933,141613.08,33202.8457551846
Geo24,2022-06-13,474722,195305,81631,513868,-1.1619853,0.9678997,3481.005,1882.9807,606.5938,4004.4912,253236,1.737969,2096812.5,0.020072179,141613.08,42087.5958294375
Geo24,2022-06-20,371696,84284,0,752101,0.28505117,-0.064450115,2725.5437,812.60156,0.0,5861.003,316124,2.0033753,2052765.8,0.019894011,141613.08,40837.7454056238
Geo24,2022-06-27,458329,103976,0,174029,-1.862851,-0.8069879,3360.7998,1002.45667,0.0,1356.1803,435536,2.6854248,4370025.5,0.020121194,141613.08,87930.130870447
Geo24,2022-07-04,7800,149454,404680,766652,2.1358376,-1.4741927,57.195244,1440.9207,3007.1465,5974.3965,36724,1.8955297,3558407.8,0.020104362,141613.08,71539.5185548236
Geo24,2022-07-11,368956,116168,0,516790,0.23923838,-0.9348794,2705.4521,1120.0027,0.0,4027.262,240883,0.9229034,3713962.5,0.020001266,141613.08,74283.951876525
Geo24,2022-07-18,257688,187084,0,481775,-2.5403,0.44542247,1889.5548,1803.7201,0.0,3754.3958,49649,1.3681283,2985273.2,0.020054353,141613.08,59867.722554239605
Geo24,2022-07-25,242253,71783,0,118828,-2.2632515,-0.7434168,1776.3741,692.0765,0.0,926.0076,0,0.4111082,1979335.0,0.020063791,141613.08,39712.963758985
Geo24,2022-08-01,246796,133830,39837,808791,1.2759008,1.3495793,1809.6868,1290.286,296.02576,6302.779,408248,0.21802846,2081700.1,0.019999696,141613.08,41633.369163169606
Geo24,2022-08-08,228180,207884,0,322700,0.65587336,0.96422964,1673.1808,2004.2577,0.0,2514.7495,193151,0.0,2734598.5,0.020082261,141613.08,54916.9208072085
Geo24,2022-08-15,408913,0,0,481739,-1.6280484,1.5094452,2998.4458,0.0,0.0,3754.1152,406422,0.0,1659592.1,0.019842096,141613.08,32929.7857690416
Geo24,2022-08-22,334810,358719,267644,698616,-0.42196983,0.887198,2455.069,3458.493,1988.8424,5444.203,276997,2.0958843,2472863.0,0.02009448,141613.08,49690.89609624
Geo24,2022-08-29,358400,0,131819,485409,0.08599746,1.1035192,2628.048,0.0,979.537,3782.715,235854,0.65980035,1850473.4,0.02002617,141613.08,37057.894888878
Geo24,2022-09-05,332192,475593,63605,861208,1.165843,1.378299,2435.872,4585.302,472.64395,6711.2563,203290,0.0,2909014.2,0.020054305,141613.08,58338.25801613101
Geo24,2022-09-12,0,0,76835,552728,1.6641586,0.6085738,0.0,0.0,570.9551,4307.321,247201,0.0,1768945.0,0.02003989,141613.08,35449.463216050004
Geo24,2022-09-19,271113,304228,112181,457876,2.119801,0.6370833,1987.9966,2933.1326,833.6086,3568.1548,202127,0.0,3941027.2,0.019902525,141613.08,78436.39237368
Geo24,2022-09-26,228046,0,0,609371,-1.4595673,0.15644759,1672.1981,0.0,0.0,4748.731,0,0.7184802,3977283.8,0.020023655,141613.08,79639.758648289
Geo24,2022-10-03,213442,112137,0,539118,-0.7198756,0.51231545,1565.1111,1081.1388,0.0,4201.2607,70844,0.39408574,1826279.2,0.020088185,141613.08,36686.634431252
Geo24,2022-10-10,218109,33776,115258,756813,1.9258221,1.4414985,1599.3329,325.64224,856.4735,5897.723,112015,0.93765926,3939916.2,0.019957045,141613.08,78629.084899629
Geo24,2022-10-17,309701,153455,89163,842795,0.19500995,1.6000688,2270.9517,1479.4951,662.5635,6567.767,501286,0.0,2188866.0,0.019895302,141613.08,43548.150107532
Geo24,2022-10-24,160780,118862,224631,557642,-0.14001013,0.098611705,1178.9552,1145.9761,1669.216,4345.615,0,0.0,2784737.0,0.019912925,141613.08,55452.259025725005
Geo24,2022-10-31,415677,51663,0,222766,-0.78181726,-0.39096308,3048.0442,498.09494,0.0,1735.9799,0,0.0,2559771.8,0.019983986,141613.08,51154.44381439479
Geo24,2022-11-07,299544,0,82560,677736,0.92929435,0.81607413,2196.4731,0.0,613.49713,5281.4883,34906,0.0,1848507.6,0.019849056,141613.08,36691.1308688256
Geo24,2022-11-14,156814,306707,153105,406455,1.6654624,-0.007994533,1149.8737,2957.0332,1137.7117,3167.439,81200,0.0,2316470.8,0.019905563,141613.08,46110.6554470604
Geo24,2022-11-21,320725,183820,0,812681,0.4608007,-0.71574664,2351.7878,1772.2511,0.0,6333.0933,181167,0.2085996,2148689.5,0.020011667,141613.08,42998.8587603965
Geo24,2022-11-28,318430,228026,0,321299,0.09331584,0.6581413,2334.959,2198.4514,0.0,2503.8318,223134,0.0,1687764.6,0.020075282,141613.08,33882.3502946172
Geo24,2022-12-05,534380,22768,0,588445,-0.6383255,0.76889795,3918.4604,219.51157,0.0,4585.658,0,0.0,3441511.0,0.019885067,141613.08,68434.676816237
Geo24,2022-12-12,198962,183734,0,393671,-0.5978968,0.007588446,1458.9332,1771.422,0.0,3067.8152,215747,1.4405622,2529643.0,0.01996309,141613.08,50499.49087687
Geo24,2022-12-19,105252,129029,0,562008,0.17895319,-0.042631477,771.78375,1243.9985,0.0,4379.6387,0,0.0,1720244.5,0.020003218,141613.08,34410.425746801
Geo24,2022-12-26,0,0,0,0,-0.7639122,-1.5779815,0.0,0.0,0.0,0.0,0,0.0,2568679.8,0.020169584,141613.08,51809.202995203195
Geo24,2023-01-02,369770,46554,88889,123694,0.5308107,-0.7247417,2711.421,448.83792,660.52747,963.9276,0,0.59164935,1922485.4,0.0199638,141613.08,38380.11402852
Geo24,2023-01-09,189845,87512,196573,945558,1.060325,0.2347404,1392.0809,843.72345,1460.7191,7368.5825,240529,1.040995,2798910.5,0.020043716,141613.08,56100.567171418
Geo24,2023-01-16,274456,478735,0,540141,-0.473923,0.8413428,2012.5099,4615.595,0.0,4209.2324,171133,0.0,2950712.2,0.019957487,141613.08,58888.8003722414
Geo24,2023-01-23,0,0,0,267471,-0.43759984,-0.7531721,0.0,0.0,0.0,2084.359,0,0.025344007,2713452.2,0.020150198,141613.08,54676.59909353561
Geo24,2023-01-30,317069,139444,123326,621390,-0.7410709,2.6559808,2324.9792,1344.4119,916.4262,4842.393,160608,0.0,3514096.0,0.019979449,141613.08,70209.701813104
Geo24,2023-02-06,259991,132058,450937,761641,1.7879009,1.3258164,1906.442,1273.2018,3350.8787,5935.347,578398,0.0,1953949.6,0.019990118,141613.08,39059.6830700528
Geo24,2023-02-13,35088,0,0,0,-0.23318022,-1.4442859,257.2906,0.0,0.0,0.0,0,0.21834919,3166113.0,0.020261137,141613.08,64149.049250480995
Geo24,2023-02-20,172931,116563,0,213522,0.3005277,-1.6646888,1268.0552,1123.8109,0.0,1663.9429,264597,1.6554171,3874147.0,0.019982362,141613.08,77414.607795214
Geo24,2023-02-27,202628,218452,0,432494,-1.4752935,0.965933,1485.815,2106.1462,0.0,3370.3567,66245,0.10897368,2554464.5,0.01991101,141613.08,50861.968204145
Geo24,2023-03-06,275890,0,277307,612906,2.2681627,-0.043490052,2023.025,0.0,2060.6475,4776.2783,193111,0.0,1108257.0,0.019865785,141613.08,22016.395286745
Geo24,2023-03-13,168426,46765,0,312560,0.10728425,-1.5201964,1235.0212,450.8722,0.0,2435.7302,0,0.46296853,2885283.8,0.020104887,141613.08,58008.304761930594
Geo24,2023-03-20,0,85156,0,227988,-1.1275005,-1.8484588,0.0,821.00867,0.0,1776.6741,21767,0.0,4164217.2,0.020003619,141613.08,83299.4143020468
Geo24,2023-03-27,231660,0,133233,698338,0.38881886,-0.23346247,1698.6986,0.0,990.0444,5442.0366,0,0.0,3412902.8,0.020047931,141613.08,68421.6398441068
Geo24,2023-04-03,358229,236465,60782,538447,-0.7814497,1.0887897,2626.794,2279.8137,451.66644,4196.0317,0,0.0,3841198.0,0.020065099,141613.08,77074.018148602
Geo24,2023-04-10,352360,89948,0,434981,0.101174206,-1.660001,2583.7583,867.2095,0.0,3389.7375,110308,1.2115194,1967263.0,0.019980753,141613.08,39307.396089039
Geo24,2023-04-17,19032,0,32969,448206,-0.021442473,-0.9507825,139.5564,0.0,244.99014,3492.7979,0,0.065910906,2175283.0,0.020001082,141613.08,43508.013656206
Geo24,2023-04-24,134966,0,0,110773,-3.1344614,0.27921426,989.66833,0.0,0.0,863.2363,0,0.0,1601648.4,0.02011418,141613.08,32215.844214311997
Geo24,2023-05-01,265315,0,0,517918,-1.059966,-0.9021201,1945.4814,0.0,0.0,4036.0522,0,0.0,2879339.0,0.020096106,141613.08,57863.501753934
Geo24,2023-05-08,136351,193116,0,476632,0.8638712,-2.5863223,999.8241,1861.8761,0.0,3714.3171,0,1.1304808,1738209.1,0.019874977,141613.08,34546.8658836907
Geo24,2023-05-15,288897,0,0,65630,-1.5756271,-1.3088181,2118.4019,0.0,0.0,511.44412,49012,1.3575951,2951477.0,0.019986387,141613.08,58989.36154359901
Geo24,2023-05-22,318143,0,0,690995,-0.20588785,0.10652028,2332.8545,0.0,0.0,5384.814,26115,0.9928204,3538766.2,0.020034483,141613.08,70897.3512748746
Geo24,2023-05-29,327183,188372,92221,666288,1.3676678,-1.5801938,2399.1423,1816.1382,685.28723,5192.276,0,2.1340036,2750870.2,0.020127514,141613.08,55368.1784626828
Geo24,2023-06-05,59617,113969,0,339018,-1.0114692,-0.33417726,437.15497,1098.8015,0.0,2641.9133,54466,0.55602974,3319590.2,0.01985347,141613.08,65905.384447994
Geo24,2023-06-12,0,0,0,60126,-1.4089739,-1.3410891,0.0,0.0,0.0,468.5523,45547,0.0,2042392.5,0.019909566,141613.08,40663.148276655
Geo24,2023-06-19,306318,418172,0,317313,-0.6123829,0.33629173,2246.145,4031.693,0.0,2472.7695,390338,0.27705806,1685893.4,0.019915735,141613.08,33575.806192649
Geo24,2023-06-26,426038,0,0,280351,-0.30476856,0.73512864,3124.0188,0.0,0.0,2184.7305,152430,0.0,3298342.5,0.020114565,141613.08,66344.72460851251
Geo24,2023-07-03,469267,232723,134594,282167,0.20996404,0.90337384,3441.005,2243.7363,1000.15784,2198.8826,116316,1.2397256,2375203.2,0.019982424,141613.08,47462.3174285568
Geo24,2023-07-10,321613,73166,363369,474958,1.655939,0.7555408,2358.299,705.4104,2700.1675,3701.272,0,0.775067,825762.5,0.019862404,141613.08,16401.62838305
Geo24,2023-07-17,0,277453,0,206607,-0.4940164,-0.62652844,0.0,2674.9885,0.0,1610.0554,0,0.0,1409306.6,0.01982265,141613.08,27936.191474490002
Geo24,2023-07-24,0,0,50563,569193,1.2517521,-0.8083645,0.0,0.0,375.72986,4435.6304,351806,1.2687316,2468814.0,0.019986022,141613.08,49341.770917908
Geo24,2023-07-31,190475,132499,0,256559,0.47303194,-1.0449772,1396.7004,1277.4535,0.0,1999.3234,86729,0.93048984,2981140.5,0.020037277,141613.08,59733.9379744185
Geo24,2023-08-07,372922,0,259216,847525,0.804443,0.86269855,2734.5337,0.0,1926.2145,6604.627,91363,0.0,3042698.5,0.020091822,141613.08,61133.356661667
Geo24,2023-08-14,300316,0,0,720047,1.4610167,-0.6344304,2202.134,0.0,0.0,5611.2114,54179,1.0979894,3207359.2,0.019910902,141613.08,63861.414709998404
Geo24,2023-08-21,240180,170930,0,697598,1.4127975,0.000197053,1761.1735,1647.9757,0.0,5436.27,274084,0.51773065,3424650.5,0.020042762,141613.08,68639.454904681
Geo24,2023-08-28,0,0,0,310673,-0.8108411,0.07529795,0.0,0.0,0.0,2421.0251,0,0.82873833,1562503.1,0.020182328,141613.08,31534.950065216803
Geo24,2023-09-04,678742,394444,267824,1167616,0.034021974,2.7768807,4977.027,3802.926,1990.1799,9099.045,766839,2.4310584,3226014.0,0.020086478,141613.08,64799.25923869201
Geo24,2023-09-11,428287,53788,102320,802894,1.4578956,-0.6595442,3140.51,518.5826,760.3322,6256.825,170412,0.54798126,3469741.0,0.020103477,141613.08,69753.858389457
Geo24,2023-09-18,150015,519930,0,445806,0.08947478,0.3427304,1100.0186,5012.7656,0.0,3474.095,383892,0.15997332,1551048.1,0.020017589,141613.08,31048.2433850309
Geo24,2023-09-25,441470,0,0,286773,0.8263664,0.26732212,3237.1772,0.0,0.0,2234.7764,178563,0.0,2481081.5,0.02002438,141613.08,49682.11876697
Geo24,2023-10-02,209073,165506,0,540819,0.25532794,1.113828,1533.0743,1595.6816,0.0,4214.516,228090,0.38683757,1979007.9,0.019897599,141613.08,39377.505612032095
Geo24,2023-10-09,504439,1796,185855,728635,1.099422,0.1558697,3698.9116,17.315653,1381.0745,5678.1367,32424,0.7263149,2496313.2,0.01986808,141613.08,49596.950362656
Geo24,2023-10-16,91699,129023,0,429820,0.5087829,-0.7853621,672.4034,1243.9407,0.0,3349.5188,93169,0.0,2200481.0,0.019853495,141613.08,43687.238531095
Geo24,2023-10-23,602756,0,41176,811364,1.3216144,-1.1252692,4419.843,0.0,305.97574,6322.83,145626,1.9876988,1575030.5,0.019937368,141613.08,31401.962689724
Geo24,2023-10-30,197008,0,91514,248320,-0.6801414,0.000500411,1444.6051,0.0,680.0336,1935.1182,390250,1.5868908,2510952.0,0.020114454,141613.08,50506.428500208
Geo24,2023-11-06,0,330297,0,322475,1.5280018,-1.6408484,0.0,3184.4697,0.0,2512.9963,12037,0.38718754,2818483.0,0.019815378,141613.08,55849.30603157401
Geo24,2023-11-13,142185,130905,192143,637577,-0.9535884,2.3240244,1042.6033,1262.0853,1427.8002,4968.536,287923,0.0,3393197.0,0.02005912,141613.08,68064.54580664
Geo24,2023-11-20,273531,50244,326733,625138,1.5682925,1.7206515,2005.7272,484.41403,2427.9282,4871.6006,297104,1.2335701,965487.6,0.02014626,141613.08,19450.964216376
Geo24,2023-11-27,585743,177549,372239,611213,0.99806464,2.9816778,4295.0913,1711.791,2766.0798,4763.0854,467298,0.19893868,3111804.5,0.019986363,141613.08,62193.6543220335
Geo24,2023-12-04,0,343713,351012,435793,0.43488106,0.6949007,0.0,3313.8164,2608.3438,3396.0652,0,0.0,3147498.0,0.020087298,141613.08,63224.730280404
Geo24,2023-12-11,514807,0,0,632125,-0.9473617,-0.49088582,3774.9373,0.0,0.0,4926.0493,32873,2.3819282,2611847.2,0.020069268,141613.08,52417.861431849604
Geo24,2023-12-18,0,359748,0,598399,1.1745253,-1.0903444,0.0,3468.4138,0.0,4663.228,196165,0.0,1530300.6,0.019910144,141613.08,30468.505309286404
Geo24,2023-12-25,171342,156884,0,700932,-1.3859833,1.6199641,1256.4034,1512.555,0.0,5462.2515,0,0.0,3267015.0,0.020030532,141613.08,65440.04850198
Geo24,2024-01-01,250919,0,172130,352232,-0.2767033,0.31380644,1839.9196,0.0,1279.085,2744.8877,180575,0.616581,1056342.8,0.02005049,141613.08,21180.190747972003
Geo24,2024-01-08,405934,185850,0,304777,0.38835186,0.6029007,2976.6018,1791.8229,0.0,2375.0786,0,0.0,2163616.0,0.020216342,141613.08,43740.401012672
Geo24,2024-01-15,16034,0,0,442045,-0.70496184,-0.6949952,117.57288,0.0,0.0,3444.7861,0,0.0,3208714.8,0.020094713,141613.08,64478.203004852396
Geo25,2021-01-25,3098646,263282,0,1860574,-0.42170575,-0.3874903,22721.514,2538.3628,0.0,14499.156,0,0.0,8422327.0,0.020125382,779181.9,169502.54820391402
Geo25,2021-02-01,1885017,2478086,0,3014666,1.0590986,0.68355143,13822.308,23891.8,0.0,23492.812,615557,0.08456862,8079800.0,0.020120207,779181.9,162567.2485186
Geo25,2021-02-08,0,168607,0,1347205,-1.1201546,-0.93654895,0.0,1625.5791,0.0,10498.554,636031,0.0,13384275.0,0.019970996,779181.9,267297.3024879
Geo25,2021-02-15,0,880454,0,2727546,-0.5485443,-1.2393553,0.0,8488.661,0.0,21255.33,0,0.0,23025028.0,0.019870967,779181.9,457529.571562076
Geo25,2021-02-22,1602978,274378,0,1556711,1.350913,-1.0820127,11754.194,2645.3418,0.0,12131.2,0,0.5418981,19866364.0,0.020026952,779181.9,397862.71824252803
Geo25,2021-03-01,798752,0,0,1446575,-1.2353058,-0.68227065,5857.0273,0.0,0.0,11272.928,141326,0.0,13066284.0,0.01998487,779181.9,261127.98712307998
Geo25,2021-03-08,956065,0,0,2392931,-0.635285,-0.6435058,7010.56,0.0,0.0,18647.73,0,0.0,17072882.0,0.020133868,779181.9,343743.152567576
Geo25,2021-03-15,1657238,1529392,0,3351004,1.0589979,-0.57233244,12152.067,14745.222,0.0,26113.84,0,0.0,18558376.0,0.01989906,779181.9,369294.23752655997
Geo25,2021-03-22,2357891,141106,368958,2022874,0.21875787,0.09148133,17289.762,1360.4357,2741.699,15763.934,1075339,1.2759218,15274047.0,0.019952621,779181.9,304757.270927187
Geo25,2021-03-29,2833438,0,0,1386955,-0.8582604,0.090040445,20776.816,0.0,0.0,10808.319,395766,1.0661736,14177036.0,0.019920968,779181.9,282420.280490848
Geo25,2021-04-05,1532809,302079,0,691430,-2.0190868,-0.53126836,11239.664,2912.4136,0.0,5388.2036,0,0.11301088,18629786.0,0.019985931,779181.9,372333.61754076596
Geo25,2021-04-12,1495969,1151177,1720259,4408766,0.7741282,1.8788819,10969.527,11098.764,12783.115,34356.812,3052227,0.25961852,14306790.0,0.02000023,779181.9,286139.0905617
Geo25,2021-04-19,2016091,131076,0,2016316,-0.680246,-1.1189635,14783.437,1263.7341,0.0,15712.829,642614,0.0,15516197.0,0.020064916,779181.9,311331.189444452
Geo25,2021-04-26,279887,1206285,0,1726996,0.52133596,-2.856152,2052.334,11630.073,0.0,13458.204,0,0.2729413,17117190.0,0.019917862,779181.9,340937.82824778004
Geo25,2021-05-03,2167006,357114,1112609,4543100,0.27876887,0.5288613,15890.055,3443.0188,8267.714,35403.652,596909,0.0,14020580.0,0.020024765,779181.9,280758.8196637
Geo25,2021-05-10,1061809,1496138,0,2623911,0.13457474,0.08916016,7785.9517,14424.613,0.0,20447.72,1924450,0.24449952,21666134.0,0.020202747,779181.9,437715.423670098
Geo25,2021-05-17,1022096,1140694,362697,3461343,-0.49928623,-0.88783365,7494.747,10997.695,2695.174,26973.693,77014,0.8884457,16143068.0,0.02007238,779181.9,324029.79526184
Geo25,2021-05-24,1161060,0,0,1426373,-2.3697934,-1.6575719,8513.732,0.0,0.0,11115.497,0,0.0,17547696.0,0.020000385,779181.9,350960.67586296
Geo25,2021-05-31,0,0,0,1389387,-0.35436335,-0.88712907,0.0,0.0,0.0,10827.271,0,0.39442328,19561802.0,0.0200885,779181.9,392967.259477
Geo25,2021-06-07,0,289384,176238,3811538,-0.73958206,0.53972936,0.0,2790.0183,1309.6112,29702.707,301064,0.0,15901280.0,0.020001523,779181.9,318049.81764944
Geo25,2021-06-14,650944,509654,0,1707887,0.9268148,-0.5549064,4773.192,4913.692,0.0,13309.291,1030293,0.0,20556466.0,0.020024117,779181.9,411625.080290522
Geo25,2021-06-21,1542330,1012296,0,1031508,-1.2011619,-0.51753116,11309.479,9759.78,0.0,8038.3774,0,0.0,21345984.0,0.01987131,779181.9,424172.66531904
Geo25,2021-06-28,135216,0,0,1483187,0.8972501,-0.18064296,991.5015,0.0,0.0,11558.24,0,0.18763945,10006117.0,0.020099662,779181.9,201119.56963245402
Geo25,2021-07-05,1818182,0,0,1869913,-0.2526952,-0.05137503,13332.225,0.0,0.0,14571.934,1066013,0.2751071,21536462.0,0.019932445,779181.9,429274.34430959
Geo25,2021-07-12,1028777,0,0,0,-0.29536605,-1.9487203,7543.737,0.0,0.0,0.0,0,0.0,21337132.0,0.020000894,779181.9,426761.71539600805
Geo25,2021-07-19,260986,1162252,0,1744100,-0.9247352,-0.8699918,1913.7382,11205.541,0.0,13591.493,0,0.0,15816186.0,0.019977206,779181.9,315963.205856316
Geo25,2021-07-26,456020,828774,265336,3661337,0.5646506,1.2457201,3343.8684,7990.402,1971.6918,28532.217,2121010,0.0,15215067.0,0.019784143,779181.9,301017.061282581
Geo25,2021-08-02,1440576,0,2645513,5175016,1.3552969,2.700843,10563.345,0.0,19658.607,40328.074,2955369,0.0,22915794.0,0.020235684,779181.9,463716.765993096
Geo25,2021-08-09,3110314,194811,0,3816327,0.81779397,-0.8050987,22807.072,1878.218,0.0,29740.027,0,0.37520954,5287199.0,0.019914387,779181.9,105291.327032013
Geo25,2021-08-16,635981,1375598,0,3381664,0.97253656,-0.000990033,4663.4727,13262.459,0.0,26352.768,812237,0.0,8406819.0,0.020028247,779181.9,168373.847416293
Geo25,2021-08-23,984371,2218206,0,3704897,-0.43644068,0.14882022,7218.12,21386.238,0.0,28871.672,1492166,1.3075604,19528158.0,0.020118883,779181.9,392884.726007514
Geo25,2021-08-30,1240873,1768878,2057756,3608120,1.2661471,1.2993443,9098.978,17054.162,15291.029,28117.504,169979,0.6541716,14997796.0,0.020028533,779181.9,300383.852113268
Geo25,2021-09-06,1370832,1818987,788988,2583749,1.7386608,0.45682073,10051.932,17537.273,5862.91,20134.744,0,0.0,14215044.0,0.01994854,779181.9,283569.37383576
Geo25,2021-09-13,1597600,1453546,14507,5200904,1.9197495,0.7115677,11714.758,14013.974,107.80042,40529.816,0,0.0,13444463.0,0.020115696,779181.9,270444.73059124796
Geo25,2021-09-20,870095,681698,845718,4431490,0.48287517,1.6194346,6380.1655,6572.4087,6284.4663,34533.895,2871394,0.8117282,11247838.0,0.020003712,779181.9,224998.511974656
Geo25,2021-09-27,398858,281267,0,1508731,-0.30691743,-0.83478504,2924.7153,2711.7603,0.0,11757.3,0,0.2651555,13358970.0,0.01981276,779181.9,264678.0664572
Geo25,2021-10-04,2414504,0,0,3583148,0.96408796,-0.1955325,17704.89,0.0,0.0,27922.9,0,0.0,9020731.0,0.019831583,779181.9,178895.375547173
Geo25,2021-10-11,598806,1838832,0,3235867,-0.82069,1.6350626,4390.8784,17728.605,0.0,25216.596,673723,0.0,15628776.0,0.0199007,779181.9,311023.5825432
Geo25,2021-10-18,378513,0,119666,4088031,0.78062886,-1.2707871,2775.531,0.0,889.229,31857.373,41917,0.45456362,9421568.0,0.019840099,779181.9,186924.841855232
Geo25,2021-10-25,447538,1520144,52445,3103076,1.3700788,0.49445575,3281.6724,14656.06,389.71484,24181.775,2214750,1.080152,15949607.0,0.019928854,779181.9,317857.38926037797
Geo25,2021-11-01,2039786,1164286,0,4073779,0.6101184,2.2007542,14957.186,11225.151,0.0,31746.31,1382858,0.0,9905451.0,0.020049922,779181.9,198603.519924822
Geo25,2021-11-08,1049784,879699,0,1788178,0.809975,0.33470857,7697.7754,8481.382,0.0,13934.986,613352,0.1174158,4081507.0,0.019906718,779181.9,81249.408864026
Geo25,2021-11-15,896741,990446,0,3361597,0.004167259,0.4127661,6575.5537,9549.119,0.0,26196.39,630422,0.0,17930680.0,0.020076213,779181.9,359980.15091484
Geo25,2021-11-22,2207858,1585038,1374884,5004630,1.4917461,1.2896261,16189.611,15281.718,10216.659,39000.285,3462304,1.3580823,17985504.0,0.020151522,779181.9,362435.279537088
Geo25,2021-11-29,2196454,253314,0,3955621,-0.8222219,0.8294784,16105.989,2442.259,0.0,30825.523,409397,0.03981237,11561968.0,0.019960754,779181.9,230785.59900387202
Geo25,2021-12-06,1452761,302031,0,1646821,1.6490774,-0.31195578,10652.694,2911.9507,0.0,12833.413,238341,0.0,11203198.0,0.020008482,779181.9,224158.985525436
Geo25,2021-12-13,3072588,1972328,1337610,5894364,-1.6715758,2.8087485,22530.438,19015.67,9939.679,45933.84,3007382,3.4478283,13371121.0,0.019940387,779181.9,266625.32736382703
Geo25,2021-12-20,271409,0,0,3695091,0.3224969,-0.77201504,1990.167,0.0,0.0,28795.254,0,0.0,10778399.0,0.02008422,779181.9,216475.73676378
Geo25,2021-12-27,3765410,281772,0,4103127,0.8448719,-1.3262146,27610.71,2716.629,0.0,31975.014,1448726,2.2374468,18708194.0,0.019877141,779181.9,371865.409993354
Geo25,2022-01-03,835693,1349902,867892,3215374,0.8439744,0.3983736,6127.9053,13014.718,6449.24,25056.896,1861224,0.5026346,15455305.0,0.019964397,779181.9,308555.844776085
Geo25,2022-01-10,945900,351329,713861,2322470,-0.9273163,0.33349103,6936.023,3387.2441,5304.647,18098.639,319826,0.0,11968681.0,0.019986207,779181.9,239208.53598296698
Geo25,2022-01-17,1616686,0,0,3049170,0.032630652,-0.013856232,11854.711,0.0,0.0,23761.695,435207,0.0,10375659.0,0.020100463,779181.9,208555.549830117
Geo25,2022-01-24,2831713,0,1012,2752179,-0.27506542,-0.63271666,20764.168,0.0,7.520096,21447.293,310026,0.72773135,15994454.0,0.020001858,779181.9,319918.79769553203
Geo25,2022-01-31,2433536,647034,0,2638473,0.1639525,0.4210394,17844.445,6238.2046,0.0,20561.2,0,0.0,15786149.0,0.020149566,779181.9,318084.05116133403
Geo25,2022-02-07,767460,3133888,819668,3648392,2.9466915,0.20563847,5627.5713,30214.54,6090.891,28431.336,1375108,0.0,7987963.0,0.019991834,779181.9,159694.030294142
Geo25,2022-02-14,2568728,2446190,287630,4138857,0.9222673,1.7644658,18835.771,23584.283,2137.3567,32253.451,813287,0.756201,11353634.0,0.019899292,779181.9,225929.278227128
Geo25,2022-02-21,2363967,0,0,759156,-1.7446203,0.79255706,17334.316,0.0,0.0,5915.9814,0,0.0,17114206.0,0.019878102,779181.9,340197.93251701206
Geo25,2022-02-28,289098,0,0,562805,-1.7885988,-0.8866755,2119.8755,0.0,0.0,4385.8496,312805,0.0,21631384.0,0.01986758,779181.9,429763.25213072
Geo25,2022-03-07,47599,0,0,1012274,-0.78416634,-1.2583351,349.03027,0.0,0.0,7888.49,676567,0.0,18682208.0,0.020014154,779181.9,373908.58797203196
Geo25,2022-03-14,1049588,437441,0,1750770,-0.4828366,-2.0708842,7696.338,4217.47,0.0,13643.471,0,0.0,18337238.0,0.020259943,779181.9,371511.396657434
Geo25,2022-03-21,1296931,208443,0,1431171,-1.8785539,-0.7906203,9510.036,2009.6472,0.0,11152.887,368950,0.0,7782791.5,0.020061119,779181.9,156131.50643368848
Geo25,2022-03-28,1125357,1938944,0,863679,-2.2730258,-0.14164281,8251.932,18693.809,0.0,6730.5127,2113021,0.0,20225872.0,0.020022167,779181.9,404965.786904624
Geo25,2022-04-04,2801959,276573,0,2668296,-0.43255234,1.0138891,20545.99,2666.5042,0.0,20793.605,833944,0.6478235,12175486.0,0.020205827,779181.9,246015.76375692198
Geo25,2022-04-11,1644804,136237,0,1513627,-1.739996,-1.5954058,12060.892,1313.4926,0.0,11795.454,0,1.3210233,20970870.0,0.020195868,779181.9,423524.92236515996
Geo25,2022-04-18,1694371,76373,737880,2480410,-1.2614477,1.5190464,12424.353,736.3298,5483.1304,19329.44,1121010,0.0,7561698.5,0.020005582,779181.9,151276.179401027
Geo25,2022-04-25,27165,866416,0,1613115,-0.613143,0.23145252,199.19342,8353.317,0.0,12570.748,0,0.0,15181160.0,0.020024838,779181.9,304000.26965208
Geo25,2022-05-02,135445,530760,0,3058508,0.40451312,-1.2741605,993.18066,5117.18,0.0,23834.465,61347,0.33280224,15885012.0,0.019959329,779181.9,317054.18067694805
Geo25,2022-05-09,1602772,1724439,0,4037369,1.5749072,-0.39443493,11752.683,16625.717,0.0,31462.572,1546519,0.0,11657661.0,0.020100404,779181.9,234323.69579504398
Geo25,2022-05-16,1145835,1509641,0,2878166,-0.8487966,-0.73291874,8402.091,14554.798,0.0,22429.088,0,2.3855557,20681178.0,0.019850764,779181.9,410537.183719992
Geo25,2022-05-23,2489189,1873950,546247,1322136,-0.6564075,-0.1239177,18252.533,18067.186,4059.1204,10303.195,1037730,1.380595,16984634.0,0.019768067,779181.9,335753.382882478
Geo25,2022-05-30,662030,558385,0,647612,-0.80234385,-1.6282384,4854.4824,5383.519,0.0,5046.737,0,0.7975614,17056734.0,0.019981612,779181.9,340821.040775208
Geo25,2022-06-06,2374460,2050881,0,2494692,-0.9030053,0.59352535,17411.258,19773.018,0.0,19440.736,1557249,0.39896494,17976792.0,0.019970156,779181.9,358999.340619552
Geo25,2022-06-13,2327789,0,0,2229068,-1.4568813,-0.51437485,17069.031,0.0,0.0,17370.771,1582137,0.0,16857366.0,0.019913385,779181.9,335687.21924391
Geo25,2022-06-20,1154753,1370015,323534,943837,-1.3702519,-0.87149966,8467.484,13208.632,2404.1567,7355.171,1515901,1.7674161,15567490.0,0.019944564,779181.9,310486.80062436004
Geo25,2022-06-27,1991869,264785,0,1381735,-1.0165653,-0.41940972,14605.824,2552.8535,0.0,10767.64,959465,1.4111277,13793394.0,0.02006546,779181.9,276770.79557124
Geo25,2022-07-04,3152228,158694,0,195552,-1.3696276,-1.9446024,23114.416,1530.0056,0.0,1523.9055,0,1.8571991,19306654.0,0.02012149,779181.9,388478.64539445995
Geo25,2022-07-11,0,0,0,1966286,-1.3991657,-1.6628563,0.0,0.0,0.0,15322.953,194811,0.70302826,19071852.0,0.019933023,779181.9,380159.664568596
Geo25,2022-07-18,0,621087,0,198470,-2.017251,-1.7099109,0.0,5988.0435,0.0,1546.645,0,0.5683934,21356738.0,0.019826418,779181.9,423427.61470448395
Geo25,2022-07-25,981249,0,0,1991587,-2.1886818,0.38148564,7195.227,0.0,0.0,15520.12,0,0.0,10736309.0,0.019932475,779181.9,214001.21073477503
Geo25,2022-08-01,52347,1142755,294248,2942146,0.0826346,1.7924197,383.84607,11017.566,2186.5347,22927.674,1519641,0.0,11340373.0,0.02004861,779181.9,227358.71553153
Geo25,2022-08-08,2753627,2670128,0,3025050,-0.80559003,1.992719,20191.584,25743.322,0.0,23573.732,559876,0.0,20927504.0,0.019945452,779181.9,417408.526511808
Geo25,2022-08-15,260186,1155964,821071,2895632,-0.8723564,0.98406273,1907.8718,11144.917,6101.3164,22565.197,697019,0.0627721,13848214.0,0.020053029,779181.9,277698.636940206
Geo25,2022-08-22,2014638,716254,1732758,3258050,0.5499358,0.291475,14772.783,6905.5703,12875.994,25389.465,409994,0.667841,22430428.0,0.02004859,779181.9,449698.45449652005
Geo25,2022-08-29,2416966,1220381,1341563,3227921,1.3758973,1.753999,17722.941,11765.976,9969.053,25154.674,996765,0.2941872,10225717.0,0.02012662,779181.9,205809.12028654
Geo25,2022-09-05,1798992,3114953,0,2227373,0.25273857,0.41706556,13191.51,30031.984,0.0,17357.562,480410,0.0,17801796.0,0.019953797,779181.9,355213.423619412
Geo25,2022-09-12,3401804,0,0,2724486,-1.823461,1.2453798,24944.486,0.0,0.0,21231.484,834063,0.9270689,14647355.0,0.019903194,779181.9,291529.14815187
Geo25,2022-09-19,31123,0,0,2074202,-0.089374244,-0.37370566,228.21634,0.0,0.0,16163.925,0,0.0,12312911.0,0.019908348,779181.9,245129.71708102798
Geo25,2022-09-26,2048800,722806,2496530,6520779,2.3789275,0.6075096,15023.283,6968.74,18551.525,50815.39,1126684,1.4806182,18724470.0,0.020012304,779181.9,374719.78587888
Geo25,2022-10-03,1022818,1225446,0,2959738,-1.2062669,-0.34891045,7500.041,11814.809,0.0,23064.766,2121488,2.5245147,22892028.0,0.019919815,779181.9,456004.96273482003
Geo25,2022-10-10,2456774,660962,694888,4359776,2.784189,0.9736779,18014.844,6372.4873,5163.66,33975.04,1935930,0.0,15568410.0,0.020122183,779181.9,313270.39503903
Geo25,2022-10-17,1658175,338032,0,3600008,1.3074578,-0.9880415,12158.938,3259.0447,0.0,28054.287,0,0.743422,13469761.0,0.020067377,779181.9,270302.772086897
Geo25,2022-10-24,806737,1555731,1120084,2927509,1.7746725,-0.8223822,5915.579,14999.163,8323.26,22813.61,787065,0.0,15950555.0,0.020029435,779181.9,319480.604586425
Geo25,2022-10-31,2289560,1929518,1954901,2338628,0.1373382,0.70574516,16788.71,18602.93,14526.722,18224.555,1249082,1.3497603,23636394.0,0.020026183,779181.9,473346.751704102
Geo25,2022-11-07,0,1150916,2198102,5414450,2.1966796,-0.022046685,0.0,11096.248,16333.93,42193.945,714593,0.069474086,8364303.0,0.019912917,779181.9,166557.671401851
Geo25,2022-11-14,1663690,0,0,2293628,0.27137363,0.84264076,12199.378,0.0,0.0,17873.879,1910725,1.3657165,15807045.0,0.01996928,779181.9,315655.3075776
Geo25,2022-11-21,3359822,2564116,0,5009680,1.1749036,2.0524185,24636.645,24721.236,0.0,39039.637,1787119,0.6774639,14074793.0,0.019804899,779181.9,278749.853810907
Geo25,2022-11-28,1972491,1073934,15520,3736758,0.28731993,2.0626426,14463.73,10354.046,115.32794,29119.96,896680,0.13982296,18489506.0,0.01990446,779181.9,368023.63259676
Geo25,2022-12-05,2362962,520981,706054,3600514,1.3067266,-0.92608756,17326.945,5022.8984,5246.634,28058.232,1022889,0.71365094,17677486.0,0.020010302,779181.9,353731.833460772
Geo25,2022-12-12,1171399,1014642,223349,1563825,0.3705246,0.44167456,8589.545,9782.398,1659.6895,12186.639,1187111,0.104012266,20520442.0,0.02005276,779181.9,411491.49851992
Geo25,2022-12-19,1410162,1830277,0,1338907,-0.52088296,0.120017245,10340.328,17646.123,0.0,10433.889,0,0.0,7016779.0,0.020007757,779181.9,140390.009154703
Geo25,2022-12-26,717202,1800642,684031,1135690,0.9762705,0.30350477,5259.0435,17360.406,5082.9824,8850.251,855685,0.0,13312522.0,0.020063138,779181.9,267090.96601403604
Geo25,2023-01-02,1684442,1227064,0,2780046,1.7667186,-0.32571238,12351.547,11830.408,0.0,21664.455,1363722,0.89574826,9864138.0,0.02008032,779181.9,198075.04756416
Geo25,2023-01-09,2840719,1917493,3238008,5674126,2.5309925,1.9213994,20830.205,18486.994,24061.393,44217.56,2298198,1.5341299,11405359.0,0.020075748,779181.9,228971.11313353202
Geo25,2023-01-16,0,0,0,690532,-0.43696624,-2.15849,0.0,0.0,0.0,5381.2056,0,0.23674154,15237906.0,0.020088032,779181.9,306099.543340992
Geo25,2023-01-23,1359235,0,0,3404256,0.6343063,-0.36433735,9966.894,0.0,0.0,26528.824,0,0.0,13548751.0,0.019912692,779181.9,269792.105647692
Geo25,2023-01-30,571081,0,0,1957387,0.5570331,-1.7786427,4187.5786,0.0,0.0,15253.605,0,0.0,17218510.0,0.01993158,779181.9,343192.1095458
Geo25,2023-02-06,1044810,0,0,1528418,-1.8628402,0.7390536,7661.3027,0.0,0.0,11910.718,164957,0.0,20249782.0,0.019997189,779181.9,404938.71786279796
Geo25,2023-02-13,700076,0,0,0,-0.4526292,-1.8557472,5133.4634,0.0,0.0,0.0,0,0.0,14554911.0,0.019935623,779181.9,290161.218494553
Geo25,2023-02-20,1984850,1556508,336,2127116,0.95378256,0.67232174,14554.356,15006.654,2.4967904,16576.275,1423144,0.32515597,9832434.0,0.019871397,779181.9,195384.199490298
Geo25,2023-02-27,860195,0,217193,3989841,-0.59497774,1.6625819,6307.572,0.0,1613.9447,31092.193,1106922,0.0,15054253.0,0.019913461,779181.9,299782.279999633
Geo25,2023-03-06,415392,0,0,2687721,0.80300546,-1.4891822,3045.9546,0.0,0.0,20944.982,0,0.0,14922510.0,0.020116309,779181.9,300185.82221559
Geo25,2023-03-13,1062570,0,0,1475481,-1.1263102,-0.36038318,7791.5317,0.0,0.0,11498.188,0,0.7554356,20135410.0,0.019981628,779181.9,402338.27224748005
Geo25,2023-03-20,2392831,550865,0,1408454,-0.81674945,-1.4443967,17545.969,5311.017,0.0,10975.857,711221,0.0,9868779.0,0.019982632,779181.9,197204.179046328
Geo25,2023-03-27,0,785030,0,1965904,-1.8492758,-0.4709015,0.0,7568.656,0.0,15319.976,0,0.6511764,19177286.0,0.020169675,779181.9,386799.62600205
Geo25,2023-04-03,1451900,1257404,0,1247903,-2.2854538,-0.22316812,10646.381,12122.923,0.0,9724.709,0,0.27271014,17819624.0,0.019965647,779181.9,355780.32245672797
Geo25,2023-04-10,1779019,1092233,0,752170,-0.047887146,-0.78960276,13045.054,10530.471,0.0,5861.541,0,0.0,15003839.0,0.019809663,779181.9,297220.99429625703
Geo25,2023-04-17,681702,0,0,742267,-0.67515385,-2.2362065,4998.732,0.0,0.0,5784.3687,0,0.07277622,16823616.0,0.020028178,779181.9,336946.375851648
Geo25,2023-04-24,274873,807665,0,73156,-1.2538717,-1.3994877,2015.5676,7786.8857,0.0,570.0931,0,0.0,17451406.0,0.019715764,779181.9,344067.802164184
Geo25,2023-05-01,1418752,0,642579,1977044,1.0163994,-0.900715,10403.316,0.0,4774.956,15406.789,0,0.836439,12936562.0,0.020020032,779181.9,258990.385209984
Geo25,2023-05-08,0,566790,0,1632284,-0.78528273,-1.1150796,0.0,5464.5537,0.0,12720.129,0,0.0,15992617.0,0.020046912,779181.9,320602.58564870403
Geo25,2023-05-15,0,188237,0,325035,-1.3436573,-1.6417341,0.0,1814.8365,0.0,2532.946,0,0.99986637,25940226.0,0.019999346,779181.9,518787.55509219604
Geo25,2023-05-22,564296,27994,583410,2703934,-0.11932927,-0.7428969,4137.826,269.89664,4335.2754,21071.326,0,0.17425942,16901734.0,0.019942155,779181.9,337056.99919677
Geo25,2023-05-29,516018,1218295,0,666101,-0.9884391,-1.4177783,3783.8171,11745.864,0.0,5190.819,0,1.4153409,18891202.0,0.020031132,779181.9,378412.160900664
Geo25,2023-06-05,2737789,2060676,1758755,5510611,0.66289854,1.1043683,20075.447,19867.453,13069.175,42943.312,3046286,1.961065,20689650.0,0.01982715,779181.9,410216.79399750003
Geo25,2023-06-12,1579182,2382320,354492,1035392,-1.3685993,1.9755116,11579.704,22968.498,2634.2034,8068.6445,220684,0.0,10452164.0,0.019904878,779181.9,208049.049255992
Geo25,2023-06-19,1881725,0,0,3824556,-1.2158184,0.64274687,13798.168,0.0,0.0,29804.154,1618364,1.2417953,23862660.0,0.019944374,779181.9,475925.81567484
Geo25,2023-06-26,610890,456503,741665,1508163,1.3928697,-0.5797859,4479.487,4401.251,5511.2563,11752.874,1449540,0.7741777,12737906.0,0.020061456,779181.9,255540.940751136
Geo25,2023-07-03,575231,99256,0,1252702,0.41273993,-0.865648,4218.0093,956.9501,0.0,9762.107,0,0.0,20961500.0,0.019964214,779181.9,418479.871761
Geo25,2023-07-10,2154519,0,0,2395920,-0.58773804,2.1088486,15798.491,0.0,0.0,18671.021,1413530,0.0,20501312.0,0.020071078,779181.9,411483.43225433596
Geo25,2023-07-17,621645,957736,0,2352634,-0.47094232,-0.61875427,4558.3506,9233.755,0.0,18333.701,0,0.0,17065098.0,0.020025622,779181.9,341739.201940956
Geo25,2023-07-24,1751610,0,878392,2637611,-1.2701368,1.4816614,12844.071,0.0,6527.2646,20554.482,1438135,0.9750675,21046500.0,0.020027582,779181.9,421510.504563
Geo25,2023-07-31,2367047,346491,1118220,3579242,0.11759293,2.3494635,17356.9,3340.6,8309.408,27892.463,1441883,0.36440206,13397643.0,0.019923463,779181.9,266927.444597709
Geo25,2023-08-07,1914226,0,0,2908151,0.90985495,-0.90040785,14036.489,0.0,0.0,22662.756,0,0.027253151,19006884.0,0.01998198,779181.9,379795.17595032
Geo25,2023-08-14,1818615,219848,1307412,4094782,1.240968,0.5337309,13335.4,2119.6055,9715.28,31909.982,2062250,1.0279156,17310518.0,0.02006546,779181.9,347343.50650828
Geo25,2023-08-21,1552878,0,0,2713202,1.6663324,-0.743162,11386.824,0.0,0.0,21143.55,0,0.0,14758022.0,0.019931817,779181.9,294154.193785974
Geo25,2023-08-28,0,383290,1043364,1959890,-0.084283024,0.057339728,0.0,3695.3877,7753.159,15273.11,1630519,0.0,15743440.0,0.020289171,779181.9,319421.34628824005
Geo25,2023-09-04,2891486,2091042,1463302,4314110,0.96197885,1.769906,21202.467,20160.22,10873.687,33619.17,2587777,0.41173944,11644686.0,0.01985176,779181.9,231167.51174736
Geo25,2023-09-11,2120870,1966709,226037,4082513,3.1020942,-0.21614093,15551.753,18961.496,1679.6638,31814.371,1943453,0.0,6740199.5,0.01991344,779181.9,134220.55833128002
Geo25,2023-09-18,741574,2117840,0,1863548,-1.2659931,-0.6241927,5437.757,20418.586,0.0,14522.332,2116026,0.82375145,17291838.0,0.019857554,779181.9,343373.606844252
Geo25,2023-09-25,1815960,460843,1080156,3440650,0.65676,0.26247415,13315.932,4443.094,8026.5576,26812.436,309385,2.3278735,18604444.0,0.020049587,779181.9,373011.418564628
Geo25,2023-10-02,0,1619314,453505,3410174,-0.5294082,0.6692539,0.0,15612.181,3369.9614,26574.941,414477,0.17881043,12525379.0,0.019931402,779181.9,249648.36405135802
Geo25,2023-10-09,1555793,865734,899679,2959759,-1.3165262,2.1918633,11408.199,8346.742,6685.4463,23064.93,445205,0.0,20380802.0,0.019874219,779181.9,405052.52234363795
Geo25,2023-10-16,445403,1113477,290754,2848561,0.3923253,1.2118876,3266.017,10735.29,2160.571,22198.383,2445194,0.54468876,15829321.0,0.020070866,779181.9,317708.180661986
Geo25,2023-10-23,3884106,1353358,998605,4899976,1.6998968,2.035557,28481.074,13048.038,7420.5586,38184.73,2255997,1.204669,18615462.0,0.019961467,779181.9,371591.930402754
Geo25,2023-10-30,1141918,0,0,1204836,-0.17638427,-1.1862019,8373.368,0.0,0.0,9389.095,0,0.0,16977392.0,0.020120988,779181.9,341601.900703296
Geo25,2023-11-06,0,2212989,0,2484454,0.7772698,0.06338751,0.0,21335.94,0.0,19360.953,1916880,0.0,23794510.0,0.020055732,779181.9,477216.31563132
Geo25,2023-11-13,847990,217179,0,3091733,0.38441145,0.8659534,6218.076,2093.873,0.0,24093.383,1072469,0.35394323,8662131.0,0.019911388,779181.9,172475.051247828
Geo25,2023-11-20,0,538136,2588370,3753872,1.5015453,0.38294652,0.0,5188.294,19233.982,29253.326,2526637,1.6284661,15344753.0,0.020121388,779181.9,308757.728877164
Geo25,2023-11-27,1358541,1367784,0,1331447,-0.012352794,-0.7712091,9961.805,13187.122,0.0,10375.754,0,0.7370609,13673992.0,0.02001527,779181.9,273688.64185784
Geo25,2023-12-04,1631975,2126516,1342388,4583093,-0.58508074,2.0967617,11966.821,20502.234,9975.184,35715.312,1022887,0.0,16642496.0,0.019999048,779181.9,332834.076343808
Geo25,2023-12-11,3327693,574033,256330,4141398,0.4740049,0.49694976,24401.053,5534.385,1904.7689,32273.254,0,2.1869764,18598230.0,0.019946683,779181.9,370972.99817109
Geo25,2023-12-18,0,959622,0,568336,-0.010679394,-1.2798471,0.0,9251.938,0.0,4428.952,922287,0.0,12848600.0,0.019989092,779181.9,256831.8474712
Geo25,2023-12-25,640652,0,0,2531930,-0.32901642,0.89892006,4697.7236,0.0,0.0,19730.926,182061,0.34158432,14470156.0,0.019854661,779181.9,287300.041997116
Geo25,2024-01-01,2259451,188373,69357,4700132,1.606319,0.1983836,16567.93,1816.1477,515.3866,36627.38,1043505,1.1097355,9341185.0,0.02002437,779181.9,187051.34467845
Geo25,2024-01-08,516834,1423263,0,1292008,-0.8320787,-0.8956262,3789.8008,13722.008,0.0,10068.412,0,0.0,17692074.0,0.020077026,779181.9,355204.229691924
Geo25,2024-01-15,767098,0,0,3247271,-0.46867025,-0.26229727,5624.9175,0.0,0.0,25305.465,1005354,1.3098788,20418702.0,0.019954106,779181.9,407436.944090412
Geo26,2021-01-25,659968,0,0,699094,-0.90789783,-0.6708436,4839.3623,0.0,0.0,5447.928,406295,0.0,3020238.2,0.02012085,271370.62,60769.75978647
Geo26,2021-02-01,507008,295929,0,499162,-1.0804354,-0.90550774,3717.7493,2853.12,0.0,3889.8896,46459,0.30171776,1934518.5,0.019997263,271370.62,38685.075222865504
Geo26,2021-02-08,256291,0,0,847946,-0.89106315,0.45188418,1879.311,0.0,0.0,6607.908,0,0.9744651,4081547.5,0.020204812,271370.62,82466.89990656999
Geo26,2021-02-15,451724,316079,0,789045,0.74462914,-0.9293853,3312.367,3047.3909,0.0,6148.902,0,0.0,3092302.0,0.019975524,271370.62,61770.35281624801
Geo26,2021-02-22,426811,513380,141759,934952,1.8322456,0.55785465,3129.687,4949.6157,1053.4004,7285.932,0,0.0,5112857.5,0.020020459,271370.62,102361.7539515925
Geo26,2021-03-01,456741,766455,0,1115301,-0.59246933,-0.39991152,3349.1553,7389.57,0.0,8691.363,0,0.0,1672309.6,0.020073844,271370.62,33569.682030102405
Geo26,2021-03-08,490333,0,45290,693911,0.5237316,-0.7806299,3595.4763,0.0,336.54657,5407.5376,0,1.3647321,3230511.0,0.019990021,271370.62,64577.982730731
Geo26,2021-03-15,324478,427298,517778,723433,2.138403,-0.554777,2379.3071,4119.679,3847.5693,5637.598,480911,0.0,974197.56,0.020134972,271370.62,19615.44059306832
Geo26,2021-03-22,324916,93174,0,0,-0.5732536,-2.926079,2382.519,898.31213,0.0,0.0,0,0.0,3375149.0,0.019999335,271370.62,67500.735525915
Geo26,2021-03-29,135760,88048,0,81978,-0.01319766,-1.0491078,995.4905,848.8911,0.0,638.8415,0,0.3080923,5065878.0,0.020043317,271370.62,101536.998637326
Geo26,2021-04-05,181412,0,0,522771,-0.68182194,-0.7750008,1330.244,0.0,0.0,4073.871,0,0.0,2859705.0,0.019952796,271370.62,57059.11048518
Geo26,2021-04-12,395443,193417,0,237978,-0.3335025,-0.2536638,2899.674,1864.7781,0.0,1854.5247,600813,0.0,3404300.5,0.020000065,271370.62,68086.2312795325
Geo26,2021-04-19,213594,0,0,171517,0.28037012,-1.8067291,1566.2256,0.0,0.0,1336.6046,0,0.0,5456312.5,0.020153489,271370.62,109963.7339493125
Geo26,2021-04-26,379902,405686,0,677847,0.53296286,-1.0321553,2785.7163,3911.3127,0.0,5282.3535,433117,0.0,5272205.5,0.020127371,271370.62,106115.6360867405
Geo26,2021-05-03,222816,0,0,720057,-2.0288339,0.5945278,1633.848,0.0,0.0,5611.2896,322754,0.0,7420596.0,0.019982336,271370.62,148280.842592256
Geo26,2021-05-10,0,310969,0,1507658,0.33417165,-0.053069845,0.0,2998.1243,0.0,11748.938,176128,0.30350876,3807862.5,0.020088516,271370.62,76494.30675705
Geo26,2021-05-17,192992,0,0,1222040,0.000346601,-0.601834,1415.1569,0.0,0.0,9523.163,0,0.029274382,7567107.5,0.019943316,271370.62,150913.21607847
Geo26,2021-05-24,616254,0,0,104206,-1.2746283,-0.7450414,4518.82,0.0,0.0,812.0607,0,0.0,4124251.2,0.019930257,271370.62,82197.3863485584
Geo26,2021-05-31,763706,929398,489940,1789715,1.1164851,1.5120053,5600.0444,8960.541,3640.707,13946.964,610021,1.8182386,4537762.5,0.020052252,271370.62,90992.35716615
Geo26,2021-06-07,0,228048,0,1029989,-1.2884552,1.7962272,0.0,2198.6636,0.0,8026.54,201875,0.0,6153769.5,0.019941542,271370.62,122715.652942569
Geo26,2021-06-14,218586,197473,0,389142,0.3479541,-0.602201,1602.8306,1903.8829,0.0,3032.5215,295699,0.0,5985265.5,0.020045113,271370.62,119975.3232825015
Geo26,2021-06-21,73651,187013,0,0,-0.59444034,-1.9228952,540.0624,1803.0356,0.0,0.0,0,0.44272894,3572816.0,0.01990072,271370.62,71101.61082752
Geo26,2021-06-28,41027,237527,0,824477,-0.72796685,-0.6336055,300.83963,2290.0527,0.0,6425.0176,169180,1.338173,5397546.5,0.019958856,271370.62,107728.853346804
Geo26,2021-07-05,883012,221310,0,1178325,0.48007965,-0.24079683,6474.8823,2133.701,0.0,9182.499,27575,1.3473129,3647516.8,0.020023761,271370.62,73037.0046466848
Geo26,2021-07-12,264760,0,0,524472,-1.5769895,-0.3885073,1941.4117,0.0,0.0,4087.1267,0,0.32843518,5001658.5,0.020014003,271370.62,100103.2082239755
Geo26,2021-07-19,111056,115062,0,0,-3.0221758,-0.58226633,814.3429,1109.3394,0.0,0.0,0,0.0,8392711.0,0.02005328,271370.62,168301.38364208
Geo26,2021-07-26,720169,718209,76794,922662,0.24053311,1.4272698,5280.8,6924.4194,570.65045,7190.158,498102,0.0,4848945.5,0.019881966,271370.62,96406.56956685301
Geo26,2021-08-02,206981,0,0,932140,0.3419419,-1.1955141,1517.7344,0.0,0.0,7264.0186,0,0.0,3263609.2,0.020143697,271370.62,65741.1548512124
Geo26,2021-08-09,734997,340939,572083,1323479,0.44198662,1.4756868,5389.5293,3287.0718,4251.1055,10313.661,18760,0.5250521,4979625.5,0.019851476,271370.62,98852.916102238
Geo26,2021-08-16,296548,0,0,1062838,0.9588069,0.55060744,2174.5044,0.0,0.0,8282.527,551608,0.20976603,3689541.2,0.02015064,271370.62,74346.616486368
Geo26,2021-08-23,1081357,914435,453900,1543016,-0.26695025,1.2461315,7929.2915,8816.28,3372.8965,12024.478,768593,1.7359434,6521287.0,0.019987155,271370.62,130341.974068485
Geo26,2021-08-30,753191,830921,290109,2258729,0.16783363,2.697062,5522.941,8011.1016,2155.778,17601.914,877680,1.7107627,7059652.0,0.019941203,271370.62,140777.953641356
Geo26,2021-09-06,355737,304718,87526,824646,1.332756,-1.5310969,2608.521,2937.8567,650.39905,6426.3345,157160,0.38234392,4692214.0,0.020047063,271370.62,94065.109667482
Geo26,2021-09-13,160473,256232,51740,1465313,0.640164,-0.28574795,1176.7041,2470.392,384.47604,11418.95,0,0.0,7359784.5,0.020125184,271370.62,148117.017262848
Geo26,2021-09-20,659947,413642,0,1082331,-0.5138117,0.28583902,4839.2085,3988.0183,0.0,8434.433,228525,1.6155167,4164667.2,0.020016974,271370.62,83364.0350610528
Geo26,2021-09-27,674907,0,193145,1026612,0.69546914,1.0022444,4948.906,0.0,1435.2458,8000.2236,476392,1.0504198,5644381.5,0.020141918,271370.62,113688.66933371701
Geo26,2021-10-04,950247,950347,132609,1501424,0.39058292,1.7072718,6967.898,9162.515,985.4074,11700.358,30078,0.0,4649894.0,0.020008791,271370.62,93038.757218154
Geo26,2021-10-11,898286,428278,392180,1080814,2.3968601,-0.7624855,6586.8823,4129.1274,2914.26,8422.611,279353,0.89942515,4938633.0,0.019968152,271370.62,98615.374416216
Geo26,2021-10-18,403703,357249,0,1323450,0.23448968,0.5118696,2960.2422,3444.3203,0.0,10313.435,0,1.1987472,4984934.0,0.0199313,271370.62,99356.2150342
Geo26,2021-10-25,141903,736664,0,637247,0.098029196,-0.4820806,1040.5354,7102.348,0.0,4965.964,232952,0.0,5290911.5,0.019941773,271370.62,105510.1560960895
Geo26,2021-11-01,507716,133232,372244,1008816,1.6438503,1.7334996,3722.9407,1284.5205,2766.117,7861.542,94241,0.0,3650994.8,0.020015743,271370.62,73077.3736111364
Geo26,2021-11-08,1019385,145717,27284,1691592,2.444985,-0.69359124,7474.868,1404.8914,202.74535,13182.307,0,0.95718384,4361812.0,0.019911151,271370.62,86848.697365612
Geo26,2021-11-15,1189269,357211,97753,1647111,0.03807658,2.4408135,8720.58,3443.954,726.39514,12835.673,1026469,2.750431,5545415.0,0.019942958,271370.62,110591.97843757
Geo26,2021-11-22,539973,615768,0,1051171,0.09832811,1.9868268,3959.4724,5936.762,0.0,8191.608,652813,0.0,6042235.5,0.020010259,271370.62,120906.6972939945
Geo26,2021-11-29,278047,181749,0,1006469,0.46884438,-0.045586333,2038.8417,1752.2843,0.0,7843.2524,25575,0.0,5248163.0,0.020099621,271370.62,105486.087246223
Geo26,2021-12-06,664004,281268,0,339538,-0.88930124,-0.633015,4868.9575,2711.77,0.0,2645.9656,0,0.0,6127786.5,0.01995838,271370.62,122300.69152587
Geo26,2021-12-13,738912,385394,0,1716861,-0.028387487,0.40777302,5418.237,3715.6729,0.0,13379.224,627906,1.5044501,4961996.5,0.0200447,271370.62,99461.73124354999
Geo26,2021-12-20,556670,205534,0,1034680,-0.78275806,-0.1595287,4081.907,1981.6008,0.0,8063.096,101348,0.0,4390619.0,0.019906804,271370.62,87403.191871676
Geo26,2021-12-27,781399,103866,0,364045,-2.2031586,-0.70357144,5729.7827,1001.3961,0.0,2836.9446,343552,0.0,5806521.0,0.019969912,271370.62,115955.713396152
Geo26,2022-01-03,197787,565396,687168,1172084,1.7679204,0.38671267,1450.3173,5451.1133,5106.2935,9133.864,278074,1.1578382,5674569.0,0.019774776,271370.62,112213.330871544
Geo26,2022-01-10,331497,174797,0,1129661,-2.7759068,3.2188745,2430.7756,1685.2584,0.0,8803.268,27797,0.08441976,6277883.5,0.020222837,271370.62,126956.6147254895
Geo26,2022-01-17,0,314916,139986,1300379,-0.56266135,1.5455074,0.0,3036.178,1040.2253,10133.646,165328,0.494992,4437598.5,0.019992614,271370.62,88719.193897479
Geo26,2022-01-24,357785,961418,0,349447,-1.0252526,-0.5999123,2623.5383,9269.254,0.0,2723.1848,105192,0.0,6388401.0,0.020018306,271370.62,127884.966068706
Geo26,2022-01-31,247215,259175,0,241365,1.0429097,-1.6509836,1812.7592,2498.7664,0.0,1880.919,0,0.0,5244598.5,0.020003127,271370.62,104908.36985950949
Geo26,2022-02-07,448082,20691,0,1172802,0.08920583,-0.34013608,3285.6611,199.48672,0.0,9139.459,300118,0.0,4850693.0,0.019975945,271370.62,96897.176579885
Geo26,2022-02-14,42344,0,0,147090,-2.8407316,-1.080823,310.49686,0.0,0.0,1146.2489,0,0.14376554,6508996.5,0.020192562,271370.62,131433.315384033
Geo26,2022-02-21,124488,306580,1218554,1872208,3.7371893,1.358474,912.83606,2955.8088,9054.983,14589.818,0,0.0,927414.06,0.01979849,271370.62,18361.397992769398
Geo26,2022-02-28,792806,386766,211310,887541,-0.39265224,1.2994887,5813.427,3728.9004,1570.2286,6916.4653,871213,0.11220333,3756779.0,0.0198783,271370.62,74678.3799957
Geo26,2022-03-07,636522,0,0,356789,0.3088014,-0.6759647,4667.4395,0.0,0.0,2780.3997,0,0.045856833,4526835.0,0.02007823,271370.62,90890.83430204999
Geo26,2022-03-14,0,0,0,437349,0.3491532,-2.0354922,0.0,0.0,0.0,3408.191,0,0.0,2775527.2,0.020104963,271370.62,55801.871661493606
Geo26,2022-03-21,754815,155365,0,790146,-1.2409532,0.9669231,5534.8496,1497.91,0.0,6157.4814,624368,0.0,6531815.0,0.019880928,271370.62,129858.54372432
Geo26,2022-03-28,247729,0,0,63336,-1.0982515,-0.98485434,1816.5281,0.0,0.0,493.56735,230264,0.038344447,3767542.2,0.019890785,271370.62,74939.371878627
Geo26,2022-04-04,934631,423786,0,643791,-2.6678514,-0.15467402,6853.3906,4085.819,0.0,5016.9604,432547,1.2239778,7245975.0,0.020010686,271370.62,144996.93048885
Geo26,2022-04-11,0,100371,28949,801769,-0.0929877,1.7940993,0.0,967.7001,215.11783,6248.058,530228,0.4874394,3549873.5,0.020149834,271370.62,71529.36174599899
Geo26,2022-04-18,576696,390969,383728,1340706,0.04194212,1.0418173,4228.752,3769.4229,2851.4539,10447.908,101685,0.0,2264061.2,0.019885028,271370.62,45020.9203557136
Geo26,2022-04-25,0,183451,166883,603133,-0.4735274,0.5832923,0.0,1768.6936,1240.095,4700.1196,96100,0.31808662,4747502.5,0.019975545,271370.62,94833.9498263625
Geo26,2022-05-02,977432,0,0,836418,-0.49339557,-1.0137116,7167.238,0.0,0.0,6518.072,51309,0.6283778,4886051.5,0.019934272,271370.62,97399.879607008
Geo26,2022-05-09,537933,469588,237322,1319471,-0.52766156,1.0651569,3944.5137,4527.4067,1763.5219,10282.427,0,0.0,3261182.0,0.01998984,271370.62,65190.50639087999
Geo26,2022-05-16,55491,0,0,404450,-1.5110037,0.30140197,406.90012,0.0,0.0,3151.8142,198203,0.0,5908810.5,0.020121563,271370.62,118894.5027308115
Geo26,2022-05-23,209368,90299,0,571651,0.08614786,0.21114618,1535.2377,870.59357,0.0,4454.785,284340,0.2072275,4979644.0,0.020244451,271370.62,100810.158955444
Geo26,2022-05-30,659102,374253,0,1725131,1.1905715,0.776242,4833.0127,3608.2598,0.0,13443.671,390629,1.6120273,3745032.5,0.020077486,271370.62,75190.83758829499
Geo26,2022-06-06,0,0,0,73031,-2.279492,-1.6937683,0.0,0.0,0.0,569.11896,239769,0.001132667,6384130.5,0.019810386,271370.62,126472.089479373
Geo26,2022-06-13,1123539,435357,0,562572,0.2229088,0.87163883,8238.601,4197.3774,0.0,4384.034,954757,0.0,4238199.5,0.02007311,271370.62,85073.84476544501
Geo26,2022-06-20,291742,496390,0,503328,0.7283438,-0.8610446,2139.2632,4785.811,0.0,3922.3547,32317,0.0,4724274.0,0.020039849,271370.62,94673.737594626
Geo26,2022-06-27,191303,600104,0,800036,-1.1810703,-0.086099386,1402.7719,5785.7417,0.0,6234.553,0,0.635821,4504321.5,0.020004196,271370.62,90105.330133014
Geo26,2022-07-04,411668,0,261734,75561,0.6754524,-1.1678814,3018.6475,0.0,1944.9257,588.83484,0,0.79041183,2761532.2,0.020072207,271370.62,55430.04595556541
Geo26,2022-07-11,130497,0,0,717701,-0.03818456,-0.36496118,956.8984,0.0,0.0,5592.9297,488517,0.83319366,5847510.0,0.01968758,271370.62,115123.3209258
Geo26,2022-07-18,610548,11385,0,390268,-2.0392475,-0.07596056,4476.9795,109.76542,0.0,3041.2961,274643,0.9397415,6116549.5,0.02000808,271370.62,122380.41171996
Geo26,2022-07-25,466491,0,0,461807,-0.5757983,-0.19852413,3420.6492,0.0,0.0,3598.7883,0,0.0,6784618.5,0.020049788,271370.62,136030.162585878
Geo26,2022-08-01,91374,57504,0,1190512,-0.029253066,-0.12309718,670.02026,554.40936,0.0,9277.47,0,0.10151735,6213333.5,0.019923512,271370.62,123791.42454725201
Geo26,2022-08-08,917460,39620,7069,1103760,-1.0779476,1.2441221,6727.48,381.9856,52.5292,8601.426,525656,1.3151146,5449968.5,0.020015663,271370.62,109084.73285661549
Geo26,2022-08-15,0,6831,0,604662,0.97457254,-1.5596101,0.0,65.85925,0.0,4712.0347,0,0.3553049,3541794.5,0.019893242,271370.62,70457.775102769
Geo26,2022-08-22,427211,938379,0,1340708,-0.68240935,0.2170243,3132.62,9047.129,0.0,10447.924,87909,1.6786749,7478979.0,0.020153172,271370.62,150725.150171388
Geo26,2022-08-29,715282,0,0,868155,-1.4415818,1.0736157,5244.965,0.0,0.0,6765.3936,393826,0.6566811,2878629.2,0.020067548,271370.62,57767.029645201605
Geo26,2022-09-05,712200,773155,205836,1667706,0.6046767,1.641362,5222.3657,7454.1665,1529.5518,12996.167,1325691,0.4638558,3409330.5,0.02010571,271370.62,68547.010327155
Geo26,2022-09-12,602129,344059,419558,1679640,1.4324735,1.6369312,4415.2456,3317.1526,3117.7039,13089.167,0,0.0,7247428.5,0.019902814,271370.62,144244.221413799
Geo26,2022-09-19,999899,433954,1009636,1547683,2.0698242,1.7307829,7331.9824,4183.851,7502.529,12060.847,722961,0.5797995,3764456.2,0.0199156,271370.62,74971.40389672
Geo26,2022-09-26,312794,107803,403074,1123729,1.266293,0.15042564,2293.6318,1039.3536,2995.2124,8757.041,477151,0.6956823,4646375.0,0.020068873,271370.62,93247.509785375
Geo26,2022-10-03,855267,536989,153377,1091375,-0.21231931,0.92745465,6271.436,5177.2354,1139.7329,8504.911,44773,1.0319655,2161135.2,0.019862073,271370.62,42924.6251052696
Geo26,2022-10-10,138072,358782,0,1146434,2.4462857,0.4075241,1012.4437,3459.1003,0.0,8933.977,78435,0.0,3282145.8,0.020025259,271370.62,65725.8197207622
Geo26,2022-10-17,0,0,695462,1327282,1.3867542,-0.16260016,0.0,0.0,5167.9253,10343.297,234779,0.24288625,4118572.5,0.020065652,271370.62,82641.84252177
Geo26,2022-10-24,771830,496164,140035,1593353,1.0140908,0.2906666,5659.6157,4783.632,1040.5895,12416.746,157666,1.1653899,5700534.5,0.020055661,271370.62,114327.98745080449
Geo26,2022-10-31,403969,514560,0,1265183,1.0119609,0.7539257,2962.1929,4960.992,0.0,9859.369,293887,0.0,4984115.5,0.020039786,271370.62,99880.608019283
Geo26,2022-11-07,291964,90388,0,271989,0.20177245,-1.4459422,2140.8914,871.4516,0.0,2119.567,154651,1.3220665,4767274.0,0.019948611,271370.62,95100.494556414
Geo26,2022-11-14,659579,276185,502344,1555038,0.49909577,1.9560232,4836.51,2662.7634,3732.8804,12118.163,401056,0.6910941,6234218.5,0.01996257,271370.62,124451.02320154499
Geo26,2022-11-21,474825,864921,0,1207975,2.7820854,-0.788705,3481.7603,8338.903,0.0,9413.556,152792,0.0,1137309.5,0.020074878,271370.62,22831.349460741
Geo26,2022-11-28,329128,192997,0,1017102,0.6372048,-0.024961144,2413.4045,1860.7288,0.0,7926.1133,613767,0.43836677,6321834.0,0.019862,271370.62,125564.266908
Geo26,2022-12-05,387579,890871,0,794282,-0.38413793,-1.8872962,2842.0095,8589.094,0.0,6189.713,0,0.7022659,6176189.0,0.019947492,271370.62,123199.480667988
Geo26,2022-12-12,486134,1028248,0,978627,-0.8871411,0.24331424,3564.686,9913.577,0.0,7626.284,538962,0.0,5686367.0,0.019884763,271370.62,113072.060126021
Geo26,2022-12-19,338581,587231,201533,1471732,-0.31713048,1.0931606,2482.7207,5661.63,1497.5765,11468.973,0,0.0,6959436.0,0.019875724,271370.62,138323.829131664
Geo26,2022-12-26,371084,41348,0,150742,-1.4268688,0.64912355,2721.0562,398.64566,0.0,1174.7084,0,0.0,6135329.5,0.020134388,271370.62,123531.104660846
Geo26,2023-01-02,199736,658107,78136,650550,1.358055,-1.4354297,1464.6088,6344.962,580.6227,5069.6323,173245,1.7315925,4170127.5,0.020045096,271370.62,83590.60606974
Geo26,2023-01-09,485063,110068,0,1184176,-0.88436794,1.1313195,3556.8328,1061.1912,0.0,9228.095,422437,0.07513076,6404185.0,0.019983782,271370.62,127979.83692767
Geo26,2023-01-16,769736,402712,38158,918879,1.0418026,1.1685009,5644.261,3882.6396,283.54922,7160.6777,697611,0.0,4088565.2,0.01995205,271370.62,81575.25729866
Geo26,2023-01-23,0,0,0,768247,0.31045,-2.1259723,0.0,0.0,0.0,5986.8267,0,0.000116494,2528585.8,0.019875402,271370.62,50256.659266491595
Geo26,2023-01-30,0,0,0,768939,0.9336126,-0.54449713,0.0,0.0,0.0,5992.219,0,0.0,2884771.0,0.02000122,271370.62,57698.93942062
Geo26,2023-02-06,436016,0,0,845209,0.21260846,0.53115994,3197.1846,0.0,0.0,6586.579,367735,0.0,5822563.5,0.019875832,271370.62,115728.293935332
Geo26,2023-02-13,504244,342614,0,495148,-2.897845,0.951939,3697.4817,3303.221,0.0,3858.6096,0,0.0,6395050.5,0.020139592,271370.62,128793.70788939601
Geo26,2023-02-20,0,0,52160,397334,0.34778377,-1.3364787,0.0,0.0,387.59705,3096.3606,0,0.040627405,5230909.5,0.0202078,271370.62,105705.17299410001
Geo26,2023-02-27,608484,699154,0,620028,-1.7023772,-1.4770277,4461.8447,6740.7056,0.0,4831.7793,0,1.8170123,5996544.5,0.01986713,271370.62,119134.129132285
Geo26,2023-03-06,551804,0,0,928674,0.5990143,-0.29764676,4046.226,0.0,0.0,7237.0083,0,0.0,4255181.5,0.020110423,271370.62,85573.4999067745
Geo26,2023-03-13,534230,40278,0,0,-2.530797,-1.0833439,3917.3608,388.32953,0.0,0.0,0,0.051157176,6865832.5,0.02001944,271370.62,137450.1217838
Geo26,2023-03-20,651706,131615,0,195508,-1.6943915,-0.4598943,4778.7793,1268.9308,0.0,1523.5626,596844,0.0,6315738.5,0.019968383,271370.62,126115.08529584549
Geo26,2023-03-27,228305,594044,0,719793,-2.9846916,2.063071,1674.0974,5727.3154,0.0,5609.232,194426,0.0,7949967.0,0.01987772,271370.62,158027.21803524002
Geo26,2023-04-03,349443,326424,0,636317,-2.1677275,-1.4348843,2562.3687,3147.1292,0.0,4958.717,0,1.0337366,7882211.5,0.02000809,271370.62,157707.99709103498
Geo26,2023-04-10,710684,314916,0,163299,-2.2900872,-0.22627595,5211.249,3036.178,0.0,1272.563,258445,0.0,5652129.5,0.019923454,271370.62,112609.942095293
Geo26,2023-04-17,249664,393996,0,1278390,0.37541914,-0.32137507,1830.717,3798.6067,0.0,9962.289,0,1.0501255,7585456.0,0.02001196,271370.62,151799.84205376
Geo26,2023-04-24,230274,185647,0,402316,-0.0368796,0.058287144,1688.5355,1789.8657,0.0,3135.1846,0,0.0,3598330.5,0.020015,271370.62,72020.5849575
Geo26,2023-05-01,875036,472632,159957,629871,-0.24221379,-0.37371862,6416.3965,4556.7544,1188.6284,4908.484,13793,1.3431991,3828267.0,0.019968087,271370.62,76443.168515229
Geo26,2023-05-08,194816,0,0,800018,-0.49320474,-0.27776188,1428.5317,0.0,0.0,6234.4126,0,0.0,4750838.5,0.020064732,271370.62,95324.301277782
Geo26,2023-05-15,865497,468747,0,695071,-1.3481728,0.04233104,6346.45,4519.2983,0.0,5416.5776,506153,0.8680348,5458681.5,0.019944731,271370.62,108871.9341321765
Geo26,2023-05-22,355072,375674,0,961637,-0.5520719,-1.0573717,2603.6448,3621.96,0.0,7493.8833,243071,0.0,4964154.5,0.020010222,271370.62,99333.833587299
Geo26,2023-05-29,542913,0,0,624365,-0.96043396,-1.2152383,3981.0308,0.0,0.0,4865.577,0,0.8474025,4331794.5,0.020028416,271370.62,86758.982272512
Geo26,2023-06-05,600298,304857,0,658942,0.9153249,-0.4533681,4401.819,2939.197,0.0,5135.03,747031,1.6040596,4100145.0,0.020059431,271370.62,82246.575717495
Geo26,2023-06-12,628469,218938,0,622620,-1.0045356,2.0548058,4608.389,2110.832,0.0,4851.9785,176949,0.0,2833256.0,0.020162009,271370.62,57124.132971304
Geo26,2023-06-19,267140,0,0,675757,-1.5553883,-1.4238906,1958.8636,0.0,0.0,5266.0664,297860,0.0,6192714.5,0.020078717,271370.62,124341.7619072965
Geo26,2023-06-26,624804,465603,0,530452,-0.97500974,0.37335122,4581.5146,4488.9863,0.0,4133.7275,41655,1.4233963,7391937.0,0.02010218,271370.62,148594.04812266
Geo26,2023-07-03,275793,393082,142443,756414,-0.2694709,0.4740337,2022.3137,3789.7944,1058.4832,5894.6133,198219,0.0,7276803.0,0.020093385,271370.62,146215.604248155
Geo26,2023-07-10,309224,0,0,494286,-1.2205985,0.70730686,2267.454,0.0,0.0,3851.892,0,0.10326666,4439453.0,0.020082466,271370.62,89155.163931098
Geo26,2023-07-17,41392,281538,0,598453,-1.1380424,-0.26614782,303.51605,2714.373,0.0,4663.649,0,0.0,7221064.0,0.01999646,271370.62,144395.71743344
Geo26,2023-07-24,386332,129013,0,720053,-1.154627,0.15076663,2832.8655,1243.8442,0.0,5611.258,558328,1.3101285,5894458.5,0.019851005,271370.62,117010.9251557925
Geo26,2023-07-31,486808,104722,0,366973,-0.006865189,-0.35452026,3569.6282,1009.64905,0.0,2859.762,694331,1.3306484,6642132.0,0.019895812,271370.62,132150.609551184
Geo26,2023-08-07,600346,527368,213972,2172150,2.3437092,-0.078417554,4402.171,5084.477,1590.0098,16927.219,514218,1.3797492,3283187.8,0.020003734,271370.62,65676.01542324519
Geo26,2023-08-14,183515,316106,0,634703,-1.0258785,-0.501733,1345.6647,3047.6514,0.0,4946.139,67737,3.003806,6584849.5,0.019992461,271370.62,131647.3468196195
Geo26,2023-08-21,108973,362360,653421,1750664,2.628023,1.4260893,799.0688,3493.5967,4855.522,13642.645,440739,0.0,2951563.0,0.020016905,271370.62,59081.156172515
Geo26,2023-08-28,426514,0,0,1143475,-0.9677924,-0.49715796,3127.509,0.0,0.0,8910.918,178887,0.872533,5673007.0,0.019904193,271370.62,112916.626218351
Geo26,2023-09-04,1061003,431778,192416,1504520,-0.27212143,1.3010154,7780.0415,4162.8716,1429.8287,11724.484,334336,0.0,7003640.5,0.01999666,271370.62,140049.41784073
Geo26,2023-09-11,808885,503574,0,710379,-0.54886925,-0.34635037,5931.33,4855.0737,0.0,5535.87,453949,1.3053792,4769061.0,0.019971704,271370.62,95246.274649944
Geo26,2023-09-18,385302,450155,0,396270,0.12801847,-1.327606,2825.313,4340.0483,0.0,3088.069,0,0.0,4180053.2,0.019949375,271370.62,83389.44880674999
Geo26,2023-09-25,1025218,0,250312,750297,-0.21076155,0.5338047,7517.64,0.0,1860.0496,5846.945,0,0.0,4605199.5,0.019996788,271370.62,92089.19809920601
Geo26,2023-10-02,0,361800,0,757743,0.7772126,-1.017746,0.0,3488.1975,0.0,5904.9707,0,0.0,5414960.0,0.01995,271370.62,108028.45199999999
Geo26,2023-10-09,665993,101877,0,1560803,-0.9731513,-0.18372008,4883.5425,982.2197,0.0,12163.089,510264,1.4937772,6129347.0,0.020096112,271370.62,123176.04379886399
Geo26,2023-10-16,791359,293370,0,967797,0.9893186,0.604949,5802.8164,2828.448,0.0,7541.8877,749064,0.0,3410814.8,0.020111619,271370.62,68597.0077371612
Geo26,2023-10-23,793348,439987,354093,1760263,0.034514308,2.0561519,5817.401,4242.0166,2631.2383,13717.449,900285,1.9108422,7692992.0,0.020192418,271370.62,155340.110134656
Geo26,2023-10-30,258643,87878,0,5075,-2.338077,-0.89018774,1896.5575,847.25214,0.0,39.548664,377793,0.0,8323165.0,0.019957691,271370.62,166111.155212015
Geo26,2023-11-06,0,517956,0,78689,-0.0631184,-2.7773297,0.0,4993.7334,0.0,613.2108,18124,0.55341536,5871212.0,0.01991823,271370.62,116944.15099476
Geo26,2023-11-13,833446,277040,0,1028094,-0.44554627,2.757186,6111.429,2671.0068,0.0,8011.7725,730744,0.447927,7860136.0,0.020040357,271370.62,157519.93150855202
Geo26,2023-11-20,0,400982,0,641615,-1.6919506,0.41509745,0.0,3865.9602,0.0,5000.0034,289943,0.909744,8595677.0,0.02000277,271370.62,171937.35002528998
Geo26,2023-11-27,681288,0,668809,1533795,0.6727574,1.581229,4995.6963,0.0,4969.869,11952.62,673372,2.03753,4674062.5,0.019956026,271370.62,93275.71277562501
Geo26,2023-12-04,534420,462609,0,345100,-1.3772453,0.054501534,3918.754,4460.1206,0.0,2689.3093,0,0.0,6829488.0,0.020019135,271370.62,136720.44225288
Geo26,2023-12-11,815483,233145,534816,1713628,0.6914338,-0.32101396,5979.711,2247.805,3974.1772,13354.03,715625,2.5456083,5154434.0,0.01996217,271370.62,102893.68776178
Geo26,2023-12-18,0,400654,0,864644,-0.31846625,-0.9825862,0.0,3862.798,0.0,6738.033,266033,0.32182264,3389892.2,0.01997579,271370.62,67715.774709838
Geo26,2023-12-25,179571,432477,363700,1175429,2.934786,-0.14561653,1316.7444,4169.611,2702.6272,9159.931,0,0.5343265,3402903.8,0.020126538,271370.62,68488.6726410444
Geo26,2024-01-01,191632,175642,0,561016,0.16458395,-0.8206792,1405.1843,1693.4053,0.0,4371.908,297647,1.5229843,4954526.5,0.020078043,271370.62,99477.1961116395
Geo26,2024-01-08,938804,343356,0,611243,-0.20914,-0.6064002,6883.99,3310.3748,0.0,4763.319,0,0.38571686,1322938.2,0.019957785,271370.62,26402.916163887
Geo26,2024-01-15,183738,0,0,1036885,-0.35536796,-0.39747363,1347.2999,0.0,0.0,8080.2793,0,0.0,4136699.2,0.019993238,271370.62,82706.0116400096
Geo27,2021-01-25,1009297,166388,0,1949466,-0.27940363,1.0397698,7400.8955,1604.1853,0.0,15191.878,551789,0.0,11479189.0,0.020126646,559967.9,231037.573370094
Geo27,2021-02-01,2251948,1800978,0,1819885,-0.10715991,0.546749,16512.91,17363.646,0.0,14182.073,0,0.0,8486583.0,0.019971622,559967.9,169490.827747626
Geo27,2021-02-08,373197,1385328,236978,1231279,-0.6859002,-0.24822684,2736.5503,13356.268,1760.9656,9595.161,0,0.0,9481254.0,0.019884149,559967.9,188526.66724284602
Geo27,2021-02-15,1383390,0,20613,1490549,1.621194,-1.0587467,10144.016,0.0,153.17365,11615.611,634247,0.0,9982468.0,0.01995238,559967.9,199173.99487383998
Geo27,2021-02-22,2363043,145388,1330050,2485536,-0.25703946,0.9198952,17327.54,1401.7194,9883.501,19369.387,1017752,1.7993681,10763497.0,0.019929357,559967.9,214509.57428142903
Geo27,2021-03-01,1466114,579163,591872,2356060,-0.64176035,-0.15837198,10750.608,5583.8447,4398.156,18360.4,717604,0.8782411,10964723.0,0.019968428,559967.9,218948.281765444
Geo27,2021-03-08,151406,115225,497308,1171184,0.22718012,-1.1443577,1110.2183,1110.9109,3695.4583,9126.85,0,0.0,14185773.0,0.020118508,559967.9,285396.587586684
Geo27,2021-03-15,2105930,0,2342213,2364456,0.56413126,2.5073462,15442.202,0.0,17404.809,18425.828,1168164,0.0,14762030.0,0.019933661,559967.9,294261.30169183
Geo27,2021-03-22,946310,449491,0,58489,0.060068905,-2.6024947,6939.029,4333.647,0.0,455.79544,0,0.49125674,6447865.5,0.019932503,559967.9,128522.0984223465
Geo27,2021-03-29,1608539,165486,0,1339910,-0.8609631,0.78901243,11794.971,1595.4889,0.0,10441.705,69335,0.19871312,11182129.0,0.020018235,559967.9,223846.486122315
Geo27,2021-04-05,2546,602674,0,2559626,-0.6356926,0.9047942,18.669113,5810.5195,0.0,19946.758,341995,0.697903,12407948.0,0.020257976,559967.9,251359.91279324802
Geo27,2021-04-12,0,884059,523861,1870783,0.3335092,0.26807123,0.0,8523.418,3892.7715,14578.713,1384359,0.0,9446466.0,0.019956814,559967.9,188521.364919324
Geo27,2021-04-19,179038,0,0,393165,-1.5720121,-0.21111262,1312.8362,0.0,0.0,3063.8723,0,0.0,8569341.0,0.01986331,559967.9,170215.47677871
Geo27,2021-04-26,1948434,790810,0,2698694,0.8512179,-1.0959632,14287.327,7624.3823,0.0,21030.492,748028,1.625045,14034695.0,0.020166852,559967.9,283035.61693014
Geo27,2021-05-03,1950090,0,0,2079882,0.39645684,-1.4253986,14299.47,0.0,0.0,16208.189,0,0.0,10065161.0,0.020123493,559967.9,202546.196927373
Geo27,2021-05-10,0,658677,0,3778552,0.3270681,0.5093571,0.0,6350.4575,0.0,29445.652,802999,1.0204911,10423317.0,0.02015503,559967.9,210082.26683451
Geo27,2021-05-17,796802,874210,172650,2211838,-1.0633101,1.7755425,5842.7285,8428.461,1282.9491,17236.5,1728817,0.44830847,6711431.5,0.020072576,559967.9,134715.718852544
Geo27,2021-05-24,1335341,52113,0,608616,-0.84234244,0.19786656,9791.686,502.4335,0.0,4742.8477,922152,0.0,8258419.0,0.019922663,559967.9,164529.698649797
Geo27,2021-05-31,738567,0,0,1059858,0.31100595,-1.3694103,5415.7075,0.0,0.0,8259.305,0,0.66927385,9229001.0,0.020030603,559967.9,184862.455117603
Geo27,2021-06-07,707016,0,0,2273032,-0.7145967,0.97149026,5184.3525,0.0,0.0,17713.377,1591796,0.0,10278289.0,0.01985026,559967.9,204026.70900514003
Geo27,2021-06-14,700458,1396576,60038,2001857,2.711791,-1.3624349,5136.2646,13464.713,446.13785,15600.152,352589,0.0,7021882.5,0.020062655,559967.9,140877.6060480375
Geo27,2021-06-21,378863,0,0,239716,-2.865612,-0.66148245,2778.0974,0.0,0.0,1868.0685,0,0.60594094,4670953.0,0.01989974,559967.9,92950.75025222
Geo27,2021-06-28,0,1543375,0,1419172,0.4155327,-1.2786486,0.0,14880.036,0.0,11059.381,134916,0.0,8346205.0,0.020020006,559967.9,167091.07417723
Geo27,2021-07-05,817823,0,0,1943473,-0.0799309,-0.4089617,5996.8696,0.0,0.0,15145.175,1768999,0.8513405,13942348.0,0.020035738,559967.9,279345.231632824
Geo27,2021-07-12,288180,793244,114161,1868146,0.53860086,-1.7586876,2113.1443,7647.849,848.3218,14558.164,0,0.0,16084683.0,0.019944958,559967.9,320808.32687831396
Geo27,2021-07-19,194634,744479,0,1911668,-0.3314054,0.25267473,1427.1973,7177.6943,0.0,14897.324,0,0.0,9549660.0,0.020265833,559967.9,193531.81476678
Geo27,2021-07-26,0,1179016,0,1645712,0.9905383,-0.7244735,0.0,11367.166,0.0,12824.771,365237,0.0,11292462.0,0.020031976,559967.9,226210.327764912
Geo27,2021-08-02,1198921,893056,0,1045305,-0.19696438,-0.30214643,8791.356,8610.16,0.0,8145.895,0,1.1001817,7504462.0,0.020128964,559967.9,151057.04543736798
Geo27,2021-08-09,0,0,0,2251183,-1.4182631,-0.4310817,0.0,0.0,0.0,17543.11,0,0.36656046,9902201.0,0.019947974,559967.9,197528.848090774
Geo27,2021-08-16,910413,857783,0,2041691,0.5332742,-0.19985946,6675.8066,8270.085,0.0,15910.572,875739,0.0,11771634.0,0.019985031,559967.9,235256.470410654
Geo27,2021-08-23,975092,826345,0,1146690,0.010686114,-1.3295546,7150.0796,7966.9834,0.0,8935.972,0,0.010405484,11093525.0,0.02007669,559967.9,222721.26243225002
Geo27,2021-08-30,606900,198246,1599733,2057080,1.6571805,0.008603931,4450.2295,1911.3356,11887.495,16030.496,1145760,0.8954247,10782082.0,0.020130295,559967.9,217046.49137419
Geo27,2021-09-06,1435315,264447,0,1363514,0.28188175,-0.3768921,10524.768,2549.5947,0.0,10625.647,61136,0.0,9261015.0,0.0201246,559967.9,186374.222469
Geo27,2021-09-13,840104,403403,1046330,3831893,1.6318197,1.1939449,6160.25,3889.3018,7775.199,29861.33,250286,0.0,12464153.0,0.020055437,559967.9,249974.035249861
Geo27,2021-09-20,809579,1007620,0,2154873,1.2235273,1.1230946,5936.4185,9714.698,0.0,16792.582,1875148,0.90771115,10179360.0,0.019977821,559967.9,203361.43197456
Geo27,2021-09-27,0,192993,0,2112479,-0.39349917,0.29975575,0.0,1860.6903,0.0,16462.213,784450,0.11976501,8846043.0,0.02001572,559967.9,177059.91979596
Geo27,2021-10-04,1126381,934295,0,2648270,1.2796006,-0.406043,8259.44,9007.754,0.0,20637.547,801333,0.0,11488819.0,0.019792013,559967.9,227386.855002647
Geo27,2021-10-11,1868516,1583127,213323,2443538,0.36567426,0.9214453,13701.311,15263.294,1585.1871,19042.102,1539295,1.3072441,7764230.0,0.020120595,559967.9,156220.92731685002
Geo27,2021-10-18,505842,96553,104459,1936946,-0.6853126,0.5875333,3709.1992,930.88983,776.2269,15094.311,522945,0.0,7326546.5,0.019994825,559967.9,146493.0151218625
Geo27,2021-10-25,0,940909,0,1372648,0.79375833,-0.6044778,0.0,9071.522,0.0,10696.827,1263656,1.3238738,13855201.0,0.020055309,559967.9,277870.337312109
Geo27,2021-11-01,889037,1036502,155118,2304378,0.65354306,1.6866142,6519.062,9993.156,1152.6702,17957.65,791682,0.0,10317149.0,0.020016937,559967.9,206517.721552613
Geo27,2021-11-08,761505,529147,0,3247014,0.48693055,1.0091108,5583.9053,5101.6284,0.0,25303.463,843870,0.0,9345762.0,0.019941082,559967.9,186364.606394484
Geo27,2021-11-15,1218456,1728294,0,2259792,-0.7243496,1.6563963,8934.601,16662.883,0.0,17610.197,469714,0.0,15809811.0,0.020206442,559967.9,319460.02900246205
Geo27,2021-11-22,916057,164943,0,1788460,0.761961,0.35637498,6717.1924,1590.2537,0.0,13937.183,109713,0.0,12104756.0,0.019888433,559967.9,240744.628687348
Geo27,2021-11-29,647212,0,36503,229496,-0.5424001,0.12831962,4745.8267,0.0,271.25104,1788.4258,379538,0.0,7616448.0,0.019934097,559967.9,151827.01322745602
Geo27,2021-12-06,700040,1344181,1169354,1816019,2.8356037,-1.9965068,5133.1997,12959.56,8689.381,14151.946,0,0.6804182,20829806.0,0.02008202,559967.9,418304.58068812
Geo27,2021-12-13,1998474,1518656,75498,1807566,-2.266556,2.211247,14654.257,14641.714,561.01996,14086.073,1727867,2.544808,13689100.0,0.01994441,559967.9,273021.022931
Geo27,2021-12-20,1072065,372260,0,2263873,0.3503918,-0.8609521,7861.156,3589.0447,0.0,17642.002,364816,0.0,12384127.0,0.020201735,559967.9,250180.851860345
Geo27,2021-12-27,1185875,31199,0,871370,-0.30996105,0.16085279,8695.693,300.79678,0.0,6790.4473,1032665,0.6852977,11767610.0,0.020039571,559967.9,235817.85609530998
Geo27,2022-01-03,622276,1024026,0,2195947,1.4195952,0.30196074,4562.9775,9872.872,0.0,17112.664,1544118,0.0,10508641.0,0.020036535,559967.9,210556.753198935
Geo27,2022-01-10,1402522,308335,0,3358975,-1.3710737,1.215616,10284.306,2972.7292,0.0,26175.955,34302,0.8402606,3788745.8,0.020004483,559967.9,75791.9009474214
Geo27,2022-01-17,685156,0,0,1802013,2.1204407,-2.6075706,5024.0596,0.0,0.0,14042.8,0,0.009947382,13825303.0,0.02002916,559967.9,276909.20583548
Geo27,2022-01-24,1600920,0,0,0,-2.1554193,0.17467532,11739.103,0.0,0.0,0.0,203705,0.0,4311486.5,0.019966584,559967.9,86085.657367116
Geo27,2022-01-31,86825,519786,411927,2163176,0.7900357,0.00201714,636.6637,5011.377,3060.9985,16857.285,425043,0.0,14156700.0,0.019941432,559967.9,282304.8703944
Geo27,2022-02-07,0,1367775,160461,1837413,0.0347175,0.37366503,0.0,13187.035,1192.3737,14318.666,0,0.31248695,9934671.0,0.020078309,559967.9,199471.394151339
Geo27,2022-02-14,970252,621260,0,1918164,-1.5511794,1.372417,7114.5894,5989.7114,0.0,14947.946,670113,0.0,10793167.0,0.019985465,559967.9,215706.46131765502
Geo27,2022-02-21,1134139,532844,1207205,3803587,0.74451774,1.154418,8316.327,5137.2725,8970.649,29640.746,684416,0.43059158,13246366.0,0.020085732,559967.9,266062.957449912
Geo27,2022-02-28,895328,425301,0,1386012,-0.700123,-0.00443542,6565.1924,4100.4253,0.0,10800.97,0,0.0,9757306.0,0.020055909,559967.9,195691.64122115402
Geo27,2022-03-07,2226409,248145,578164,1351550,-0.10339837,-0.40092266,16325.641,2392.4236,4296.293,10532.414,0,0.0,9839224.0,0.02012447,559967.9,198009.16821128
Geo27,2022-03-14,1524405,606978,570859,2525483,-0.13545367,0.09785557,11178.04,5852.0156,4242.01,19680.686,1392272,1.121996,9595264.0,0.019936956,559967.9,191300.356176384
Geo27,2022-03-21,535667,456725,11245,2511862,0.19295126,0.90354896,3927.8977,4403.3916,83.560745,19574.54,359555,0.0,10141996.0,0.019900966,559967.9,201835.51756813598
Geo27,2022-03-28,0,169522,0,1314461,-1.3703932,-0.5959841,0.0,1634.4009,0.0,10243.385,269640,1.0818089,13298216.0,0.019681439,559967.9,261728.027012824
Geo27,2022-04-04,1580743,1033571,116175,1774461,-1.1059988,1.4229052,11591.151,9964.897,863.2876,13828.092,245411,0.0,8097432.0,0.019946594,559967.9,161516.188546608
Geo27,2022-04-11,224428,0,0,2023612,0.26365137,-1.1639132,1645.6683,0.0,0.0,15769.686,366358,0.0,9313797.0,0.020080123,559967.9,187022.189357031
Geo27,2022-04-18,1007081,107518,0,814300,-0.7315724,-1.0519054,7384.646,1036.606,0.0,6345.71,0,0.0,10168675.0,0.020064501,559967.9,204029.389706175
Geo27,2022-04-25,304715,0,0,1256632,0.08027986,-1.523531,2234.3909,0.0,0.0,9792.733,0,0.0,13772470.0,0.02011461,559967.9,277027.8627867
Geo27,2022-05-02,1236948,0,0,1588037,-1.6909631,-0.29071906,9070.197,0.0,0.0,12375.319,413335,0.0,13034628.0,0.02008007,559967.9,261736.24266395997
Geo27,2022-05-09,117632,0,0,916164,1.5218883,-2.363333,862.56287,0.0,0.0,7139.52,0,0.0,7259280.5,0.020008067,559967.9,145244.1706157935
Geo27,2022-05-16,276634,0,0,871744,-1.8027691,-1.3421106,2028.4805,0.0,0.0,6793.362,0,0.0,7271643.0,0.020030985,559967.9,145658.171858355
Geo27,2022-05-23,0,435250,0,1390037,-0.42141116,-0.18393433,0.0,4196.346,0.0,10832.337,0,0.0,12295156.0,0.020112209,559967.9,247282.74715960398
Geo27,2022-05-30,0,1298500,0,2661798,-0.36837134,1.0331721,0.0,12519.139,0.0,20742.969,0,0.07372974,14221628.0,0.020086506,559967.9,285662.816151768
Geo27,2022-06-06,778875,939622,0,1237463,-0.5024813,-0.56656986,5711.2744,9059.113,0.0,9643.352,1077208,0.5515079,3776108.0,0.020101968,559967.9,75907.202180544
Geo27,2022-06-13,0,341712,0,1264593,-1.0033836,0.4769777,0.0,3294.5244,0.0,9854.772,1861214,0.0,10301213.0,0.020018557,559967.9,206215.419609641
Geo27,2022-06-20,226946,0,0,1096826,-0.11903331,-0.14546841,1664.1321,0.0,0.0,8547.39,0,0.0,7747322.5,0.019972596,559967.9,154734.14237421
Geo27,2022-06-27,642251,1488757,0,812283,-0.94284165,-1.3943115,4709.449,14353.451,0.0,6329.992,0,0.7067697,9915038.0,0.019945566,559967.9,197761.04482150803
Geo27,2022-07-04,1393110,249138,391969,2226198,0.4332562,-0.4209786,10215.29,2401.9973,2912.692,17348.406,1141909,1.7110425,9652465.0,0.02009768,559967.9,193992.15278119998
Geo27,2022-07-11,543369,0,233597,2449828,0.86522555,-0.03132215,3984.3745,0.0,1735.8417,19091.117,606986,0.0,15034196.0,0.020081768,559967.9,301913.236138528
Geo27,2022-07-18,865233,0,0,390467,-1.3428471,-0.42780024,6344.514,0.0,0.0,3042.847,363828,0.3078057,10615254.0,0.020070309,559967.9,213051.42789348602
Geo27,2022-07-25,881951,86066,0,2334643,-0.3794858,1.3562728,6467.1025,829.7822,0.0,18193.5,1853836,0.0,11032175.0,0.020081948,559967.9,221547.5646769
Geo27,2022-08-01,317559,0,142570,3102705,0.12981147,1.5159951,2328.5723,0.0,1059.4269,24178.887,276389,0.0,7909981.5,0.019837996,559967.9,156918.181357074
Geo27,2022-08-08,891600,1045827,0,2454160,-0.26052916,0.22536191,6537.856,10083.06,0.0,19124.879,0,1.109527,11632532.0,0.019988561,559967.9,232517.575466452
Geo27,2022-08-15,1488167,0,0,1756849,-1.5371583,0.5888302,10912.317,0.0,0.0,13690.844,1224521,0.65669566,9420087.0,0.019991659,559967.9,188323.167054333
Geo27,2022-08-22,699855,856731,34384,1288026,0.45601088,-1.7622736,5131.843,8259.942,255.50491,10037.381,0,1.6172471,10552427.0,0.019971754,559967.9,210750.476146958
Geo27,2022-08-29,2229613,845428,0,2240922,-1.313257,1.3129169,16349.135,8150.967,0.0,17463.148,378592,1.1472633,13894075.0,0.020152144,559967.9,279995.4001468
Geo27,2022-09-05,1775749,1316780,409767,2393141,0.36978316,0.8086778,13021.076,12695.381,3044.9475,18649.365,1315382,1.9812471,10244222.0,0.01988433,559967.9,203699.49084125998
Geo27,2022-09-12,363148,0,466179,2302882,1.9775558,-0.15937597,2662.8638,0.0,3464.141,17945.992,295898,0.0,9454539.0,0.020050252,559967.9,189565.889493828
Geo27,2022-09-19,1436190,0,0,1224681,-1.8815393,0.28411683,10531.184,0.0,0.0,9543.744,1347513,0.0,8702103.0,0.019916782,559967.9,173317.888392546
Geo27,2022-09-26,1091167,505510,1011288,3310796,1.8240182,-0.12809616,8001.2256,4873.739,7514.8047,25800.506,592320,1.1313937,11862307.0,0.019898582,559967.9,236043.08854867402
Geo27,2022-10-03,1522841,842594,827187,2596523,2.475667,1.1256915,11166.571,8123.644,6146.764,20234.29,247557,0.0,9754870.0,0.020079639,559967.9,195874.26809193
Geo27,2022-10-10,1387268,271913,100428,1091074,-0.05030918,0.53362626,10172.452,2621.5762,746.2729,8502.566,260591,1.0415539,16023111.0,0.01998734,559967.9,320259.36741474
Geo27,2022-10-17,537082,513232,0,2044310,2.0958815,0.47160205,3938.2734,4948.1885,0.0,15930.982,768353,0.0,16118483.0,0.019982582,559967.9,322088.90826310596
Geo27,2022-10-24,128819,0,497447,2980104,1.070332,0.5064178,944.59406,0.0,3696.491,23223.477,156035,0.49423668,12203685.0,0.02007383,559967.9,244974.69806355002
Geo27,2022-10-31,1031586,925203,1452458,2969886,1.6783943,0.80467266,7564.3345,8920.096,10793.106,23143.848,1382834,1.6705514,9909698.0,0.020008808,559967.9,198281.244619984
Geo27,2022-11-07,1649494,1017391,153301,2637811,0.86230445,1.4221807,12095.283,9808.902,1139.1681,20556.04,1400955,0.0,13671517.0,0.02012544,559967.9,275145.29509248
Geo27,2022-11-14,1258117,49765,0,1905267,0.9736417,1.1009632,9225.424,479.79587,0.0,14847.442,1066252,0.0,13517257.0,0.020055318,559967.9,271092.887622726
Geo27,2022-11-21,1436862,488612,0,3575693,0.6371916,1.0434694,10536.111,4710.8213,0.0,27864.807,228228,0.0,13501666.0,0.01999555,559967.9,269973.2375863
Geo27,2022-11-28,1472716,1874627,0,3280604,1.239833,0.039556548,10799.019,18073.713,0.0,25565.225,0,0.0,10919736.0,0.019986108,559967.9,218243.023027488
Geo27,2022-12-05,895743,170452,0,1986599,-1.9331337,1.2192738,6568.2354,1643.3673,0.0,15481.249,0,0.0,9212151.0,0.01993776,559967.9,183669.65572175998
Geo27,2022-12-12,165051,0,555645,1370366,-0.32627,-0.02789858,1210.2732,0.0,4128.956,10679.044,0,0.0,7916584.5,0.019831859,559967.9,157000.5875655855
Geo27,2022-12-19,545763,0,0,812190,0.4484591,-0.35833886,4001.929,0.0,0.0,6329.267,0,0.2926161,11493347.0,0.020005202,559967.9,229926.728391094
Geo27,2022-12-26,1281811,645859,0,1788242,1.277072,-2.3194737,9399.165,6226.876,0.0,13935.485,0,1.0629817,9967970.0,0.019987931,559967.9,199239.09657007002
Geo27,2023-01-02,1115336,1476715,485917,2621406,0.6087875,-0.58041835,8178.45,14237.351,3610.8125,20428.197,521564,1.0023037,7932837.0,0.020035222,559967.9,158936.15038481398
Geo27,2023-01-09,747150,702383,447448,1698696,1.0631406,0.7737032,5478.644,6771.837,3324.9521,13237.667,279787,0.0,15511696.0,0.020043675,559967.9,310911.3933228
Geo27,2023-01-16,405203,76814,0,1324482,-0.88262725,0.669482,2971.2415,740.58154,0.0,10321.477,805786,0.0,8791588.0,0.019953126,559967.9,175419.66310408802
Geo27,2023-01-23,57656,0,0,2553761,0.11206524,-0.21945196,422.7755,0.0,0.0,19901.053,0,0.0,6307441.5,0.01990278,559967.9,125535.62053736999
Geo27,2023-01-30,109086,274275,0,1728588,-0.47918472,-1.1096134,799.89746,2644.3486,0.0,13470.611,0,0.5799804,6415130.5,0.020013122,559967.9,128386.789342421
Geo27,2023-02-06,144844,0,0,689407,-1.351291,-0.30596238,1062.101,0.0,0.0,5372.439,0,0.0,3624111.5,0.020113366,559967.9,72893.08102430901
Geo27,2023-02-13,1510186,1842906,449728,1747486,-0.13424107,1.8463361,11073.776,17767.885,3341.8948,13617.88,0,0.07600066,11913367.0,0.019897645,559967.9,237047.94732071497
Geo27,2023-02-20,2023180,781086,189938,1852697,1.1000769,-0.32103366,14835.419,7530.631,1411.4149,14437.772,690324,1.0268636,9691066.0,0.020042093,559967.9,194229.24604113802
Geo27,2023-02-27,631126,1435616,0,1770390,-1.4093708,0.45089197,4627.872,13841.106,0.0,13796.367,0,1.1931341,7912719.5,0.01983091,559967.9,156916.428259745
Geo27,2023-03-06,901989,0,0,1293864,-0.8894433,-1.1350908,6614.0356,0.0,0.0,10082.876,0,0.0,6463911.5,0.020006487,559967.9,129320.1613939005
Geo27,2023-03-13,592967,757703,0,0,-4.0258627,-2.0990505,4348.063,7305.19,0.0,0.0,0,2.489963,7501455.0,0.020069826,559967.9,150552.89659683
Geo27,2023-03-20,1097304,83644,0,1484478,-1.3221827,-0.31154436,8046.2266,806.4312,0.0,11568.3,409701,0.0,9434823.0,0.020032266,559967.9,189000.883998918
Geo27,2023-03-27,0,169572,620695,1569561,0.3242638,-0.93627965,0.0,1634.8829,4612.3374,12231.338,0,0.0,8916515.0,0.019929584,559967.9,177702.43467976002
Geo27,2023-04-03,1402626,1467484,333904,3328860,-0.16423225,1.3155978,10285.068,14148.353,2481.2156,25941.273,1250068,1.0478027,9037711.0,0.019935094,559967.9,180167.61832983402
Geo27,2023-04-10,1474640,893354,857365,2740089,-0.5720787,0.9839385,10813.127,8613.033,6371.0146,21353.076,1303797,1.5445613,5716912.0,0.019969072,559967.9,114161.42734566401
Geo27,2023-04-17,1298532,254184,0,1345619,-1.7704574,-0.6326045,9521.776,2450.6467,0.0,10486.194,346036,2.5329747,6877053.0,0.020082759,559967.9,138110.198029227
Geo27,2023-04-24,291249,481336,0,1117761,-1.6973286,0.33090186,2135.6482,4640.672,0.0,8710.533,115711,0.11658418,7156016.0,0.019814655,559967.9,141793.98821448
Geo27,2023-05-01,0,502843,539715,1075188,0.63648206,-0.56986064,0.0,4848.026,4010.5813,8378.769,0,0.0,12100542.0,0.020053083,559967.9,242653.173070986
Geo27,2023-05-08,0,0,0,827635,-0.6251211,-1.1736407,0.0,0.0,0.0,6449.6274,0,0.0,6436225.5,0.020019265,559967.9,128848.50388425752
Geo27,2023-05-15,874714,0,0,1186820,-1.5687631,-0.4920267,6414.0356,0.0,0.0,9248.699,0,1.4254084,10901433.0,0.01990145,559967.9,216954.32377785002
Geo27,2023-05-22,1182462,370866,0,1961916,-1.0682626,0.33063978,8670.666,3575.605,0.0,15288.898,280150,0.6856794,10331329.0,0.019881513,559967.9,205402.451820777
Geo27,2023-05-29,0,642034,0,1369046,0.57988906,0.22742307,0.0,6189.9985,0.0,10668.757,0,0.0,7914335.5,0.019949552,559967.9,157887.447602696
Geo27,2023-06-05,1730030,234076,0,1729443,-0.9863888,0.40735018,12685.831,2256.781,0.0,13477.273,2161790,0.0,7461807.5,0.0198963,559967.9,148462.36056225
Geo27,2023-06-12,247073,0,0,807996,1.0386643,-1.3332834,1811.7179,0.0,0.0,6296.584,0,0.0,9969391.0,0.020186417,559967.9,201246.28396204702
Geo27,2023-06-19,1459195,370594,0,1599220,-0.21312463,-0.25829512,10699.873,3572.9824,0.0,12462.466,0,0.44215035,14317569.0,0.020128442,559967.9,288190.357197498
Geo27,2023-06-26,537656,604438,1944808,1673661,0.7158004,0.5444763,3942.4824,5827.5264,14451.721,13042.573,1062140,1.5999696,9593772.0,0.020142576,559967.9,193243.28163667198
Geo27,2023-07-03,476760,469645,0,966869,1.3302425,0.14586204,3495.949,4527.956,0.0,7534.656,493948,0.17798582,6277866.5,0.020175131,559967.9,126656.77903801149
Geo27,2023-07-10,1327777,36682,1074848,2268661,0.25839984,0.5949728,9736.221,353.65967,7987.114,17679.314,0,0.48533595,12176285.0,0.019903935,559967.9,242355.985181475
Geo27,2023-07-17,0,375156,0,2031923,0.7918804,-0.7041378,0.0,3616.9658,0.0,15834.452,0,0.0,14357929.0,0.019988531,559967.9,286993.908912299
Geo27,2023-07-24,1598008,0,669732,2091014,0.60044205,0.6388111,11717.75,0.0,4976.728,16294.939,285992,0.0,15038140.0,0.020096542,559967.9,302214.61211188
Geo27,2023-07-31,150927,0,0,315133,0.88771236,-2.5789607,1106.7059,0.0,0.0,2455.7812,0,0.0,8448099.0,0.020056529,559967.9,169439.542588371
Geo27,2023-08-07,1873329,454650,0,2955956,0.12341139,0.9602199,13736.603,4383.386,0.0,23035.295,1523170,1.0105238,9731831.0,0.020127155,559967.9,195874.070970805
Geo27,2023-08-14,1186378,513054,0,230354,-2.3720589,-0.52883565,8699.381,4946.4727,0.0,1795.112,0,0.22448778,8574458.0,0.02000984,559967.9,171573.53266672
Geo27,2023-08-21,1184680,951610,967545,3087649,2.3359041,-0.73602575,8686.93,9174.692,7189.754,24061.557,1133715,1.9774052,17220418.0,0.020155324,559967.9,347083.104205432
Geo27,2023-08-28,959866,0,291458,2285060,-0.601459,-0.62130845,7038.4316,0.0,2165.8022,17807.107,19930,0.648879,12317994.0,0.020021986,559967.9,246630.70341608397
Geo27,2023-09-04,550724,0,0,1392036,-1.0532387,-1.2920035,4038.3064,0.0,0.0,10847.914,616903,0.36638367,10481166.0,0.019854778,559967.9,208101.224111148
Geo27,2023-09-11,0,521768,0,1779362,0.037070155,-0.71220547,0.0,5030.486,0.0,13866.284,215094,0.0,9532595.0,0.020200027,559967.9,192558.67638006498
Geo27,2023-09-18,1793493,1264503,211603,2374253,0.37676272,0.40930462,13151.188,12191.366,1572.4059,18502.174,1054031,0.939016,11528861.0,0.019990958,559967.9,230472.976038838
Geo27,2023-09-25,1466047,0,0,2226386,0.6123472,-1.5652324,10750.117,0.0,0.0,17349.87,0,0.6050266,15410559.0,0.019919442,559967.9,306969.736188078
Geo27,2023-10-02,1774950,1128068,682818,3423854,0.86996496,1.5357574,13015.217,10875.965,5073.969,26681.549,1423164,0.0,9879089.0,0.01989212,559967.9,196516.02387868
Geo27,2023-10-09,756686,354948,0,1856195,-0.29520965,-1.3305829,5548.569,3422.1357,0.0,14465.032,0,0.0,15965980.0,0.020002032,559967.9,319352.04287135997
Geo27,2023-10-16,581353,149230,0,1452386,0.5156814,-0.10441893,4262.9004,1438.761,0.0,11318.212,845606,0.0,15116168.0,0.019928174,559967.9,301237.626117232
Geo27,2023-10-23,437444,2304386,773745,2924266,2.6151361,0.7372708,3207.6558,22217.117,5749.6406,22788.338,1698089,0.34624782,15339453.0,0.019850852,559967.9,304501.211263956
Geo27,2023-10-30,591496,1084905,1499605,3226429,2.6546102,0.5269133,4337.2764,10459.82,11143.451,25143.047,786812,0.0,15453728.0,0.020082595,559967.9,310350.96066416
Geo27,2023-11-06,1869907,1590071,532141,1073692,-0.39710474,1.0611448,13711.51,15330.243,3954.2996,8367.11,1027615,1.3801209,11113157.0,0.020007614,559967.9,222347.755577398
Geo27,2023-11-13,1672373,424117,0,2277102,-0.7860805,0.5788752,12263.048,4089.0103,0.0,17745.092,1752954,3.393917,13416699.0,0.020064073,559967.9,269193.62815502705
Geo27,2023-11-20,593317,1369799,814991,2301148,0.021006018,1.7145691,4350.6294,13206.549,6056.1367,17932.48,1351647,1.0088893,14868989.0,0.01980015,559967.9,294408.21254835
Geo27,2023-11-27,2104880,1221862,1331211,2549280,0.049503744,2.053384,15434.502,11780.254,9892.128,19866.133,1240884,0.9966744,12609731.0,0.019961055,559967.9,251703.534026205
Geo27,2023-12-04,1779006,2459397,1302905,2012682,1.0857167,1.2619317,13044.958,23711.615,9681.789,15684.51,350376,0.0,9848630.0,0.019978955,559967.9,196765.33558165
Geo27,2023-12-11,1322764,346490,0,1313132,-0.024644822,-0.48070636,9699.462,3340.5903,0.0,10233.028,0,0.043984175,3788710.0,0.019931216,559967.9,75513.59737136001
Geo27,2023-12-18,152856,241550,0,1747404,1.2078243,0.122790635,1120.8507,2328.8396,0.0,13617.241,320283,0.0,8013910.5,0.01996021,559967.9,159959.336501205
Geo27,2023-12-25,1339527,943325,0,2358229,-1.0275811,0.55923516,9822.381,9094.815,0.0,18377.303,0,0.0,12621400.0,0.019906942,559967.9,251253.4777588
Geo27,2024-01-01,326396,557454,253114,1417858,0.7970233,-0.28858748,2393.3716,5374.543,1880.871,11049.141,807120,1.7773856,15911859.0,0.020122312,559967.9,320183.391298008
Geo27,2024-01-08,0,99412,0,0,-1.6783386,-1.6520633,0.0,958.4541,0.0,0.0,139521,0.0,11322343.0,0.020075344,559967.9,227299.93061099199
Geo27,2024-01-15,1271361,530261,448124,2987113,1.372396,1.2650673,9322.538,5112.369,3329.9756,23278.096,314742,0.43442896,10456890.0,0.019992268,559967.9,209056.94732652
Geo28,2021-01-25,2016006,199735,1237678,3674320,0.65460145,0.721043,14782.814,1925.6914,9197.092,28633.39,2609308,1.5661911,17616140.0,0.019929335,679385.8,351077.95546689996
Geo28,2021-02-01,457537,1303461,0,2052971,-1.217862,-0.16000289,3354.9922,12566.969,0.0,15998.476,365210,0.0,9609568.0,0.020035967,679385.8,192536.987332256
Geo28,2021-02-08,1512125,939763,0,2323798,-4.141794,1.4464837,11087.994,9060.473,0.0,18108.988,1177506,0.42417812,15527500.0,0.020101072,679385.8,312119.39548
Geo28,2021-02-15,2753065,0,0,1613845,-1.3299663,0.2574153,20187.465,0.0,0.0,12576.437,102214,0.6304704,14492092.0,0.020043917,679385.8,290478.289204364
Geo28,2021-02-22,1380783,369221,0,1016050,-1.1937597,-0.18839598,10124.899,3559.7454,0.0,7917.9155,134579,0.14390007,8544293.0,0.019970398,679385.8,170632.931838614
Geo28,2021-03-01,1153598,114724,0,1991635,-0.03451276,-0.5156461,8459.015,1106.0806,0.0,15520.494,1275889,0.0,12750608.0,0.020065274,679385.8,255844.44318659202
Geo28,2021-03-08,131278,64661,0,1036491,-0.120578766,-0.8043324,962.62524,623.4117,0.0,8077.209,0,0.0,5977577.5,0.01990334,679385.8,118973.75735885
Geo28,2021-03-15,1092084,269539,1110724,3525344,1.3647821,1.4320836,8007.9497,2598.688,8253.706,27472.443,706642,0.0,19340498.0,0.01980464,679385.8,383031.60031072
Geo28,2021-03-22,746359,269628,0,1465634,-0.7065086,-0.6760566,5472.844,2599.546,0.0,11421.452,417488,0.7097877,8328709.0,0.020127937,679385.8,167639.730043333
Geo28,2021-03-29,2241248,327965,684884,1309059,-1.0640184,1.0450904,16434.451,3161.9866,5089.321,10201.288,1350310,0.36568815,17150904.0,0.020036861,679385.8,343650.279472344
Geo28,2021-04-05,27780,0,356016,1318856,-0.28661853,-0.44948342,203.70305,0.0,2645.528,10277.634,1397645,0.545294,8915042.0,0.019968947,679385.8,178024.00120077402
Geo28,2021-04-12,1236526,330295,0,1714018,-2.8096087,0.64917666,9067.103,3184.4504,0.0,13357.069,0,0.060965374,6496871.0,0.019964736,679385.8,129708.314341056
Geo28,2021-04-19,110416,0,0,0,-3.5212548,-2.9327388,809.64996,0.0,0.0,0.0,0,0.0,3063609.0,0.019926287,679385.8,61046.352189783
Geo28,2021-04-26,1509401,771289,0,1350522,-0.3045606,-0.43804407,11068.02,7436.176,0.0,10524.403,0,0.43227756,13650877.0,0.020038078,679385.8,273537.338094406
Geo28,2021-05-03,1130881,1650137,1457734,3127168,0.6574778,1.2234895,8292.4375,15909.353,10832.311,24369.521,1800691,0.9741826,18505302.0,0.019939695,679385.8,368990.07776289
Geo28,2021-05-10,0,108378,0,2297750,-0.81454253,-0.27419585,0.0,1044.8973,0.0,17906.0,1846410,1.2138349,14239699.0,0.019993782,679385.8,284705.43755161803
Geo28,2021-05-17,0,0,0,1374548,-0.8343648,-2.1287248,0.0,0.0,0.0,10711.633,0,0.78197724,5881534.5,0.019920217,679385.8,117161.44353298651
Geo28,2021-05-24,1224840,419395,0,655556,-0.49601,-0.58329356,8981.413,4043.4841,0.0,5108.6436,144694,0.0,9065166.0,0.019982457,679385.8,181144.289792862
Geo28,2021-05-31,0,320770,0,0,-1.7222512,-1.4640505,0.0,3092.6177,0.0,0.0,0,0.0,12506457.0,0.019936292,679385.8,249332.37863744402
Geo28,2021-06-07,1182728,1950523,0,1722204,-0.7364208,1.1390107,8672.617,18805.443,0.0,13420.861,1993548,0.7692773,7536739.5,0.020062696,679385.8,151207.31341969201
Geo28,2021-06-14,2412557,0,571176,3586580,1.6128433,1.484988,17690.611,0.0,4244.3657,27949.646,708712,0.0,19256868.0,0.01997971,679385.8,384746.63814828004
Geo28,2021-06-21,980527,1141809,0,1324573,-1.035461,-1.6301318,7189.933,11008.445,0.0,10322.186,1289454,0.8646772,13905816.0,0.019916916,679385.8,276960.969183456
Geo28,2021-06-28,1474280,0,1129951,2873684,1.352004,0.082131326,10810.487,0.0,8396.58,22394.162,1278681,0.15041986,13388360.0,0.020128481,679385.8,269487.34988116
Geo28,2021-07-05,1525044,365665,306930,2866056,1.3739913,-1.5756733,11182.725,3525.461,2280.7737,22334.719,557616,1.1129441,7282882.5,0.019896936,679385.8,144907.04699802
Geo28,2021-07-12,0,0,0,345290,-0.841878,-1.1678247,0.0,0.0,0.0,2690.79,0,0.0,10322052.0,0.019927477,679385.8,205692.453822804
Geo28,2021-07-19,0,0,0,0,-1.7048043,-3.7569895,0.0,0.0,0.0,0.0,0,0.0,2562727.8,0.019957831,679385.8,51146.48833140179
Geo28,2021-07-26,281317,178894,0,1965773,0.51498246,-1.2840796,2062.8196,1724.7585,0.0,15318.955,800303,1.4521017,13659289.0,0.019942023,679385.8,272393.855401647
Geo28,2021-08-02,103015,0,161381,1728751,0.6837346,-1.2962505,755.3805,0.0,1199.21,13471.881,491386,0.02913168,15132531.0,0.020158902,679385.8,305055.209440962
Geo28,2021-08-09,1413186,230861,287151,4058914,0.61789584,0.6389729,10362.502,2225.7842,2133.7976,31630.47,0,0.0,18654598.0,0.019963594,679385.8,372412.820705212
Geo28,2021-08-16,1411882,375220,0,2233279,-0.4551733,0.62132394,10352.94,3617.583,0.0,17403.586,75239,1.3241014,12947210.0,0.019891612,679385.8,257540.87780252
Geo28,2021-08-23,1108739,1723058,0,2081844,1.2976693,-1.2394409,8130.076,16612.4,0.0,16223.478,1428081,0.0,12922412.0,0.019934494,679385.8,257601.74447952802
Geo28,2021-08-30,1507175,1514106,1116706,5100002,1.8801562,0.29807353,11051.697,14597.847,8298.158,39743.504,1128944,0.0,18483972.0,0.020097438,679385.8,371480.481263736
Geo28,2021-09-06,1543156,1031861,478910,2972394,-0.17434154,0.4972974,11315.536,9948.411,3558.744,23163.393,1031814,0.5588558,12220444.0,0.020122178,679385.8,245901.94940703202
Geo28,2021-09-13,477952,718257,840066,3225196,1.667599,0.030099958,3504.6897,6924.882,6242.467,25133.438,295561,0.0,19691378.0,0.01994368,679385.8,392718.54159104
Geo28,2021-09-20,1707309,605140,0,2347778,-0.93292725,-0.6256842,12519.224,5834.295,0.0,18295.86,243987,0.82611793,11473585.0,0.01981863,679385.8,227390.73588855
Geo28,2021-09-27,1351922,303155,568436,2140864,0.9093846,0.6059766,9913.27,2922.7876,4224.005,16683.412,0,0.5540367,15584232.0,0.01986832,679385.8,309632.50833024
Geo28,2021-10-04,1335360,677654,740926,4819103,1.6361763,0.5879063,9791.825,6533.419,5505.765,37554.5,1418565,0.0,17205098.0,0.020060431,679385.8,345141.681277238
Geo28,2021-10-11,3340580,937971,3788595,5913127,1.6643431,3.2024665,24495.549,9043.196,28152.764,46080.055,3529068,3.5992296,25194524.0,0.02008881,679385.8,506128.00567643996
Geo28,2021-10-18,1915119,604475,0,2435500,0.062436864,-0.9070154,14043.037,5827.8833,0.0,18979.463,401128,1.8331139,17635074.0,0.019987578,679385.8,352482.417110772
Geo28,2021-10-25,547159,1877978,0,1451423,-0.015113473,0.38684165,4012.1655,18106.02,0.0,11310.708,0,0.0,15381012.0,0.01994279,679385.8,306740.29230348
Geo28,2021-11-01,1860006,0,0,841791,-0.6469797,0.97233665,13638.909,0.0,0.0,6559.943,45555,0.0,18634964.0,0.019932432,679385.8,371440.152752448
Geo28,2021-11-08,1358357,0,918536,5150870,1.1561313,1.0432662,9960.456,0.0,6825.5713,40139.906,1117180,2.1377225,23537890.0,0.019888062,679385.8,468123.01566918
Geo28,2021-11-15,561302,0,0,4007008,0.229183,0.21540987,4115.872,0.0,0.0,31225.975,954211,1.2618841,20023676.0,0.01996766,679385.8,399825.95431816
Geo28,2021-11-22,1590444,1395719,385069,4128788,0.799942,1.5930918,11662.286,13456.45,2861.4187,32174.986,672224,1.0107036,20820402.0,0.020090224,679385.8,418286.539950048
Geo28,2021-11-29,1565564,1331154,0,3329692,0.30715105,1.0554473,11479.847,12833.964,0.0,25947.758,877694,0.0,7980125.0,0.020042134,679385.8,159938.73458675
Geo28,2021-12-06,1736047,828796,537849,1358886,1.1051949,-0.71358794,12729.952,7990.614,3996.7153,10589.582,851636,1.2341896,13331499.0,0.019953812,679385.8,266014.22472418804
Geo28,2021-12-13,2601308,1646955,1631916,4168657,-0.011017382,2.7690551,19074.672,15878.674,12126.644,32485.68,2648893,1.4629796,16497081.0,0.020017702,679385.8,330233.651327862
Geo28,2021-12-20,2026549,878725,0,3375108,1.5158895,-0.1608249,14860.123,8471.991,0.0,26301.678,942813,0.45933607,20677842.0,0.019908225,679385.8,411659.13105045
Geo28,2021-12-27,1976541,0,81467,1994338,-0.001256868,-0.48548722,14493.428,0.0,605.3751,15541.558,0,2.2104473,16395821.0,0.02013296,679385.8,330096.40836015996
Geo28,2022-01-03,35475,139910,0,478910,0.955189,-1.7856659,260.12836,1348.9048,0.0,3732.0693,113151,0.0,6377170.0,0.02002191,679385.8,127683.1237947
Geo28,2022-01-10,1190896,527167,0,3776223,-0.8056918,0.14666311,8732.511,5082.539,0.0,29427.504,0,1.8670601,22039554.0,0.01996911,679385.8,440110.27817694005
Geo28,2022-01-17,786569,0,0,3227044,0.89437985,1.1259665,5767.6924,0.0,0.0,25147.84,0,0.9611004,20491632.0,0.01992491,679385.8,408293.92335312
Geo28,2022-01-24,1422048,946633,0,58325,-0.91392064,0.39215836,10427.484,9126.708,0.0,454.5174,1147420,0.0,7899193.5,0.019922417,679385.8,157371.0268706895
Geo28,2022-01-31,430151,56965,0,1135338,0.074295096,0.15151489,3154.1782,549.21277,0.0,8847.508,0,0.0,9538611.0,0.01992462,679385.8,190053.19950282
Geo28,2022-02-07,120614,1460794,0,3505016,0.00067389,-0.30550772,884.4291,14083.853,0.0,27314.03,139696,0.51383805,10530662.0,0.020099828,679385.8,211664.494926136
Geo28,2022-02-14,992324,0,0,1334050,-1.3572297,0.22464669,7276.437,0.0,0.0,10396.039,1155138,0.0,13854731.0,0.019950815,679385.8,276413.175055765
Geo28,2022-02-21,780590,0,620919,2742727,0.6639814,-0.3084491,5723.8506,0.0,4614.002,21373.635,0,0.0,12033013.0,0.01992858,679385.8,239800.86221154002
Geo28,2022-02-28,1174780,0,0,3500920,-0.17753607,1.1896882,8614.336,0.0,0.0,27282.111,1961915,0.567348,14906586.0,0.01996208,679385.8,297566.46225888
Geo28,2022-03-07,268112,0,0,1271104,0.3084926,-1.6258575,1965.9911,0.0,0.0,9905.511,662429,0.0,10419477.0,0.019954974,679385.8,207920.392628598
Geo28,2022-03-14,745321,561891,0,1029803,-0.26783532,-1.0936323,5465.2324,5417.321,0.0,8025.0903,0,0.0,13903711.0,0.019927192,679385.8,277061.918609512
Geo28,2022-03-21,373485,1172150,0,0,-3.449091,-0.08554666,2738.662,11300.97,0.0,0.0,238562,0.0,10104659.0,0.019980775,679385.8,201898.917930725
Geo28,2022-03-28,0,254088,0,1437432,-2.3406806,-0.80029845,0.0,2449.7212,0.0,11201.678,720876,0.27463844,13732717.0,0.02010256,679385.8,276062.76745552
Geo28,2022-04-04,1759591,60378,669259,2098104,-1.8114116,1.983683,12902.594,582.1182,4973.213,16350.19,907755,0.0,18846590.0,0.019897338,679385.8,374996.97137742
Geo28,2022-04-11,432100,545787,0,2357800,0.70458275,-0.43849564,3168.4697,5262.059,0.0,18373.96,1005082,0.0,14229715.0,0.019882558,679385.8,282923.13381097
Geo28,2022-04-18,0,0,0,1125744,1.1024837,-2.0238016,0.0,0.0,0.0,8772.743,371214,0.0,8522843.0,0.019839885,679385.8,169092.22499305502
Geo28,2022-04-25,1169355,1795618,268974,2400147,0.6499938,-0.027781427,8574.556,17311.969,1998.7255,18703.963,0,0.7928376,18021394.0,0.020075386,679385.8,361786.44080808404
Geo28,2022-05-02,1097247,303618,1096673,2996035,1.0334561,0.039612234,8045.8086,2927.2515,8149.294,23347.621,314992,1.2122405,13486580.0,0.019935125,679385.8,268856.6581225
Geo28,2022-05-09,0,965135,0,716108,0.9841949,-2.5124161,0.0,9305.09,0.0,5580.5156,0,0.0,8448537.0,0.020124739,679385.8,170024.602056843
Geo28,2022-05-16,1190138,0,0,1716759,-1.7860765,-0.561463,8726.952,0.0,0.0,13378.429,501809,0.6057565,12028955.0,0.019755146,679385.8,237633.76225243002
Geo28,2022-05-23,535246,1789662,2218473,2281505,1.7035139,0.3381307,3924.8108,17254.547,16485.305,17779.404,1269712,0.0,18579858.0,0.020026846,679385.8,372095.95486786804
Geo28,2022-05-30,59022,617874,0,2396964,0.40519023,-1.9698201,432.792,5957.0664,0.0,18679.158,298778,1.56964,8947213.0,0.020032838,679385.8,179238.068580494
Geo28,2022-06-06,2193872,1484050,0,2997722,-0.4469173,0.9376709,16087.056,14308.07,0.0,23360.77,1190156,0.38349026,12530017.0,0.020047314,679385.8,251193.185224338
Geo28,2022-06-13,1526549,791852,0,1899276,-0.12629324,0.50326025,11193.761,7634.4287,0.0,14800.755,934728,0.0,14312417.0,0.020050703,679385.8,286974.02247915097
Geo28,2022-06-20,1061235,1374036,938567,2673527,-0.25125366,1.2245872,7781.7427,13247.399,6974.4204,20834.37,880033,0.39085868,14748291.0,0.020029532,679385.8,295401.366529812
Geo28,2022-06-27,2696053,1118517,0,2528325,-0.64485556,1.1645111,19769.41,10783.881,0.0,19702.834,1642064,1.3620312,15979660.0,0.02011871,679385.8,321490.14543860004
Geo28,2022-07-04,0,283119,0,2037229,0.105368085,0.2636714,0.0,2729.6157,0.0,15875.801,0,0.0,7868859.0,0.020012777,679385.8,157477.720411443
Geo28,2022-07-11,1898478,5835,793820,3656058,0.4934951,1.724959,13921.014,56.256584,5898.8164,28491.076,489153,0.0,19786858.0,0.019965513,679385.8,395054.770628154
Geo28,2022-07-18,1770785,350444,736454,1652422,0.068642616,-0.67544436,12984.676,3378.7117,5472.534,12877.061,523880,1.0629168,15120761.0,0.019950086,679385.8,301660.482335446
Geo28,2022-07-25,663200,0,0,810246,-2.334053,0.92452246,4863.062,0.0,0.0,6314.118,525330,0.0,19432362.0,0.020139435,679385.8,391356.79139547003
Geo28,2022-08-01,1476353,1069846,0,3299627,-0.26145208,1.6929799,10825.688,10314.633,0.0,25713.467,931237,0.0,12010411.0,0.01979182,679385.8,237707.89263802
Geo28,2022-08-08,1869612,1551492,0,1959562,1.3861536,-0.5891762,13709.347,14958.294,0.0,15270.554,0,0.0,14483384.0,0.020079058,679385.8,290812.707372272
Geo28,2022-08-15,1287268,548697,82566,2845702,0.12354478,0.052392304,9439.18,5290.115,613.5417,22176.102,1072739,0.0,14074496.0,0.020085186,679385.8,282688.870016256
Geo28,2022-08-22,953390,1031552,0,2962581,-0.053022012,0.8337165,6990.945,9945.432,0.0,23086.922,786736,0.0,15435324.0,0.02006995,679385.8,309786.18091379997
Geo28,2022-08-29,525154,1955372,0,419181,-0.84791255,1.0874705,3850.809,18852.193,0.0,3266.6108,0,0.0,13909492.0,0.019834995,679385.8,275894.70427254
Geo28,2022-09-05,1443649,1926780,0,3703816,-0.051730305,0.5313321,10585.878,18576.531,0.0,28863.248,0,0.5721072,9170115.0,0.019920025,679385.8,182668.920052875
Geo28,2022-09-12,2090550,1341194,3129730,4380287,0.98620987,2.865844,15329.424,12930.762,23256.787,34134.875,2416708,1.4489069,18177106.0,0.019949859,679385.8,362630.70172805403
Geo28,2022-09-19,822868,598108,0,1778126,-0.53248197,-1.3102082,6033.863,5766.4976,0.0,13856.652,34606,0.0,6527078.5,0.019960064,679385.8,130280.904593024
Geo28,2022-09-26,1419694,749320,0,2772160,-0.013570845,0.025618315,10410.223,7224.3677,0.0,21603.0,433740,1.3569301,14529130.0,0.019892454,679385.8,289020.05018502
Geo28,2022-10-03,509812,1624390,691537,3060851,0.70697165,0.5373763,3738.3103,15661.12,5138.759,23852.725,251009,0.0,14377009.0,0.020043818,679385.8,288170.151780362
Geo28,2022-10-10,1427699,20699,0,1508176,1.9582927,-0.20266491,10468.921,199.56386,0.0,11752.975,1187652,0.0,13784456.0,0.01988858,679385.8,274153.25591248
Geo28,2022-10-17,1190428,0,1100893,2198077,0.44758344,-0.035714686,8729.079,0.0,8180.6523,17129.264,600674,0.0,14600970.0,0.019975746,679385.8,291665.26807362
Geo28,2022-10-24,1329264,18389,0,2112888,-0.13214204,-0.5627929,9747.125,177.2926,0.0,16465.398,0,0.0,9248126.0,0.01996661,679385.8,184653.72507286
Geo28,2022-10-31,753363,1957781,573686,2035426,-0.015722364,1.7876798,5524.2026,18875.42,4263.0176,15861.75,1404357,0.8062383,18561090.0,0.020085666,679385.8,372811.85433594
Geo28,2022-11-07,1574678,923701,807141,4411358,2.0656536,1.8156594,11546.678,8905.615,5997.804,34377.008,1613740,0.0,25016822.0,0.01999504,679385.8,500212.35656288
Geo28,2022-11-14,1075488,115565,664257,3829642,0.23926175,1.034258,7886.2554,1114.1888,4936.0435,29843.79,2015158,2.27509,16438727.0,0.019875582,679385.8,326729.266464114
Geo28,2022-11-21,2399586,387814,115675,4693567,0.26371247,0.5878327,17595.5,3739.0044,859.5722,36576.22,2203696,0.5982218,22003860.0,0.019872159,679385.8,437264.20453374
Geo28,2022-11-28,1115414,0,0,2100582,0.91306627,-1.4273953,8179.022,0.0,0.0,16369.5,0,0.0,14619674.0,0.0199689,679385.8,291938.8081386
Geo28,2022-12-05,1251612,542303,0,1591955,-0.63216585,0.15058279,9177.724,5228.469,0.0,12405.851,477824,0.37134713,10304901.0,0.019885788,679385.8,204921.07664698802
Geo28,2022-12-12,61607,977244,0,1656909,1.5596639,-0.106849,451.74707,9421.836,0.0,12912.028,671767,0.0,18012356.0,0.020000838,679385.8,360262.214354328
Geo28,2022-12-19,926666,370211,353043,1198656,-0.99183774,-0.32990852,6794.985,3569.29,2623.4358,9340.935,510709,0.0,5198091.5,0.020002011,679385.8,103972.2833620065
Geo28,2022-12-26,1449086,674158,0,1186751,-0.8141303,1.0771269,10625.746,6499.7134,0.0,9248.161,921738,0.13545161,5879750.5,0.020052286,679385.8,117902.438634643
Geo28,2023-01-02,2036219,1373780,934820,3054953,-0.2921208,1.7056938,14931.03,13244.931,6946.577,23806.762,1592553,1.574832,17202240.0,0.0200049,679385.8,344129.090976
Geo28,2023-01-09,790933,2592565,533281,4861420,-0.120860636,1.5034528,5799.6924,24995.52,3962.7708,37884.273,2168119,0.5792916,11661260.0,0.020148475,679385.8,234956.6055785
Geo28,2023-01-16,20000,1087784,0,816407,-0.93510354,-0.5008734,146.65446,10487.577,0.0,6362.1294,0,0.0,16062983.0,0.019825827,679385.8,318461.922061941
Geo28,2023-01-23,1220702,214857,1013170,1685202,-0.11028677,0.07227993,8951.07,2071.486,7528.7896,13132.51,0,0.76085824,17168074.0,0.019848997,679385.8,340769.049321778
Geo28,2023-01-30,0,0,0,1132307,1.0398751,-1.6371704,0.0,0.0,0.0,8823.888,0,0.0,9373197.0,0.019814393,679385.8,185724.209024421
Geo28,2023-02-06,253708,499778,240265,3330884,2.4488215,0.80517894,1860.3705,4818.4756,1785.391,25957.049,2262614,0.0,17302622.0,0.020158056,679385.8,348787.223222832
Geo28,2023-02-13,1523759,371166,0,662955,-1.34373,-0.6419516,11173.303,3578.4973,0.0,5166.3027,0,0.0,10623424.0,0.020193912,679385.8,214528.48939468802
Geo28,2023-02-20,2745300,1478394,145676,3328403,0.17812364,2.3543334,20130.523,14253.539,1082.5073,25937.715,1970871,0.0,19024738.0,0.019999439,679385.8,380484.087121982
Geo28,2023-02-27,1967286,598544,0,1919667,-1.2489601,-0.08273056,14425.564,5770.7017,0.0,14959.659,694326,0.0,10168866.0,0.019793574,679385.8,201278.201667084
Geo28,2023-03-06,737942,0,0,508468,-0.9169122,-1.1634871,5411.1245,0.0,0.0,3962.41,0,0.0,8654640.0,0.019891683,679385.8,172155.35535912
Geo28,2023-03-13,1147729,0,0,1682129,-1.9238336,-1.2296389,8415.979,0.0,0.0,13108.563,0,0.0,13196177.0,0.020050101,679385.8,264584.681663877
Geo28,2023-03-20,339404,0,0,0,-2.8176422,-3.0248594,2488.7556,0.0,0.0,0.0,0,0.0,3853872.2,0.019913187,679385.8,76742.8777927014
Geo28,2023-03-27,0,0,0,1496752,-1.2456739,-1.9251966,0.0,0.0,0.0,11663.95,0,0.0,4619384.5,0.019925421,679385.8,92043.1809233745
Geo28,2023-04-03,259819,552631,0,2772562,-0.911314,-0.84199893,1905.1808,5328.0435,0.0,21606.135,0,0.0,14159590.0,0.019806553,679385.8,280452.66979327
Geo28,2023-04-10,544447,1094446,0,2951982,-1.4014543,0.3905192,3992.279,10551.807,0.0,23004.324,350052,0.0,12842276.0,0.019782158,679385.8,254047.93291160802
Geo28,2023-04-17,826610,0,0,3192508,-0.8508123,-0.37574422,6061.3027,0.0,0.0,24878.705,0,1.6887767,5344146.0,0.019821534,679385.8,105929.17163996398
Geo28,2023-04-24,0,0,0,0,-2.2342944,-1.577847,0.0,0.0,0.0,0.0,0,0.0,9324730.0,0.020062897,679385.8,187081.09754281
Geo28,2023-05-01,1222735,0,431706,1638691,0.44817457,0.13591933,8965.977,0.0,3207.9749,12770.058,552912,0.21750276,13469766.0,0.020175219,679385.8,271755.478928754
Geo28,2023-05-08,589366,0,0,2536574,-0.091747135,-1.106362,4321.6577,0.0,0.0,19767.115,0,0.0,7943514.0,0.019996654,679385.8,158843.70100215598
Geo28,2023-05-15,1998207,0,0,1260089,-1.921931,-0.49033785,14652.299,0.0,0.0,9819.673,448507,0.0,12113086.0,0.020164575,679385.8,244255.23112845002
Geo28,2023-05-22,68415,0,0,2304407,-0.13684678,-0.4115145,501.66824,0.0,0.0,17957.877,0,0.046103097,8379200.5,0.019988654,679385.8,167488.939591127
Geo28,2023-05-29,0,429770,0,1074427,0.003626615,-0.6411846,0.0,4143.512,0.0,8372.838,0,0.29003322,7592079.5,0.019947905,679385.8,151446.08061844748
Geo28,2023-06-05,451368,0,0,2064112,0.51104033,-0.9554009,3309.7566,0.0,0.0,16085.296,783014,0.04321453,10992319.0,0.020157067,679385.8,221572.91056837302
Geo28,2023-06-12,1834268,832688,0,1134892,-1.0868359,1.5902114,13450.179,8028.138,0.0,8844.032,1069874,0.0,19411958.0,0.019955985,679385.8,387384.74266863
Geo28,2023-06-19,1104638,15082,0,2010609,-1.437954,0.5621938,8100.0044,145.40904,0.0,15668.355,0,0.0,12465305.0,0.02007388,679385.8,250227.0367334
Geo28,2023-06-26,1343499,1863124,1348748,2940410,1.8713541,0.4711693,9851.506,17962.81,10022.444,22914.146,1878841,0.0,15454093.0,0.019961877,679385.8,308492.703612561
Geo28,2023-07-03,1184032,0,0,1398654,0.002932455,-0.255801,8682.179,0.0,0.0,10899.488,302168,1.3192449,10994930.0,0.019946666,679385.8,219312.19640338
Geo28,2023-07-10,1641055,76523,0,2485106,-0.029306442,-0.27590224,12033.402,737.77594,0.0,19366.033,131800,0.012063801,12243555.0,0.019969579,679385.8,244498.63881334502
Geo28,2023-07-17,1227061,347567,0,1097122,-0.78839904,-0.033218324,8997.699,3350.974,0.0,8549.697,0,0.0,6327758.5,0.019932974,679385.8,126131.045658779
Geo28,2023-07-24,891636,0,0,1170990,-1.7275763,-0.6841551,6538.12,0.0,0.0,9125.338,376912,0.22711502,8997850.0,0.02008615,679385.8,180732.1647775
Geo28,2023-07-31,520440,995835,1367176,3581298,2.1362936,1.6318741,3816.2424,9601.076,10159.382,27908.484,1695474,0.0,24042912.0,0.019832997,679385.8,476843.00156726403
Geo28,2023-08-07,1133279,436883,0,2832906,-0.2640158,-0.59007096,8310.021,4212.09,0.0,22076.385,1077651,0.33590743,3829825.5,0.019972468,679385.8,76491.067244334
Geo28,2023-08-14,1036549,829145,433962,2467884,-0.06875467,0.73571235,7600.727,7993.979,3224.7388,19231.826,1545201,1.775876,11685142.0,0.020002948,679385.8,233737.287798616
Geo28,2023-08-21,2097386,805609,0,3449776,-0.5181297,1.8571503,15379.551,7767.063,0.0,26883.555,372921,0.0,18447290.0,0.020070978,679385.8,370255.15174962
Geo28,2023-08-28,569976,147152,200344,3154112,-0.03500431,0.9637506,4179.476,1418.7264,1488.7411,24579.492,1628337,0.9907703,19787422.0,0.020029677,679385.8,396335.671322694
Geo28,2023-09-04,347651,2468492,1582916,3825834,1.6715316,1.1306841,2549.2285,23799.303,11762.529,29814.113,1416848,0.0,22592974.0,0.020088075,679385.8,453849.35618505
Geo28,2023-09-11,1361414,657270,370756,3736742,2.1948965,0.107714385,9982.872,6336.8926,2755.0598,29119.834,1726716,0.42879856,17605476.0,0.020196386,679385.8,355566.989009736
Geo28,2023-09-18,1139798,1243031,0,1580150,-0.08290106,0.68205357,8357.823,11984.35,0.0,12313.857,985741,0.0,17213504.0,0.020143483,679385.8,346739.925194432
Geo28,2023-09-25,3396623,1036244,2461552,4733041,0.9587779,2.6536298,24906.496,9990.668,18291.605,36883.832,1386801,1.8020104,25518390.0,0.020024864,679385.8,511002.28924896
Geo28,2023-10-02,1258642,321574,194735,2656734,1.6795199,0.57751054,9229.273,3100.3694,1447.0612,20703.504,964813,0.0,13997044.0,0.019896103,679385.8,278486.62911953195
Geo28,2023-10-09,1324074,0,2127123,4986134,0.00743112,0.7128701,9709.068,0.0,15806.49,38856.15,0,0.9741132,10634565.0,0.01998948,679385.8,212579.4243762
Geo28,2023-10-16,1580750,0,909739,2765310,1.1671215,0.4964761,11591.202,0.0,6760.2017,21549.62,2406340,1.0050175,13474207.0,0.0199762,679385.8,269163.4538734
Geo28,2023-10-23,2108842,739381,2203014,3464940,2.0589728,1.1703836,15463.555,7128.5435,16370.431,27001.725,1615837,1.3028889,24363734.0,0.019979257,679385.8,486769.303065638
Geo28,2023-10-30,2270143,0,0,1912660,-0.74156,-0.3680549,16646.33,0.0,0.0,14905.054,1463155,0.63040674,15472644.0,0.019853737,679385.8,307189.804670628
Geo28,2023-11-06,2728155,422186,0,2160372,0.407723,-0.8237808,20004.807,4070.393,0.0,16835.434,1096472,2.27911,9909681.0,0.020172628,679385.8,199904.30841166803
Geo28,2023-11-13,2110638,1816150,673499,2667066,-0.96144444,1.9234055,15476.724,17509.922,5004.72,20784.02,1797143,0.8511839,12076324.0,0.020003743,679385.8,241571.681680732
Geo28,2023-11-20,270745,864489,0,869799,-0.6640475,-0.87788856,1985.2981,8334.738,0.0,6778.205,474716,0.0,14890638.0,0.019914627,679385.8,296541.50156202604
Geo28,2023-11-27,1791248,313885,924443,1791226,0.46263912,-0.52641165,13134.726,3026.238,6869.466,13958.738,501623,0.4980191,16865486.0,0.020000609,679385.8,337319.991080974
Geo28,2023-12-04,2322135,808415,1558106,3311677,0.6094729,2.223115,17027.574,7794.116,11578.168,25807.37,1368514,0.4346937,11661598.0,0.020024762,679385.8,233520.724489676
Geo28,2023-12-11,2082333,630818,0,2859013,-1.7782199,0.40050676,15269.171,6081.8623,0.0,22279.832,759598,0.21456623,12985772.0,0.02006431,679385.8,260550.55499731997
Geo28,2023-12-18,0,0,0,1327047,-1.083015,-1.1632049,0.0,0.0,0.0,10341.466,0,0.69826555,14179791.0,0.020225674,679385.8,286795.83015413396
Geo28,2023-12-25,941219,948877,0,2918776,-1.614634,0.92561686,6901.6987,9148.343,0.0,22745.557,0,0.9531738,15700036.0,0.02004055,679385.8,314637.35645980004
Geo28,2024-01-01,565190,349069,0,1706106,-0.20123374,-0.4360366,4144.382,3365.455,0.0,13295.412,1566593,0.8542328,13656385.0,0.019935286,679385.8,272243.94070111
Geo28,2024-01-08,1510904,2773968,1213078,3335999,-1.343068,1.6721528,11079.041,26744.469,9014.291,25996.908,2496615,1.6976337,25061928.0,0.019945271,679385.8,499866.945742488
Geo28,2024-01-15,497456,4458,0,1989514,-1.7557025,1.0605197,3647.707,42.98061,0.0,15503.965,0,0.40689242,13380777.0,0.019950597,679385.8,266954.48947386903
Geo29,2021-01-25,1126092,664571,0,2169908,1.9132977,0.0562348,8257.321,6407.283,0.0,16909.746,833103,0.0,6185375.5,0.019825399,428704.5,122627.5372523245
Geo29,2021-02-01,1309957,0,0,1152584,-0.30322397,0.058454335,9605.552,0.0,0.0,8981.903,810066,0.0,10378237.0,0.020034947,428704.5,207927.428248439
Geo29,2021-02-08,726365,821154,239201,1666570,-0.93891746,0.86969376,5326.2334,7916.936,1777.4845,12987.314,74307,0.6816237,10264809.0,0.02001995,428704.5,205500.96293955002
Geo29,2021-02-15,977275,362571,0,2106126,-1.0101947,1.6672025,7166.087,3495.631,0.0,16412.703,0,0.0,11588791.0,0.020026797,428704.5,232086.36483242697
Geo29,2021-02-22,986938,704575,409779,1461029,1.2265394,0.5257815,7236.943,6792.9707,3045.0369,11385.566,0,0.0,4945832.5,0.020145476,428704.5,99636.14992877
Geo29,2021-03-01,232989,0,0,920851,-1.7203366,-1.4131832,1708.4438,0.0,0.0,7176.045,0,1.5916078,8050237.5,0.019808114,428704.5,159460.022127075
Geo29,2021-03-08,355660,0,0,1903170,0.22354782,-1.2270762,2607.9563,0.0,0.0,14831.1,0,0.29271972,6570892.5,0.019899167,428704.5,130755.28719654749
Geo29,2021-03-15,413508,27756,0,1165210,0.4813293,-1.2665496,3032.1396,267.60202,0.0,9080.296,0,0.0,6758797.5,0.0199883,428704.5,135096.87206925
Geo29,2021-03-22,65654,484046,0,905663,0.9602051,-2.1026878,481.4226,4666.7993,0.0,7057.6875,473288,0.5850733,10095655.0,0.020108389,428704.5,203007.357949795
Geo29,2021-03-29,642644,0,0,714633,-0.066558555,-0.85115826,4712.3306,0.0,0.0,5569.021,0,0.0,6676286.0,0.019805755,428704.5,132228.88482593
Geo29,2021-04-05,434841,0,0,1312770,-0.8917082,-0.9353392,3188.5688,0.0,0.0,10230.207,117909,1.0208602,12001463.0,0.02000769,428704.5,240121.55125047002
Geo29,2021-04-12,1115581,168459,0,1068978,-1.7627167,1.7426946,8180.2466,1624.1522,0.0,8330.375,0,0.0,9129229.0,0.01995814,428704.5,182202.43047406
Geo29,2021-04-19,370051,0,0,0,-1.7826042,-2.5668855,2713.4814,0.0,0.0,0.0,0,0.35940602,8627673.0,0.020062622,428704.5,173093.742138606
Geo29,2021-04-26,441113,348161,0,1506696,0.14212275,-1.2632837,3234.5596,3356.7007,0.0,11741.442,0,0.6008488,9704331.0,0.01982063,428704.5,192345.95414853
Geo29,2021-05-03,1766683,866536,1105436,2951968,0.8233793,2.6986194,12954.597,8354.474,8214.411,23004.217,1634358,0.81891143,9184542.0,0.020059323,428704.5,184235.694585066
Geo29,2021-05-10,0,241483,0,1818106,1.4269559,-1.3974738,0.0,2328.1936,0.0,14168.21,211289,0.0,6500078.5,0.019937398,428704.5,129594.65208574299
Geo29,2021-05-17,583661,0,0,567598,0.77331406,-2.1065733,4279.8247,0.0,0.0,4423.2007,0,0.88409865,11262130.0,0.020012578,428704.5,225384.25507113998
Geo29,2021-05-24,495421,0,52948,518041,-0.23184252,-0.33086616,3632.785,0.0,393.4526,4037.011,258096,0.0,6571018.0,0.019932956,428704.5,130979.81266920801
Geo29,2021-05-31,415799,280299,0,1478498,-0.28432414,0.3917804,3048.939,2702.4275,0.0,11521.699,186002,0.0,7179865.0,0.020144193,428704.5,144632.586273945
Geo29,2021-06-07,795197,1686728,0,1045054,-0.43643132,-0.019651324,5830.9595,16262.135,0.0,8143.939,858778,0.0,13924760.0,0.020167423,428704.5,280826.52509348
Geo29,2021-06-14,34375,148738,0,1144566,0.43045646,-1.0509342,252.06236,1434.0175,0.0,8919.42,77070,0.0,5807301.5,0.019950999,428704.5,115861.4664191985
Geo29,2021-06-21,1565748,727702,436045,1989377,0.2116648,1.310702,11481.197,7015.9434,3240.2175,15502.898,615393,0.8700826,13153124.0,0.020112192,428704.5,264538.15528780804
Geo29,2021-06-28,1121529,678806,0,1449000,0.85433584,0.11606276,8223.861,6544.526,0.0,11291.826,772512,0.9061891,9096749.0,0.020165425,428704.5,183439.809703325
Geo29,2021-07-05,972274,0,0,0,-1.3891494,-1.8038998,7129.416,0.0,0.0,0.0,133794,1.9407195,10544866.0,0.020076117,428704.5,211699.96356532202
Geo29,2021-07-12,363167,331374,0,939769,-0.012209207,-1.1192281,2663.003,3194.8535,0.0,7323.47,0,0.0,7946621.5,0.020045113,428704.5,159290.9259357295
Geo29,2021-07-19,0,880928,0,1028204,0.9510248,-1.5628163,0.0,8493.231,0.0,8012.63,0,0.7874324,7745746.5,0.019971542,428704.5,154694.50154610298
Geo29,2021-07-26,415156,1264957,0,1104807,-1.0853236,1.6093421,3044.224,12195.743,0.0,8609.585,982202,0.0,9305513.0,0.01998388,428704.5,185960.25513044
Geo29,2021-08-02,1157218,824986,1431520,2208953,1.5400642,0.728643,8485.559,7953.881,10637.517,17214.018,871906,0.45374477,7228068.5,0.019996025,428704.5,144532.63842771252
Geo29,2021-08-09,209161,0,176484,2234508,-0.9342264,2.1609805,1533.7197,0.0,1311.4392,17413.164,88582,0.0,11260852.0,0.019982308,428704.5,225017.81300641602
Geo29,2021-08-16,1440639,826548,0,2565899,0.86903036,1.855669,10563.807,7968.9404,0.0,19995.643,1176408,0.30809963,10273584.0,0.020012228,428704.5,205597.305385152
Geo29,2021-08-23,1065708,32285,0,1586464,0.7045069,-0.33749238,7814.5415,311.26715,0.0,12363.061,0,0.0,5551698.0,0.019928163,428704.5,110635.14267077399
Geo29,2021-08-30,1563453,702955,1671324,2832176,0.5063976,2.2672577,11464.368,6777.352,12419.482,22070.695,1330748,2.0617294,13123623.0,0.02005652,428704.5,263214.20717196004
Geo29,2021-09-06,672014,1001640,0,2002333,0.12494668,0.84600186,4927.6924,9657.043,0.0,15603.862,879783,0.22926804,5079496.0,0.019955115,428704.5,101361.92682204
Geo29,2021-09-13,660618,202290,0,1900420,-1.5027045,-0.007388175,4844.129,1950.3247,0.0,14809.67,0,0.0,10058063.0,0.020011105,428704.5,201272.954789615
Geo29,2021-09-20,122921,0,0,1505593,-0.5712325,-0.4743166,901.3457,0.0,0.0,11732.846,0,0.0,7294498.5,0.01987554,428704.5,144982.09671669
Geo29,2021-09-27,640549,925820,377187,1169270,-0.09296579,1.1472356,4696.9683,8926.045,2802.848,9111.935,0,0.0,11292719.0,0.019881716,428704.5,224518.63202580402
Geo29,2021-10-04,1621931,600407,0,2275607,0.4740266,0.6579434,11893.171,5788.663,0.0,17733.441,370229,0.44893217,7560209.5,0.01994522,428704.5,150790.04172359
Geo29,2021-10-11,646250,959466,663833,2457867,1.8307247,0.29368883,4738.7725,9250.434,4932.893,19153.766,998679,1.0372646,9499637.0,0.02005608,428704.5,190525.47964296
Geo29,2021-10-18,679839,0,878676,1598632,-0.67650443,-0.3154117,4985.071,0.0,6529.375,12457.884,267962,2.7507453,12890027.0,0.020104509,428704.5,259147.663831743
Geo29,2021-10-25,884722,1016194,451329,2430926,-0.21779579,2.901778,6487.4214,9797.362,3353.7917,18943.818,565663,0.0,12787707.0,0.020075208,428704.5,256715.877868056
Geo29,2021-11-01,1289229,736206,519651,2042508,0.9197202,0.58206654,9453.559,7097.9326,3861.4873,15916.939,529178,0.0,11053764.0,0.019956527,428704.5,220594.73971762802
Geo29,2021-11-08,541938,0,0,765322,-0.80608445,0.27040806,3973.8813,0.0,0.0,5964.0327,100699,0.0,9381782.0,0.020050412,428704.5,188108.594394184
Geo29,2021-11-15,774925,569064,1018654,3020289,2.339612,2.5332637,5682.3105,5486.478,7569.541,23536.63,1195184,0.0,9628011.0,0.019917453,428704.5,191765.45657598303
Geo29,2021-11-22,1008004,1520331,1490076,2567262,2.8430767,2.9914951,7391.4146,14657.863,11072.642,20006.264,917147,0.0,10837996.0,0.020113183,428704.5,217986.596901268
Geo29,2021-11-29,289123,0,196342,1862197,0.49477592,0.20554404,2120.059,0.0,1459.0024,14511.804,243086,0.6522237,10256366.0,0.019932186,428704.5,204431.79479607602
Geo29,2021-12-06,962529,0,0,2269251,0.6893995,-1.0550747,7057.9585,0.0,0.0,17683.912,70748,1.9844893,7938934.0,0.019911088,428704.5,158072.81350019202
Geo29,2021-12-13,1233911,1354076,1176225,3578400,0.47696796,2.2207527,9047.928,13054.96,8740.439,27885.9,1618525,3.593705,9959097.0,0.020030135,428704.5,199482.057388095
Geo29,2021-12-20,725993,308258,0,1432433,-1.1422086,1.5856745,5323.5054,2971.9868,0.0,11162.722,293663,0.5177152,11579326.0,0.019961959,428704.5,231146.03085963402
Geo29,2021-12-27,1241430,308254,0,837521,-0.69603026,-0.030574366,9103.062,2971.9482,0.0,6526.6675,403015,0.991348,10074220.0,0.020085584,428704.5,202346.59204448
Geo29,2022-01-03,1521318,1102201,0,1528398,0.02579707,-0.18830395,11155.404,10626.575,0.0,11910.562,1183629,1.3030598,14635852.0,0.01990742,428704.5,291362.05282184
Geo29,2022-01-10,1507746,36220,0,230934,-0.94966453,-2.170817,11055.884,349.2054,0.0,1799.6318,0,0.862626,8145628.5,0.020016048,428704.5,163043.29104616801
Geo29,2022-01-17,1165254,114785,119676,1740028,0.48434755,0.6090292,8544.485,1106.6687,889.3033,13559.761,525426,0.0,7216103.5,0.020066485,428704.5,144801.83264119748
Geo29,2022-01-24,1425954,236247,0,894078,-0.6633726,-1.0573127,10456.126,2277.712,0.0,6967.407,112894,0.61450315,4860989.0,0.020038348,428704.5,97406.189206172
Geo29,2022-01-31,261604,0,0,337302,-2.0058107,-0.36832178,1918.2698,0.0,0.0,2628.5408,333130,0.0,10548225.0,0.020193089,428704.5,213001.246217025
Geo29,2022-02-07,1423365,319914,0,1907854,0.73530775,-0.45005926,10437.141,3084.365,0.0,14867.602,0,0.29092312,7502622.5,0.019961698,428704.5,149765.084553005
Geo29,2022-02-14,294181,611544,0,1017843,0.66601,-0.4417404,2157.1477,5896.0376,0.0,7931.888,0,0.0,6845544.0,0.020041559,428704.5,137195.373963096
Geo29,2022-02-21,119944,0,1179662,2187872,1.7023287,-0.21720017,879.5161,0.0,8765.979,17049.738,532229,0.0,5079491.5,0.020059047,428704.5,101889.7587346005
Geo29,2022-02-28,855867,717703,0,958987,-1.551962,-0.069443665,6275.836,6919.541,0.0,7473.2324,0,0.0,13029630.0,0.020086592,428704.5,261720.86172096
Geo29,2022-03-07,908407,323198,0,654161,-0.7312659,-1.2394836,6661.097,3116.0269,0.0,5097.7725,131625,0.6953989,7859762.0,0.020000305,428704.5,157197.63722740998
Geo29,2022-03-14,682761,0,658091,1812172,0.45360523,-0.001542926,5006.4976,0.0,4890.2246,14121.967,1376250,0.0,9070329.0,0.020041525,428704.5,181783.225411725
Geo29,2022-03-21,1011178,293043,0,1352650,-2.1347191,1.165607,7414.6885,2825.2954,0.0,10540.986,277748,0.9704638,12195479.0,0.019710386,428704.5,240377.598544894
Geo29,2022-03-28,0,0,0,1101831,1.0724357,-2.3517756,0.0,0.0,0.0,8586.393,0,0.11892988,8090181.5,0.01996509,428704.5,161521.201763835
Geo29,2022-04-04,1050518,557769,0,1419219,-1.8420343,1.2477341,7703.1577,5377.58,0.0,11059.747,456508,1.2962141,12302307.0,0.020135326,428704.5,247710.961997082
Geo29,2022-04-11,1079730,393047,0,1034408,0.22699094,-0.028821588,7917.361,3789.4573,0.0,8060.9766,92421,0.0,5473869.5,0.01988813,428704.5,108865.028219035
Geo29,2022-04-18,0,0,0,270754,-2.423046,-1.4211519,0.0,0.0,0.0,2109.9429,0,0.0,7039943.0,0.019985953,428704.5,140699.969920679
Geo29,2022-04-25,956662,157392,0,1079671,-0.64657104,-0.9067401,7014.9375,1517.4528,0.0,8413.704,0,0.0,8945281.0,0.019953437,428704.5,178489.10088079702
Geo29,2022-05-02,0,0,0,1179351,-0.09457582,-0.52583265,0.0,0.0,0.0,9190.494,515945,0.0,10741249.0,0.019848455,428704.5,213197.197420295
Geo29,2022-05-09,0,0,0,1240292,-0.8826064,-0.35001063,0.0,0.0,0.0,9665.398,0,0.07393175,7057229.5,0.019867608,428704.5,140210.26927203598
Geo29,2022-05-16,42240,0,0,0,-3.2705007,-1.5227702,309.73422,0.0,0.0,0.0,0,0.0,10753153.0,0.020036168,428704.5,215451.980037704
Geo29,2022-05-23,53426,648985,0,1277861,-0.062452644,0.24940974,391.75806,6257.0146,0.0,9958.167,406448,0.0,8544374.0,0.01990901,428704.5,170110.02740974003
Geo29,2022-05-30,841684,277469,0,1243848,1.4526873,-1.0556648,6171.8354,2675.1428,0.0,9693.109,83869,0.0,5594180.5,0.019970652,428704.5,111719.43199068599
Geo29,2022-06-06,1041924,476523,0,1071002,-0.5451486,-0.5594274,7640.14,4594.2686,0.0,8346.147,396109,0.0,5643852.0,0.01988075,428704.5,112204.01064899999
Geo29,2022-06-13,1041336,264269,0,630958,-1.8275445,0.21351305,7635.8286,2547.8784,0.0,4916.955,0,0.0,9423464.0,0.020005401,428704.5,188520.176129064
Geo29,2022-06-20,942514,107319,0,1074144,-0.3518907,-0.50994647,6911.194,1034.6873,0.0,8370.633,684292,0.0,3513925.8,0.019845,428704.5,69733.857501
Geo29,2022-06-27,432975,0,0,243231,-2.8220882,-2.175199,3174.8857,0.0,0.0,1895.4603,0,1.3016368,11917972.0,0.02018195,428704.5,240527.91500540002
Geo29,2022-07-04,4664,261575,72522,721593,-1.4597524,-0.18549864,34.19982,2521.9053,538.9055,5623.259,568824,1.6663133,9453730.0,0.020079449,428704.5,189825.68939477
Geo29,2022-07-11,391081,0,0,1079440,0.26725587,-0.48229054,2867.6887,0.0,0.0,8411.904,418050,0.41318437,8268554.0,0.02002476,428704.5,165575.80939704
Geo29,2022-07-18,480011,0,0,1437892,-0.9964078,0.37279612,3519.7878,0.0,0.0,11205.263,902606,0.95319057,10700472.0,0.019816376,428704.5,212044.576529472
Geo29,2022-07-25,1173435,537486,0,744732,-0.4730004,-0.08676242,8604.474,5182.027,0.0,5803.5776,0,0.948128,12846901.0,0.019938558,428704.5,256148.68070875798
Geo29,2022-08-01,66682,874780,202551,2765544,-0.059147626,2.3371894,488.96066,8433.957,1505.1411,21551.443,1469071,0.0,5866591.0,0.020139975,428704.5,118152.996075225
Geo29,2022-08-08,641730,158805,0,872602,0.2146405,-0.67682153,4705.6284,1531.0758,0.0,6800.048,438187,0.8352237,10040774.0,0.020039806,428704.5,201215.163049844
Geo29,2022-08-15,380445,201959,0,1140842,-2.0487921,-0.26678205,2789.6978,1947.1335,0.0,8890.4,991242,0.02596664,13626390.0,0.019777901,428704.5,269501.39240739
Geo29,2022-08-22,920860,355632,1113342,2555356,1.4841523,0.7122132,6752.4116,3428.7305,8273.16,19913.482,579509,1.2210119,10953609.0,0.019879308,428704.5,217750.167022572
Geo29,2022-08-29,1638954,26110,0,905438,0.7624358,-0.66630435,12017.996,251.73256,0.0,7055.934,638517,0.5852659,13047200.0,0.019917766,428704.5,259871.0765552
Geo29,2022-09-05,1237261,1688875,0,2479284,-0.31167284,2.452526,9072.492,16282.835,0.0,19320.664,812043,0.24976863,10270171.0,0.019969737,428704.5,205092.61381502703
Geo29,2022-09-12,533807,276297,338382,1518678,0.6089993,-0.38626605,3914.259,2663.8433,2514.491,11834.815,396377,0.0,8821927.0,0.020161767,428704.5,177865.636665009
Geo29,2022-09-19,26243,12449,476222,2328860,2.7825794,-0.28758508,192.43266,120.02369,3538.7698,18148.434,117456,0.20466685,2927858.2,0.020032143,428704.5,58651.2741461226
Geo29,2022-09-26,1251616,611027,0,2189973,-0.3789184,1.0342486,9177.754,5891.053,0.0,17066.11,1119618,0.65083504,10153880.0,0.019900864,428704.5,202070.98495232
Geo29,2022-10-03,896994,556796,0,1364384,-0.926548,1.8177088,6577.4087,5368.199,0.0,10632.427,227237,0.37246546,12314003.0,0.020211568,428704.5,248885.30898670398
Geo29,2022-10-10,449044,507818,638313,2226565,3.2027607,1.3149757,3292.7153,4895.991,4743.2554,17351.266,1432183,0.20337188,5770156.0,0.020021113,428704.5,115524.945303628
Geo29,2022-10-17,82304,375936,653861,2101917,0.99477077,0.8042609,603.51245,3624.486,4858.7915,16379.904,375518,0.31889254,8277651.0,0.019921001,428704.5,164899.093848651
Geo29,2022-10-24,0,215435,909260,931134,-1.4980762,1.4337649,0.0,2077.0588,6756.6426,7256.1787,1055611,0.0,10211873.0,0.02010019,428704.5,205260.58755587
Geo29,2022-10-31,1337378,1323801,599848,1375029,0.5470836,1.3663058,9806.623,12763.072,4457.425,10715.382,811232,0.000368953,9564442.0,0.020059057,428704.5,191853.687251194
Geo29,2022-11-07,996618,329192,58877,1858065,1.0534525,0.5572406,7307.924,3173.8162,437.51053,14479.604,22102,0.0,9803584.0,0.020243894,428704.5,198462.71531609597
Geo29,2022-11-14,1340305,1042077,0,1670820,0.22845423,1.1253748,9828.085,10046.906,0.0,13020.434,1035162,0.30607414,8626528.0,0.019840851,428704.5,171157.65669532798
Geo29,2022-11-21,1025856,617536,565940,2658819,0.17541397,0.3292194,7522.318,5953.8076,4205.4575,20719.752,862174,1.2055256,8670800.0,0.02001033,428704.5,173505.569364
Geo29,2022-11-28,881360,1320956,0,1368966,0.3675955,-0.5590948,6462.769,12735.643,0.0,10668.134,132650,0.0,4758675.5,0.020240443,428704.5,96317.7002132465
Geo29,2022-12-05,212024,275342,0,785838,-1.7466452,-0.19382042,1554.7133,2654.636,0.0,6123.91,0,0.17294726,10655860.0,0.019970778,428704.5,212805.81445908002
Geo29,2022-12-12,108147,999770,102633,1544716,0.64570963,-0.6929809,793.012,9639.014,762.6581,12037.725,597994,0.7113556,5450476.5,0.0201076,428704.5,109596.0012714
Geo29,2022-12-19,267111,0,603713,240475,0.38742453,-0.85482216,1958.651,0.0,4486.1455,1873.9834,0,0.0,6011503.5,0.020024622,428704.5,120378.08523917699
Geo29,2022-12-26,1122119,1081605,1046062,1331535,2.2372036,1.77997,8228.188,10428.004,7773.2075,10376.44,1574320,1.2551681,11568655.0,0.020056088,428704.5,232021.96272163998
Geo29,2023-01-02,1383618,907945,198441,1597331,0.6315897,0.4593417,10145.688,8753.708,1474.6001,12447.746,224642,0.26925302,6392946.5,0.019760229,428704.5,126326.0868247485
Geo29,2023-01-09,887478,0,0,1078817,-0.30573657,-1.1105464,6507.6304,0.0,0.0,8407.049,0,1.6288292,8137239.5,0.020096224,428704.5,163527.787733648
Geo29,2023-01-16,0,284314,0,960238,-0.07414323,-1.9008398,0.0,2741.137,0.0,7482.9814,0,0.0,6844314.5,0.020026727,428704.5,137069.2179936415
Geo29,2023-01-23,0,0,0,1112941,-0.24126399,-0.87169933,0.0,0.0,0.0,8672.972,0,0.35429028,5336784.5,0.020011706,428704.5,106798.16239935701
Geo29,2023-01-30,205583,465365,0,1384341,-1.4532288,0.83851945,1507.4833,4486.6914,0.0,10787.949,0,0.0,13443254.0,0.019927163,428704.5,267885.913708402
Geo29,2023-02-06,72884,459922,0,1272931,-1.2132506,0.21002293,534.4382,4434.2144,0.0,9919.748,312844,0.0,9150207.0,0.019946186,428704.5,182511.73076050202
Geo29,2023-02-13,1293886,294089,0,42922,-1.7248411,-0.6683194,9487.708,2835.3804,0.0,334.4843,0,0.0,10196646.0,0.019987117,428704.5,203801.55660958198
Geo29,2023-02-20,770861,1676367,1367611,3793386,3.2822385,-0.3187538,5652.5107,16162.242,10162.614,29561.252,176342,1.5841023,4092830.8,0.020057647,428704.5,82092.5554171276
Geo29,2023-02-27,883282,0,0,1028782,-1.3723854,-1.4403486,6476.8623,0.0,0.0,8017.134,0,0.24009869,11134954.0,0.019855984,428704.5,221095.468464736
Geo29,2023-03-06,773390,48070,0,1015538,1.9375478,-1.6650312,5671.0547,463.454,0.0,7913.9253,0,0.143578,2192053.8,0.019936211,428704.5,43701.24708015179
Geo29,2023-03-13,611198,0,0,0,-3.3203716,-3.3332646,4481.7456,0.0,0.0,0.0,0,0.0,7603304.5,0.020062687,428704.5,152542.7183491915
Geo29,2023-03-20,729574,0,0,0,-3.713109,-1.1441199,5349.764,0.0,0.0,0.0,0,0.33971852,10153983.0,0.019838886,428704.5,201443.711182938
Geo29,2023-03-27,240827,226609,0,774144,-0.73047554,-1.9720556,1765.9177,2184.7898,0.0,6032.7803,0,1.1147265,10936252.0,0.01970885,428704.5,215540.9502302
Geo29,2023-04-03,637754,1647924,0,2221422,-0.47944283,0.17402682,4676.4736,15888.017,0.0,17311.188,0,0.65132797,5035507.0,0.020178288,428704.5,101607.910472016
Geo29,2023-04-10,487019,653632,0,1346343,-0.71460557,-0.06959815,3571.1755,6301.8174,0.0,10491.836,269551,0.97973096,10830644.0,0.019974561,428704.5,216337.35924728398
Geo29,2023-04-17,1132560,894409,0,1717271,0.16183019,0.73477703,8304.749,8623.204,0.0,13382.419,214796,0.0,8799992.0,0.019997742,428704.5,175979.969618064
Geo29,2023-04-24,525221,1373803,0,1486896,-1.1566942,-0.29145706,3851.3003,13245.153,0.0,11587.143,0,0.21729052,9269457.0,0.019873675,428704.5,184218.17584447502
Geo29,2023-05-01,1261508,0,0,2034645,-0.58592796,0.17382842,9250.289,0.0,0.0,15855.664,197443,0.0,13549367.0,0.01993353,428704.5,270086.71357551
Geo29,2023-05-08,43288,0,0,617130,-1.4584861,-1.2578148,317.4189,0.0,0.0,4809.1953,0,0.0,9748824.0,0.020019706,428704.5,195168.590325744
Geo29,2023-05-15,386369,1215972,0,761248,-0.845839,-2.6611185,2833.137,11723.468,0.0,5932.284,0,0.6746506,11136790.0,0.020051407,428704.5,223308.30896353
Geo29,2023-05-22,984162,0,0,2415821,-0.018455207,0.3809439,7216.5874,0.0,0.0,18826.107,0,0.13988103,5723259.0,0.020185519,428704.5,115526.95328642099
Geo29,2023-05-29,442025,0,0,1294073,-0.51021683,-1.0655336,3241.247,0.0,0.0,10084.504,0,1.3792264,10049216.0,0.019904092,428704.5,200020.519791872
Geo29,2023-06-05,766490,0,0,622272,-1.2249842,-1.005436,5620.459,0.0,0.0,4849.2666,0,1.72216,9846953.0,0.020098772,428704.5,197911.663241716
Geo29,2023-06-12,384253,0,35174,1669412,-0.7713973,0.46300206,2817.6208,0.0,261.37534,13009.461,0,0.52786154,10394731.0,0.01992135,428704.5,207077.07440685
Geo29,2023-06-19,0,364854,0,1869996,0.53034985,-1.9240295,0.0,3517.642,0.0,14572.581,423478,0.0,5771158.0,0.019884478,428704.5,114756.46428552401
Geo29,2023-06-26,825920,938900,1109946,1499732,-0.2668627,1.8919337,6056.2427,9052.152,8247.925,11687.172,1818934,0.0,13721659.0,0.02003391,428704.5,274898.48145669
Geo29,2023-07-03,810550,547007,0,898282,-0.3638169,-1.8586704,5943.5386,5273.821,0.0,7000.1685,0,0.0,8831552.0,0.020014144,428704.5,176755.953471488
Geo29,2023-07-10,1873097,0,1350596,2122875,-0.1506069,1.2164483,13734.902,0.0,10036.177,16543.227,0,1.5140285,9527679.0,0.019825384,428704.5,188889.894803736
Geo29,2023-07-17,377222,1283182,0,13454,-0.26675206,0.02293551,2766.0645,12371.455,0.0,104.84487,0,0.0,9556349.0,0.020032486,428704.5,191437.427553614
Geo29,2023-07-24,573554,431697,0,344695,-0.8168302,-0.48606014,4205.7124,4162.091,0.0,2686.1533,378637,1.9711108,12012066.0,0.02002818,428704.5,240579.82001988
Geo29,2023-07-31,311203,89651,0,968888,-0.7509706,0.1030906,2281.9656,864.34607,0.0,7550.3896,1051160,0.0,9993517.0,0.019909604,428704.5,198966.96603726802
Geo29,2023-08-07,878552,43802,148923,1612980,1.2915347,1.5154715,6442.1787,422.3052,1106.6355,12569.696,1098949,0.0,11380211.0,0.020110702,428704.5,228864.032118122
Geo29,2023-08-14,144734,0,0,1160225,0.20537955,-1.1524416,1061.2944,0.0,0.0,9041.448,328507,1.5359242,9394843.0,0.019903433,428704.5,186989.628196019
Geo29,2023-08-21,590141,79705,729851,2129487,3.4765253,-0.16983354,4327.3403,768.45435,5423.4673,16594.752,0,0.0,5948341.0,0.019801887,428704.5,117788.376319467
Geo29,2023-08-28,167076,495761,64125,1210846,-0.49485505,1.0799164,1225.122,4779.7466,476.50803,9435.93,134996,0.0,9894052.0,0.020061834,428704.5,198492.828811368
Geo29,2023-09-04,980533,210057,0,1628012,0.61214566,0.7108375,7189.977,2025.2081,0.0,12686.838,673857,0.0,4564999.0,0.019912714,428704.5,90901.519497286
Geo29,2023-09-11,0,0,0,1558745,2.6370573,-2.842443,0.0,0.0,0.0,12147.051,0,0.0,6778600.5,0.02003153,428704.5,135785.73927376498
Geo29,2023-09-18,61375,1598473,0,1639389,1.1232924,-0.83436966,450.04587,15411.248,0.0,12775.497,0,0.0,8628649.0,0.02006937,428704.5,173171.54938113
Geo29,2023-09-25,489820,0,429325,1485994,1.6043775,-0.9499401,3591.7146,0.0,3190.2815,11580.114,0,0.0,8757415.0,0.020081656,428704.5,175863.39547924
Geo29,2023-10-02,1162947,1493532,128347,1290283,-1.2669394,1.464891,8527.568,14399.488,953.7369,10054.97,1427205,0.45892638,8449850.0,0.019947657,428704.5,168554.70950145
Geo29,2023-10-09,558066,236595,0,1893879,-0.15907922,0.53915244,4092.1436,2281.0671,0.0,14758.697,70522,0.0,6416398.5,0.019920358,428704.5,127816.955190663
Geo29,2023-10-16,1198906,556490,0,1603526,0.36379337,0.14628744,8791.246,5365.249,0.0,12496.022,0,0.0,7548167.0,0.020141805,428704.5,152033.707821435
Geo29,2023-10-23,1319975,0,0,1665663,0.19866872,0.24364036,9679.011,0.0,0.0,12980.246,615720,0.47053438,8277257.5,0.020088335,428704.5,166276.3215412625
Geo29,2023-10-30,670727,328201,25547,1634735,0.43842754,0.94082844,4918.2554,3164.2617,189.83783,12739.229,925565,0.0,10514435.0,0.019983284,428704.5,210112.94070454
Geo29,2023-11-06,1433170,965464,542891,950779,-0.7412809,1.1668173,10509.039,9308.262,4034.182,7409.269,864722,2.3039856,11522086.0,0.020020297,428704.5,230675.58377954198
Geo29,2023-11-13,344175,519998,0,1112680,-1.7371566,-0.20856422,2523.74,5013.421,0.0,8670.938,0,0.0,12232190.0,0.019987637,428704.5,244492.57343502998
Geo29,2023-11-20,1122356,416409,53070,1290494,0.08038759,0.72566676,8229.926,4014.6956,394.35916,10056.614,980718,1.7065885,9526615.0,0.020021902,428704.5,190740.95192173
Geo29,2023-11-27,1001804,312711,422099,1600104,1.2433789,0.45797712,7345.9517,3014.9192,3136.5857,12469.355,0,0.0,5663593.5,0.019927576,428704.5,112861.689904356
Geo29,2023-12-04,932879,417137,179372,1058029,-1.4041418,0.29520798,6840.5435,4021.7146,1332.8998,8245.051,0,1.5173228,15219144.0,0.020106364,428704.5,306001.649032416
Geo29,2023-12-11,380490,0,0,1698132,-1.2158434,-0.815014,2790.0278,0.0,0.0,13233.272,0,0.4319747,11329946.0,0.019841485,428704.5,224802.95360980998
Geo29,2023-12-18,602191,701969,0,1673248,0.081940755,0.05837235,4415.7,6767.8457,0.0,13039.355,534413,0.55117214,14980282.0,0.02008973,428704.5,300949.82070386
Geo29,2023-12-25,228366,1353750,1410048,1348347,-0.3817359,2.5894408,1674.5447,13051.817,10477.96,10507.453,1293549,0.0,11190812.0,0.019842058,428704.5,222048.740771096
Geo29,2024-01-01,0,197008,246006,763309,-0.8170939,0.9312651,0.0,1899.3998,1828.052,5948.3457,313206,0.0,9462480.0,0.02009694,428704.5,190166.8928112
Geo29,2024-01-08,1116418,620058,0,1567587,-0.282008,1.4558206,8186.384,5978.1226,0.0,12215.955,909752,0.0,10168190.0,0.019969491,428704.5,203053.57869129
Geo29,2024-01-15,759844,0,0,1033297,-0.23938522,-0.53837794,5571.7256,0.0,0.0,8052.3184,583717,0.0,11134720.0,0.019967634,428704.5,222334.01365248
Geo3,2021-01-25,372130,0,0,495797,-1.3603132,-0.5341821,2728.7263,0.0,0.0,3863.667,0,0.0,2820898.2,0.019946683,229277.33,56267.5621706706
Geo3,2021-02-01,726163,445063,94621,1549375,2.248379,1.9500432,5324.752,4290.9556,703.1215,12074.032,578096,0.0,3991685.0,0.02002107,229277.33,79917.80480294999
Geo3,2021-02-08,425804,627127,184798,1319356,-0.38889062,1.5704185,3122.3027,6046.2764,1373.22,10281.531,372744,0.13471013,5688111.0,0.019946735,229277.33,113459.242767585
Geo3,2021-02-15,489166,0,492893,1033781,0.6983466,1.1357131,3586.9187,0.0,3662.6506,8056.0903,421719,1.1757448,4278086.5,0.019905962,229277.33,85159.427301713
Geo3,2021-02-22,255195,0,0,517246,-0.2222481,0.124628276,1871.2743,0.0,0.0,4030.8154,542408,0.0,3640181.5,0.019857109,229277.33,72283.4808252835
Geo3,2021-03-01,0,420932,0,632193,-1.233026,-0.3206873,0.0,4058.3027,0.0,4926.579,246050,0.0,2984448.0,0.019979782,229277.33,59628.62043033601
Geo3,2021-03-08,51379,41634,0,794054,-0.5487582,0.87886,376.74796,401.40305,0.0,6187.936,497629,0.0,4779174.0,0.02006,229277.33,95870.23044000001
Geo3,2021-03-15,402349,240272,0,848794,0.7355945,0.18807524,2950.3137,2316.518,0.0,6614.516,175766,0.0,2998711.0,0.02000992,229277.33,60003.96721312
Geo3,2021-03-22,191668,484848,0,53501,0.33412874,-1.0724843,1405.4484,4674.532,0.0,416.92474,291009,0.0,3707623.0,0.01992994,229277.33,73892.70393262
Geo3,2021-03-29,151339,146032,86967,497496,-0.19094476,-0.0895199,1109.727,1407.9283,646.2452,3876.907,166708,1.4754341,4283286.5,0.019976791,229277.33,85566.3192036215
Geo3,2021-04-05,55736,0,166716,581200,-0.7017554,0.94828,408.69666,0.0,1238.854,4529.199,389609,0.2816121,4901972.5,0.02010335,229277.33,98546.068857875
Geo3,2021-04-12,283411,361402,0,649797,0.047772557,-0.6234971,2078.1743,3484.3604,0.0,5063.7646,174062,0.0,3997555.0,0.019917993,229277.33,79623.27250711499
Geo3,2021-04-19,211372,0,0,120330,-1.9233825,-1.6339335,1549.9324,0.0,0.0,937.7125,0,0.14521442,4074215.2,0.019931264,229277.33,81204.25874401281
Geo3,2021-04-26,0,23247,0,608319,0.97921395,-3.6558018,0.0,224.1297,0.0,4740.533,0,0.0,5172033.0,0.020079253,229277.33,103850.55913134899
Geo3,2021-05-03,522780,0,0,404359,-2.078426,0.60480666,3833.401,0.0,0.0,3151.1052,287891,0.0,2650223.2,0.019962026,229277.33,52903.82442420321
Geo3,2021-05-10,0,561604,688548,1223644,1.790731,0.8681819,0.0,5414.554,5116.548,9535.662,214180,0.5933251,6040865.0,0.019779732,229277.33,119486.69074818
Geo3,2021-05-17,90112,0,323241,999867,1.7833478,-1.1297444,660.76636,0.0,2401.9795,7791.804,0,2.0748074,5984363.5,0.01982185,229277.33,118621.15564247499
Geo3,2021-05-24,0,121926,0,679382,-0.5945586,-0.32608017,0.0,1175.5167,0.0,5294.3154,0,0.0,4008434.0,0.01996986,229277.33,80047.86579924
Geo3,2021-05-31,150275,131499,0,1067020,1.2079325,0.6480286,1101.925,1267.8123,0.0,8315.116,143031,0.0,2978755.0,0.020036362,229277.33,59683.41348931
Geo3,2021-06-07,0,0,0,842537,-0.8565219,-0.46095964,0.0,0.0,0.0,6565.7563,190821,0.5306776,4462200.5,0.020048125,229277.33,89458.7533990625
Geo3,2021-06-14,0,568930,0,843083,1.7423617,-2.1957402,0.0,5485.186,0.0,6570.0117,55783,1.0440835,5211449.5,0.019964043,229277.33,104041.6019103285
Geo3,2021-06-21,432159,259572,0,203331,-0.45512205,-0.44900423,3168.9023,2502.5938,0.0,1584.526,182879,1.043983,3336383.2,0.019898236,229277.33,66388.1403000352
Geo3,2021-06-28,711470,530045,33446,1616442,0.8622821,0.43986893,5217.0127,5110.2866,248.5347,12596.675,538339,1.6257017,5334495.5,0.020004928,229277.33,106716.19839382402
Geo3,2021-07-05,734899,353755,51903,1323674,0.70629245,0.5985696,5388.811,3410.6338,385.6873,10315.18,329280,0.051254988,5259864.0,0.019942056,229277.33,104892.50244038399
Geo3,2021-07-12,0,0,0,667983,-1.3584939,0.11531401,0.0,0.0,0.0,5205.485,248565,0.0,2494772.8,0.020008435,229277.33,49916.499408568
Geo3,2021-07-19,0,0,0,8800,0.045672953,-1.9560245,0.0,0.0,0.0,68.577,0,0.0,2209326.0,0.01994677,229277.33,44068.917577019994
Geo3,2021-07-26,921193,655908,632957,672925,0.23170625,3.0014281,6754.853,6323.761,4703.4556,5243.997,510781,0.0,4527004.0,0.020215748,229277.33,91516.77205899199
Geo3,2021-08-02,443612,210513,132013,312448,0.4928643,-1.3518944,3252.884,2029.6046,980.97864,2434.8574,0,0.0,5303501.0,0.019926086,229277.33,105678.017027086
Geo3,2021-08-09,536250,545830,371806,1263707,0.88660806,1.1043354,3932.1729,5262.4736,2762.8623,9847.867,135384,0.80050015,4780906.0,0.019940723,229277.33,95334.722235038
Geo3,2021-08-16,0,238608,0,1351947,0.06788496,0.8793162,0.0,2300.475,0.0,10535.507,98117,0.0,5402062.5,0.019975122,229277.33,107906.857489125
Geo3,2021-08-23,0,191447,0,855201,-0.91784024,-0.000772059,0.0,1845.7849,0.0,6664.445,9765,0.0,3596936.5,0.020028573,229277.33,72041.5052666145
Geo3,2021-08-30,688451,449239,643867,1415698,1.8634602,0.32695287,5048.2207,4331.217,4784.527,11032.309,295467,2.541593,4492981.0,0.0200478,229277.33,90074.38449180001
Geo3,2021-09-06,382139,415418,0,796444,-0.48035702,0.023863077,2802.1194,4005.141,0.0,6206.561,305212,0.0,3540320.8,0.020005053,229277.33,70824.3052410024
Geo3,2021-09-13,600008,163973,566941,1930224,2.5468965,2.244852,4399.6924,1580.9016,4212.8955,15041.928,178547,0.0,5437915.5,0.019932447,229277.33,108390.9624942285
Geo3,2021-09-20,512680,0,0,1074976,-0.5141668,0.4984588,3759.3406,0.0,0.0,8377.116,0,0.0,5337361.5,0.019910421,229277.33,106269.11449419151
Geo3,2021-09-27,340835,100437,0,520570,-0.6033251,1.249532,2499.2488,968.33636,0.0,4056.719,373853,0.109047085,3825261.2,0.020062802,229277.33,76745.45805388241
Geo3,2021-10-04,776818,162871,457186,1409842,1.2926332,1.8541896,5696.1914,1570.277,3397.3145,10986.674,545167,0.059128642,4442771.0,0.019928515,229277.33,88537.828515065
Geo3,2021-10-11,649775,728421,84102,994020,-0.14481485,1.7902915,4764.62,7022.8755,624.9556,7746.2393,620604,0.59753233,3431680.5,0.020052945,229277.33,68815.3003240725
Geo3,2021-10-18,69712,193699,221479,738977,1.1422346,-0.78117347,511.17877,1867.4968,1645.7937,5758.73,0,0.0,4167428.8,0.020269291,229277.33,84470.82706898078
Geo3,2021-10-25,702756,0,0,533749,0.111676514,0.015138119,5153.115,0.0,0.0,4159.421,0,0.0,3348318.2,0.019862812,229277.33,66507.0149227784
Geo3,2021-11-01,461864,0,0,437270,-1.348167,1.2427326,3386.7207,0.0,0.0,3407.5752,0,0.0,3326266.8,0.020135846,229277.33,66977.1960397128
Geo3,2021-11-08,387053,81923,0,940971,-1.2317033,2.0658875,2838.1526,789.8386,0.0,7332.837,392852,0.0,3858856.8,0.019934274,229277.33,76923.50877796319
Geo3,2021-11-15,250714,181710,0,1178573,-0.27768254,-0.18079042,1838.4164,1751.9081,0.0,9184.431,0,0.0,3387987.0,0.019972052,229277.33,67665.052539324
Geo3,2021-11-22,341435,481459,0,457542,0.49178976,0.3483442,2503.6482,4641.8574,0.0,3565.5518,322075,0.18200004,6710947.0,0.019795269,229277.33,132845.001109743
Geo3,2021-11-29,238499,0,33726,698066,0.7119143,0.08640393,1748.8472,0.0,250.61536,5439.917,51157,0.0,4371724.5,0.019867703,229277.33,86856.1239638235
Geo3,2021-12-06,159666,0,0,0,-1.1185613,-0.45603395,1170.7866,0.0,0.0,0.0,198588,0.51602614,3073512.0,0.020074552,229277.33,61699.376466623995
Geo3,2021-12-13,301810,161563,0,990701,-0.91901445,1.486499,2213.0894,1557.6663,0.0,7720.375,110467,0.0,4932457.5,0.02004195,229277.33,98856.066592125
Geo3,2021-12-20,750379,653222,171331,1430910,0.113872886,0.8173898,5502.3213,6297.8643,1273.1477,11150.853,326731,1.8850363,3969914.8,0.019891744,229277.33,78968.52890341119
Geo3,2021-12-27,542157,113663,0,375115,-0.71712554,0.8467226,3975.4873,1095.8512,0.0,2923.2112,38421,0.94866705,5080032.0,0.020101855,229277.33,102118.06665935999
Geo3,2022-01-03,609754,196636,0,1050056,0.22368795,1.8803833,4471.1577,1895.8132,0.0,8182.919,4110,0.0,3178257.2,0.019961843,229277.33,63443.8712400196
Geo3,2022-01-10,525665,309499,0,0,-1.0157616,-0.06877312,3854.556,2983.9514,0.0,0.0,0,0.0,4341466.5,0.020057496,229277.33,87078.946957884
Geo3,2022-01-17,251454,0,0,559799,-0.087295115,-1.3016295,1843.8427,0.0,0.0,4362.4243,0,0.0,3308227.8,0.020013956,229277.33,66210.7256271768
Geo3,2022-01-24,604007,371316,0,980870,-0.34767267,0.2316595,4429.016,3579.9436,0.0,7643.7637,260119,2.1095672,3933174.5,0.019954966,229277.33,78486.363419567
Geo3,2022-01-31,0,219739,0,294789,-0.30370617,-1.0961341,0.0,2118.5544,0.0,2297.2437,0,0.0,3424091.2,0.019998308,229277.33,68476.0304376896
Geo3,2022-02-07,450388,436063,0,129072,-1.2648581,-0.6937591,3302.5706,4204.1846,0.0,1005.8375,0,1.0735589,2626896.0,0.019922854,229277.33,52335.265481184004
Geo3,2022-02-14,1029665,169009,0,655643,-0.9450884,0.6630877,7550.2485,1629.4548,0.0,5109.3213,0,0.0,2761911.0,0.020023398,229277.33,55302.843193578
Geo3,2022-02-21,344574,171752,140803,1328497,1.1613688,-0.17148376,2526.6658,1655.9008,1046.2964,10352.765,521649,0.1620324,4846092.5,0.019888442,229277.33,96381.229612885
Geo3,2022-02-28,724433,226860,226621,191944,0.49439102,0.6977591,5312.0664,2187.2097,1684.0035,1495.789,317297,0.46257395,5245760.5,0.020037666,229277.33,105112.796814993
Geo3,2022-03-07,19860,0,0,58750,0.26554644,-2.098865,145.62787,0.0,0.0,457.82938,0,0.0,4461965.5,0.02015107,229277.33,89913.379128085
Geo3,2022-03-14,252106,197729,0,772623,-0.0713992,-0.9088087,1848.6235,1906.3511,0.0,6020.928,231904,0.0,3053659.2,0.019791473,229277.33,60436.4136080016
Geo3,2022-03-21,90238,0,0,484706,-0.12392521,-1.5248688,661.69025,0.0,0.0,3777.2366,0,0.2083996,2192810.2,0.020011865,229277.33,43882.221693023006
Geo3,2022-03-28,117334,0,0,611929,-1.9099876,-2.456668,860.37775,0.0,0.0,4768.665,31515,1.5479245,2800171.2,0.019924797,229277.33,55792.84272524641
Geo3,2022-04-04,179428,272248,0,551006,-0.059062123,0.14060123,1315.6959,2624.806,0.0,4293.902,45032,0.6352436,4866897.0,0.020118512,229277.33,97914.725697264
Geo3,2022-04-11,244620,241724,0,167405,-0.40472603,-0.2503811,1793.7307,2330.517,0.0,1304.5605,192853,0.0,4747098.5,0.019923333,229277.33,94578.0241993005
Geo3,2022-04-18,70614,0,0,690303,-0.55772495,-0.48446292,517.7929,0.0,0.0,5379.421,32292,0.0,2841011.5,0.019990157,229277.33,56792.265923805506
Geo3,2022-04-25,0,324407,150918,1110566,0.7363176,0.3989175,0.0,3127.683,1121.4602,8654.464,108571,0.0,4560419.5,0.020026265,229277.33,91328.16941816751
Geo3,2022-05-02,128581,247293,94664,391894,-1.1760509,1.3272749,942.8489,2384.209,703.441,3053.9675,382541,0.0,3013245.8,0.019941416,229277.33,60088.388008052796
Geo3,2022-05-09,0,166288,0,511473,-2.0011938,-0.7734699,0.0,1603.2211,0.0,3985.8274,0,0.0,1907652.9,0.020004362,229277.33,38161.3791819498
Geo3,2022-05-16,334560,263332,0,580361,-2.7987368,-1.28326,2453.2358,2538.8447,0.0,4522.6606,0,0.44200844,2430778.5,0.01997269,229277.33,48549.185439165005
Geo3,2022-05-23,0,380569,0,477516,0.7183163,-1.3436129,0.0,3669.1538,0.0,3721.206,0,0.0,6286974.0,0.019898336,229277.33,125100.321075264
Geo3,2022-05-30,182552,0,0,571120,0.49617338,-1.5398036,1338.6033,0.0,0.0,4450.647,0,0.19905639,3619826.0,0.019919798,229277.33,72106.202715148
Geo3,2022-06-06,128563,277715,0,498047,0.32019734,-0.62661165,942.71686,2677.5144,0.0,3881.2007,155660,0.0,5172400.0,0.020117091,229277.33,104053.6414884
Geo3,2022-06-13,497970,288528,0,687346,-1.0184879,0.6574351,3651.4763,2781.7651,0.0,5356.3774,359635,0.14059588,5235030.0,0.02005306,229277.33,104978.37069180001
Geo3,2022-06-20,711152,140357,78881,530104,0.7299915,-1.6321454,5214.6807,1353.2144,586.15875,4131.016,0,1.0684036,6234139.5,0.019899094,229277.33,124053.727919613
Geo3,2022-06-27,886431,270962,0,525270,-0.67725974,-3.1106071,6499.953,2612.4075,0.0,4093.3452,340205,3.5231142,5077778.5,0.01991868,229277.33,101142.64505238
Geo3,2022-07-04,442202,117362,144204,431484,-0.1752731,0.19797385,3242.5447,1131.5143,1071.569,3362.486,442324,2.4535425,3415390.8,0.0201122,229277.33,68691.02284776
Geo3,2022-07-11,59702,138007,0,467830,-0.5524044,-0.98123944,437.77826,1330.5575,0.0,3645.7246,0,0.31503132,5866255.5,0.020026227,229277.33,117478.96428299851
Geo3,2022-07-18,0,0,0,10573,0.12357998,-2.1744294,0.0,0.0,0.0,82.3937,0,0.0,3699627.8,0.020065192,229277.33,74233.7421355376
Geo3,2022-07-25,0,0,0,0,-2.263949,-0.60239995,0.0,0.0,0.0,0.0,0,0.12660651,2811474.5,0.020031303,229277.33,56317.4975862735
Geo3,2022-08-01,210594,0,0,777638,-0.5578618,-0.6171366,1544.2275,0.0,0.0,6060.009,0,0.0,3465342.2,0.019880805,229277.33,68893.79253647101
Geo3,2022-08-08,477564,212921,0,775982,0.25530863,0.13210711,3501.8445,2052.8206,0.0,6047.104,0,0.37028003,2692378.2,0.02002127,229277.33,53904.830884314004
Geo3,2022-08-15,366002,141509,0,291393,0.285983,-0.38915753,2683.7913,1364.321,0.0,2270.7793,0,0.029904172,3915479.0,0.020136481,229277.33,78843.968489399
Geo3,2022-08-22,161326,650621,315955,998934,1.2628065,1.7783573,1182.9589,6272.7876,2347.8376,7784.5337,457410,0.0,4545128.5,0.02001703,229277.33,90979.97353835501
Geo3,2022-08-29,437468,707772,171358,889816,1.1565776,0.84199136,3207.8318,6823.7935,1273.3484,6934.194,298658,0.0,4590170.5,0.019833293,229277.33,91038.1964464565
Geo3,2022-09-05,527257,475225,0,886885,0.090492964,-0.06819278,3866.2295,4581.7544,0.0,6911.3535,60929,0.15488425,5704006.5,0.020040078,229277.33,114308.73517250699
Geo3,2022-09-12,313497,0,39160,721677,-0.5280042,0.67321944,2298.7869,0.0,290.995,5623.9136,83813,0.0,1451702.8,0.020115424,229277.33,29201.6173439872
Geo3,2022-09-19,869045,519697,838320,1077414,2.4999697,1.3750768,6372.4663,5010.519,6229.4927,8396.115,574117,0.19787884,5376569.5,0.020105366,229277.33,108097.897621937
Geo3,2022-09-26,520630,168877,144477,1430846,1.048482,0.062480807,3817.6357,1628.1823,1073.5977,11150.355,439174,1.4993215,5944718.5,0.020050969,229277.33,119197.36635722649
Geo3,2022-10-03,683821,808887,35655,1228502,0.547645,1.8132874,5014.27,7798.667,264.94962,9573.52,586328,0.0,3512423.0,0.019972837,229277.33,70153.052054051
Geo3,2022-10-10,351029,150373,251530,1499954,2.5867028,0.08345112,2573.9985,1449.7809,1869.1003,11688.902,243850,0.4939407,7926169.0,0.019958101,229277.33,158191.281445069
Geo3,2022-10-17,125324,163986,289748,1006193,1.3928627,-0.95777595,918.9662,1581.027,2153.0955,7841.1016,0,1.8345985,3970000.5,0.02000252,229277.33,79410.01440125999
Geo3,2022-10-24,0,0,0,724004,-0.42087817,-0.54538417,0.0,0.0,0.0,5642.0474,0,0.4885078,2705986.8,0.01994636,229277.33,53974.586868048
Geo3,2022-10-31,292500,48057,0,879018,0.9865097,0.24088955,2144.8215,463.32864,0.0,6850.047,603194,0.0,3435916.8,0.020007664,229277.33,68744.6688663552
Geo3,2022-11-07,445834,360822,239416,1385444,2.5295677,-0.04082364,3269.1772,3478.7686,1779.0823,10796.544,434453,0.7301209,5162127.5,0.01983284,229277.33,102379.6487671
Geo3,2022-11-14,640329,41627,304699,693847,0.9913977,1.0853627,4695.3555,401.33554,2264.1953,5407.039,334470,0.3139086,5933801.5,0.020104934,229277.33,119298.687526601
Geo3,2022-11-21,1042282,677939,201195,1774480,1.4938954,0.7382016,7642.7656,6536.167,1495.0648,13828.24,27878,1.1624529,5754329.0,0.020138616,229277.33,115884.222068664
Geo3,2022-11-28,383871,389887,0,1290005,0.88907695,-0.090702474,2814.8198,3758.9907,0.0,10052.803,0,0.0,6042000.5,0.020051457,229277.33,121150.9132197285
Geo3,2022-12-05,499632,464136,524213,1015950,-0.4655286,2.226585,3663.6633,4474.8423,3895.3872,7917.1367,27855,0.3855512,3313425.5,0.02006072,229277.33,66469.70119636001
Geo3,2022-12-12,634942,0,0,878248,0.6212716,0.11646244,4655.854,0.0,0.0,6844.0464,229983,0.8455098,3741725.5,0.019956168,229277.33,74670.502687884
Geo3,2022-12-19,99894,145003,384163,877182,1.3478165,-0.2570884,732.49506,1398.0074,2854.6863,6835.7393,0,0.0,4102919.8,0.019948767,229277.33,81848.1911098866
Geo3,2022-12-26,638121,430603,645902,852123,1.5242277,-0.13363002,4679.1646,4151.5435,4799.649,6640.4585,4047,0.80305463,4495072.0,0.020026894,229277.33,90022.330466368
Geo3,2023-01-02,857815,259190,526188,1277302,0.27475554,0.6669451,6290.12,2498.9106,3910.0632,9953.811,879656,2.8677633,4085850.5,0.01997878,229277.33,81630.30825239001
Geo3,2023-01-09,461621,696217,0,900788,-0.7883817,0.9338859,3384.939,6712.3896,0.0,7019.697,128809,0.36709547,2360422.0,0.020067362,229277.33,47367.442746764
Geo3,2023-01-16,137925,392187,116865,661036,0.3279226,2.1378884,1011.3658,3781.1658,868.415,5151.348,371510,0.0,5211988.0,0.020168377,229277.33,105117.338903476
Geo3,2023-01-23,0,70055,0,1055214,0.332021,-1.1272043,0.0,675.4165,0.0,8223.114,0,0.0,4944030.5,0.019957926,229277.33,98672.594860743
Geo3,2023-01-30,443671,0,0,914669,0.105280876,-0.71564734,3253.3164,0.0,0.0,7127.8696,0,0.0,6441438.5,0.019856391,229277.33,127903.72145845351
Geo3,2023-02-06,494727,424674,0,1586730,1.2267979,1.1500704,3627.696,4094.3804,0.0,12365.134,844622,0.0,6369653.5,0.020132506,229277.33,128237.087306671
Geo3,2023-02-13,257660,318085,0,72034,-0.5843021,-0.53146386,1889.3495,3066.7312,0.0,561.3495,0,0.0,4516814.5,0.019919395,229277.33,89972.2121672275
Geo3,2023-02-20,665307,456125,0,844154,0.27217388,0.7629891,4878.512,4397.6064,0.0,6578.3574,72290,0.0,5391826.0,0.020020125,229277.33,107945.03049825
Geo3,2023-02-27,425539,156063,0,314839,-2.0620081,-0.4618564,3120.3599,1504.6395,0.0,2453.49,0,0.12968266,3925917.8,0.019917782,229277.33,78195.57489031959
Geo3,2023-03-06,14802,0,0,557755,0.71947694,-2.5223866,108.53897,0.0,0.0,4346.4956,0,0.21407741,4963641.0,0.019969486,229277.33,99121.35945852601
Geo3,2023-03-13,407351,514217,0,836634,-0.35501918,0.6707313,2986.992,4957.685,0.0,6519.7554,274841,0.4916197,5197449.0,0.01983828,229277.33,103108.44854771999
Geo3,2023-03-20,390327,0,0,220444,-1.4281257,-1.4098468,2862.1597,0.0,0.0,1717.8849,0,0.0,2689466.0,0.020123487,229277.33,54121.434087942
Geo3,2023-03-27,405002,370887,170562,1231072,-0.53480685,0.918023,2969.7676,3575.8076,1267.4333,9593.548,206791,0.0,5491658.5,0.020109726,229277.33,110435.747720571
Geo3,2023-04-03,823242,275232,0,920455,-1.8753678,-0.44787484,6036.6055,2653.5754,0.0,7172.959,0,0.40672266,3530650.8,0.019890811,229277.33,70227.5077697988
Geo3,2023-04-10,240108,109309,0,498994,-1.375489,-0.95477897,1760.6455,1053.8734,0.0,3888.5808,691340,1.6376383,4504899.0,0.020068128,229277.33,90404.889759072
Geo3,2023-04-17,196540,0,0,789039,-0.22563195,-0.9223571,1441.1733,0.0,0.0,6148.855,0,0.0,4143210.0,0.02010402,229277.33,83295.1767042
Geo3,2023-04-24,186116,0,181145,486476,-0.46009868,0.23982507,1364.7372,0.0,1346.0747,3791.0298,0,0.0,3420192.0,0.020027444,229277.33,68497.703749248
Geo3,2023-05-01,486563,141572,425181,1156740,1.5192993,-0.30244285,3567.8318,1364.9283,3159.4878,9014.29,670275,1.5060728,5624278.0,0.020039594,229277.33,112708.247663132
Geo3,2023-05-08,142211,507459,0,615809,-1.0084019,0.7079835,1042.7938,4892.5293,0.0,4798.9014,452116,0.0,1302076.2,0.019980233,229277.33,26015.7858597546
Geo3,2023-05-15,158050,51598,0,264312,-3.4370456,0.2822864,1158.9369,497.46826,0.0,2059.7412,0,0.0,674099.2,0.02014414,229277.33,13579.148658688
Geo3,2023-05-22,253504,0,0,641250,-2.2216117,-0.5167529,1858.8746,0.0,0.0,4997.159,129076,0.0,1570554.6,0.019914001,229277.33,31276.0258749546
Geo3,2023-05-29,547504,174874,0,879394,-0.58967596,0.57836664,4014.6953,1686.0007,0.0,6852.977,325264,1.0554453,5333697.0,0.020048138,229277.33,106930.693506186
Geo3,2023-06-05,0,0,0,981423,0.7535945,-1.181942,0.0,0.0,0.0,7648.073,187005,0.18764982,2181024.2,0.019920113,229277.33,43446.2485197346
Geo3,2023-06-12,83768,0,0,180226,-0.68441427,-0.7400658,614.24756,0.0,0.0,1404.4725,290103,0.0,4420612.0,0.019887108,229277.33,87913.188270096
Geo3,2023-06-19,506044,92800,0,693067,-0.23179525,-0.06926304,3710.6804,894.7063,0.0,5400.9604,351197,0.0,3880986.5,0.019986844,229277.33,77568.671741606
Geo3,2023-06-26,447350,617425,492164,795381,0.80801594,1.4158943,3280.2937,5952.7373,3657.2334,6198.2773,348589,0.0,4659857.0,0.019719392,229277.33,91889.546846944
Geo3,2023-07-03,0,0,0,347491,0.9670789,-1.2323729,0.0,0.0,0.0,2707.942,0,0.0,2951030.2,0.019961549,229277.33,58907.1339377798
Geo3,2023-07-10,784902,87738,43206,547771,-0.09087804,-0.19365051,5755.469,845.9024,321.06052,4268.692,0,0.24509767,2864081.0,0.019971699,229277.33,57200.563643618996
Geo3,2023-07-17,682852,0,0,857810,0.4998787,-0.38616621,5007.1646,0.0,0.0,6684.7764,0,0.7866734,3556457.5,0.020206338,229277.33,71862.982327635
Geo3,2023-07-24,180210,109285,55617,1012447,0.38353756,0.67438096,1321.43,1053.642,413.2857,7889.838,330269,0.17612293,2888367.0,0.020094372,229277.33,58039.920970524
Geo3,2023-07-31,688437,34421,0,892903,0.45127475,-0.16675228,5048.118,331.86084,0.0,6958.2505,202362,1.8131083,4711085.0,0.019900296,229277.33,93751.98598116
Geo3,2023-08-07,979982,202548,288680,1390215,2.1331,0.61448115,7185.9365,1952.8121,2145.1592,10833.724,195973,1.089262,6049457.0,0.01996155,229277.33,120756.53837835001
Geo3,2023-08-14,742621,329760,0,206859,-1.3403319,-0.10598916,5445.434,3179.2925,0.0,1612.0193,0,0.20717216,4214032.5,0.019962076,229277.33,84120.83703147
Geo3,2023-08-21,296675,0,0,756460,0.30070233,-0.48324442,2175.4358,0.0,0.0,5894.972,317836,0.0,2398380.2,0.02005005,229277.33,48087.642929010006
Geo3,2023-08-28,0,41751,0,1105347,-0.38736486,-1.2985821,0.0,402.53107,0.0,8613.793,0,0.36603945,3968991.2,0.020092638,229277.33,79747.5034067856
Geo3,2023-09-04,459166,222302,0,1160144,-0.08643842,0.74716425,3366.9373,2143.265,0.0,9040.817,52039,0.0,3636008.0,0.019784238,229277.33,71935.647641904
Geo3,2023-09-11,182017,0,0,449060,-1.1558416,-0.1965978,1334.6803,0.0,0.0,3499.453,276520,0.0,2891507.8,0.019901054,229277.33,57544.0528692212
Geo3,2023-09-18,162742,160186,0,397493,-1.8329165,-1.1831331,1193.342,1544.3904,0.0,3097.5996,0,0.0,3998482.2,0.020046812,229277.33,80156.8209487464
Geo3,2023-09-25,1019424,275993,612082,1625890,2.1547055,1.8142697,7475.154,2660.9126,4548.335,12670.301,492683,0.4393282,6533206.5,0.020041613,229277.33,130935.9963220845
Geo3,2023-10-02,249620,440682,611375,1024717,1.5719827,0.73204404,1830.3944,4248.717,4543.0815,7985.456,296358,0.45284396,3729975.8,0.020021291,229277.33,74678.9309147578
Geo3,2023-10-09,581648,28298,507646,1296740,0.4466101,1.423122,4265.0635,272.82758,3772.279,10105.288,496520,0.0,7231821.0,0.020031009,229277.33,144860.671537389
Geo3,2023-10-16,697063,226359,0,1247326,-0.42903554,2.6130242,5111.37,2182.3794,0.0,9720.213,690307,0.0,2675499.0,0.01986918,229277.33,53159.97122082
Geo3,2023-10-23,1015951,0,0,1000476,1.0892783,0.4554338,7449.6875,0.0,0.0,7796.55,424223,0.0,5384849.0,0.01999177,229277.33,107652.66269273
Geo3,2023-10-30,678700,692969,0,680168,-1.5141219,0.582597,4976.719,6681.0747,0.0,5300.4404,200863,1.5089056,6316250.0,0.020114012,229277.33,127045.128295
Geo3,2023-11-06,429534,90411,0,573166,0.017351031,0.3915784,3149.654,871.6734,0.0,4466.591,44448,1.5505046,5715160.5,0.019863617,229277.33,113523.7592655285
Geo3,2023-11-13,75539,295649,243279,982854,-0.021454215,1.6742774,553.90656,2850.4204,1807.7878,7659.2246,352726,0.0,4471778.5,0.020018784,229277.33,89519.567887344
Geo3,2023-11-20,0,354764,155712,392277,-0.97726023,0.95417285,0.0,3420.3618,1157.0841,3056.952,174661,0.63686055,3060963.0,0.020005899,229277.33,61237.316620737
Geo3,2023-11-27,799356,505701,706556,700810,0.864322,0.9824675,5861.456,4875.5806,5250.364,5461.3003,451830,0.34366453,3203285.5,0.020020053,229277.33,64129.9454841315
Geo3,2023-12-04,567741,451126,944615,1365097,1.037238,1.0108007,4163.0874,4349.41,7019.3623,10637.983,188028,0.52168083,3314915.5,0.019978805,229277.33,66228.0503659775
Geo3,2023-12-11,379984,487,0,977470,-0.9468483,-0.24421538,2786.3174,4.6952796,0.0,7617.268,33203,2.0308778,3901967.0,0.020044496,229277.33,78212.961923632
Geo3,2023-12-18,34857,426041,0,915094,0.8841996,-0.47157797,255.59674,4107.56,0.0,7131.1816,202676,0.0,1861756.4,0.019919643,229277.33,37085.5228409652
Geo3,2023-12-25,129157,366536,0,1679902,-0.4831481,1.592102,947.0725,3533.8584,0.0,13091.208,312039,0.0,3422443.2,0.019987203,229277.33,68405.0669943696
Geo3,2024-01-01,0,260509,0,601673,0.6677807,-0.6506475,0.0,2511.6274,0.0,4688.7417,237036,0.0,5565837.0,0.019914154,229277.33,110838.935156898
Geo3,2024-01-08,0,220296,0,0,-0.8404811,-1.930932,0.0,2123.9248,0.0,0.0,0,0.0,3761572.5,0.01989736,229277.33,74845.36219859999
Geo3,2024-01-15,592337,315717,300871,790201,-1.0522184,0.8769372,4343.443,3043.9006,2235.7498,6157.9106,206208,1.1039802,3283652.5,0.020036861,229277.33,65794.08871480249
Geo30,2021-01-25,644776,432483,0,0,-1.45324,0.44484314,4727.964,4169.669,0.0,0.0,18492,0.0,3961074.0,0.019935261,270937.94,78965.04403031399
Geo30,2021-02-01,1098468,267943,1098701,1444798,2.4578307,2.0854769,8054.7617,2583.3005,8164.364,11259.08,374150,0.0,1076718.0,0.01992946,270937.94,21458.40831228
Geo30,2021-02-08,200294,0,0,47989,-1.5578604,-0.9537647,1468.7004,0.0,0.0,373.9706,67272,0.0,7144967.5,0.020147618,270937.94,143954.075812415
Geo30,2021-02-15,741192,0,0,589247,-1.9738452,-0.22673194,5434.9556,0.0,0.0,4591.908,253232,1.3237693,7625640.0,0.019960757,270937.94,152213.54700947998
Geo30,2021-02-22,818305,737091,85440,1491266,-0.27682236,1.5420837,6000.404,7106.465,634.8982,11621.198,293673,0.98093367,5469547.0,0.020022621,270937.94,109514.666622687
Geo30,2021-03-01,128306,0,0,1429500,0.53312635,-0.618258,940.8324,0.0,0.0,11139.865,546615,0.0,6307111.5,0.019986862,270937.94,126059.367169113
Geo30,2021-03-08,671187,0,7741,791746,-1.7343693,0.83764064,4921.6284,0.0,57.522785,6169.9507,165524,0.0,7703197.5,0.019973418,270937.94,153859.183604055
Geo30,2021-03-15,143803,120577,0,1703766,-0.088837326,-0.05922675,1054.4677,1162.5107,0.0,13277.177,292837,0.0,6286606.5,0.01993613,270937.94,125330.604442845
Geo30,2021-03-22,379128,354327,0,853946,-0.23474729,-1.0714183,2780.0408,3416.1487,0.0,6654.665,388754,0.79567415,8575337.0,0.020074058,270937.94,172141.812307546
Geo30,2021-03-29,787232,38774,0,473635,0.09816077,0.8772831,5772.5547,373.82913,0.0,3690.962,214967,0.0,5004057.5,0.020001406,270937.94,100088.185704845
Geo30,2021-04-05,0,221290,406906,1619516,0.29686606,0.71113217,0.0,2133.5083,3023.6877,12620.63,157863,1.6532845,4283978.0,0.02004446,270937.94,85870.02566188
Geo30,2021-04-12,0,0,0,246124,-3.0763571,-0.9418879,0.0,0.0,0.0,1918.0051,0,0.0,9842074.0,0.02002946,270937.94,197131.42750003998
Geo30,2021-04-19,429992,541358,0,704818,-1.9395903,0.38454044,3153.0122,5219.358,0.0,5492.534,48053,0.3669989,7832768.5,0.020109236,270937.94,157510.99029986598
Geo30,2021-04-26,59463,0,0,212306,-1.6646535,-2.822328,436.02573,0.0,0.0,1654.4668,0,0.0,11946982.0,0.019922314,270937.94,238011.526756348
Geo30,2021-05-03,202860,0,0,549087,-0.07464984,-0.69983685,1487.5162,0.0,0.0,4278.9473,171339,0.0,5366815.5,0.020231452,270937.94,108578.47018110601
Geo30,2021-05-10,354176,0,0,173249,-0.14960262,-1.2334877,2597.0745,0.0,0.0,1350.1019,0,0.0,5558455.5,0.019942474,270937.94,110849.35428890701
Geo30,2021-05-17,263846,1013826,441590,2173504,1.1278462,2.7595634,1934.7096,9774.531,3281.422,16937.77,1149319,0.0,1336472.8,0.020141514,270937.94,26918.5856118192
Geo30,2021-05-24,139066,0,0,244168,-0.4516,-0.9179413,1019.7325,0.0,0.0,1902.7622,0,0.0,4333714.5,0.020118544,270937.94,87188.025851688
Geo30,2021-05-31,0,348216,0,851334,-0.13814211,-0.2439377,0.0,3357.231,0.0,6634.31,234317,1.2238907,3651347.2,0.019936426,270937.94,72794.8132531072
Geo30,2021-06-07,187638,189313,0,1035525,-0.67260367,0.3975641,1375.8975,1825.2104,0.0,8069.681,153880,0.0,6038597.5,0.019997703,270937.94,120758.07934154249
Geo30,2021-06-14,514710,36757,0,835600,0.06152329,0.10423881,3774.226,354.38275,0.0,6511.6973,37779,0.7896794,5216356.5,0.020141397,270937.94,105064.70716003049
Geo30,2021-06-21,460540,194490,0,325053,-0.77655166,-0.1507869,3377.0122,1875.1232,0.0,2533.0862,591713,2.4336982,5091124.0,0.019963026,270937.94,101634.240781224
Geo30,2021-06-28,11505,0,0,894793,1.4286401,-0.6572023,84.362976,0.0,0.0,6972.979,695892,0.0,6188256.5,0.020108314,270937.94,124435.40481454099
Geo30,2021-07-05,806307,301902,655330,1068606,1.664639,1.0864544,5912.426,2910.707,4869.7075,8327.476,741340,1.5493003,2287179.2,0.020070849,270937.94,45905.62835914081
Geo30,2021-07-12,73661,0,0,896554,0.32799292,-1.659348,540.13574,0.0,0.0,6986.7026,0,0.0,6269070.5,0.019899508,270937.94,124751.418567314
Geo30,2021-07-19,219713,652721,0,679273,-1.2857022,0.082526654,1611.0946,6293.0347,0.0,5293.466,0,0.0,6476126.5,0.019798396,270937.94,128216.916993094
Geo30,2021-07-26,328927,207102,0,399934,-0.8129906,0.012051404,2411.9304,1996.7184,0.0,3116.6218,0,0.0,7179927.5,0.020071931,270937.94,144115.0093650025
Geo30,2021-08-02,0,0,0,0,-0.003340006,-2.8814464,0.0,0.0,0.0,0.0,0,0.0,9752104.0,0.020088602,270937.94,195906.135918608
Geo30,2021-08-09,384005,0,0,724320,0.3680367,-0.6913733,2815.8022,0.0,0.0,5644.51,0,0.0,4417765.5,0.02003255,270937.94,88499.108267025
Geo30,2021-08-16,375303,147366,0,781076,-1.7763474,0.9052092,2751.993,1420.7898,0.0,6086.8003,0,0.0,3329008.5,0.019950435,270937.94,66415.1676936975
Geo30,2021-08-23,552459,287172,0,651834,-0.26205537,-0.93916273,4051.029,2768.6917,0.0,5079.6387,0,0.0,9183257.0,0.019984258,270937.94,183520.57716830602
Geo30,2021-08-30,705354,481046,1019384,1422094,0.9393326,0.96810067,5172.1655,4637.876,7574.9653,11082.152,596744,1.9409138,4405448.5,0.019998968,270937.94,88104.423577148
Geo30,2021-09-06,150136,186257,0,995276,0.03357792,-1.5655049,1100.9058,1795.7468,0.0,7756.027,0,0.0,6960883.0,0.019975722,270937.94,139048.663682526
Geo30,2021-09-13,194085,468448,100828,1554446,1.8857965,0.053337365,1423.1716,4516.4155,749.24524,12113.55,0,0.0,4212749.0,0.020075398,270937.94,84572.612849102
Geo30,2021-09-20,96172,0,0,957921,1.2088493,-1.3922218,705.20264,0.0,0.0,7464.9253,289596,0.87608284,6242009.5,0.020151133,270937.94,125783.5636217635
Geo30,2021-09-27,48860,323309,537267,346069,0.24172816,0.15766759,358.27686,3117.097,3992.3904,2696.8606,0,0.11483547,4665051.5,0.020097962,270937.94,93758.027775043
Geo30,2021-10-04,709550,237864,683905,2130625,1.092757,1.7154812,5202.9336,2293.302,5082.0464,16603.621,100282,0.0,1313412.4,0.019925233,270937.94,26170.048095089198
Geo30,2021-10-11,645108,473156,0,1906245,0.8464493,0.5730431,4730.3984,4561.8066,0.0,14855.063,547390,1.4235227,4286238.0,0.020199094,270937.94,86578.124268372
Geo30,2021-10-18,533981,0,162176,966683,0.41297242,-0.830101,3915.5347,0.0,1205.1177,7533.2065,321069,0.7039466,6007742.5,0.02018372,270937.94,121258.5924521
Geo30,2021-10-25,564145,0,0,402272,-0.7148954,-0.70029545,4136.719,0.0,0.0,3134.8416,415320,0.0,6096866.5,0.019889764,270937.94,121265.235824506
Geo30,2021-11-01,1066045,221458,0,931225,-0.26807582,0.8968532,7817.013,2135.1277,0.0,7256.888,0,0.0,4435775.0,0.02000577,270937.94,88741.09442175
Geo30,2021-11-08,652317,281538,479105,1056849,1.7433655,2.230322,4783.26,2714.373,3560.193,8235.855,733433,0.023844391,1298010.8,0.019958131,270937.94,25905.869585814802
Geo30,2021-11-15,489432,798249,357001,1057031,0.42127445,0.88983166,3588.8691,7696.1035,2652.8474,8237.274,622059,0.6244514,5018650.5,0.019830437,270937.94,99522.0325652685
Geo30,2021-11-22,313487,595750,107736,1991029,0.23415476,1.9422721,2298.7134,5743.7637,800.57806,15515.771,590640,0.0,3822604.8,0.019953154,270937.94,76273.0222555392
Geo30,2021-11-29,260697,0,56197,1032369,0.75324404,0.30707747,1911.6189,0.0,417.59564,8045.087,426236,0.0,6052238.0,0.019906307,270937.94,120477.70766506602
Geo30,2021-12-06,517990,0,96779,1198440,2.0811274,-0.56839156,3798.2773,0.0,719.1574,9339.252,618384,0.0,3371795.0,0.01998893,270937.94,67398.57422935
Geo30,2021-12-13,676882,625649,525504,1636926,0.4791862,2.2150543,4963.3887,6032.027,3904.9805,12756.303,785586,1.74677,2736988.2,0.019858994,270937.94,54353.832241870805
Geo30,2021-12-20,417068,196873,0,890119,0.07260257,-0.34792662,3058.2441,1898.0981,0.0,6936.5557,424723,0.74566567,4994259.5,0.019923182,270937.94,99501.540973729
Geo30,2021-12-27,679873,0,0,629053,-1.5426142,-1.4911505,4985.3203,0.0,0.0,4902.1094,98497,2.768558,8998960.0,0.019929262,270937.94,179342.63156752
Geo30,2022-01-03,676235,684502,486809,1984508,2.592555,1.6615344,4958.644,6599.4424,3617.441,15464.954,1024116,0.0,4275682.5,0.020002553,270937.94,85524.5658174225
Geo30,2022-01-10,0,0,0,489655,-1.2619402,-0.30938214,0.0,0.0,0.0,3815.8032,351693,0.0,8889617.0,0.019959314,270937.94,177430.657042738
Geo30,2022-01-17,111376,0,1047359,1742575,3.2574158,0.406893,816.6894,0.0,7782.8457,13579.609,449485,0.99290514,3153271.5,0.02006139,270937.94,63259.009337384996
Geo30,2022-01-24,353256,485295,0,690965,0.07673544,-0.8417909,2590.3286,4678.8413,0.0,5384.58,298055,0.14935827,4555124.5,0.020095097,270937.94,91535.6686745765
Geo30,2022-01-31,179494,0,0,874884,0.052033164,-0.43261847,1316.1798,0.0,0.0,6817.8315,0,0.0,4892842.5,0.019994566,270937.94,97830.26229385499
Geo30,2022-02-07,269200,686061,0,272641,-0.5759122,-1.1369832,1973.9691,6614.473,0.0,2124.6477,0,0.52264595,6827230.5,0.019937396,270937.94,136117.198061778
Geo30,2022-02-14,268741,0,0,1350355,-1.0792327,1.0352638,1970.6034,0.0,0.0,10523.101,0,0.0,6770406.5,0.019897353,270937.94,134713.1680839945
Geo30,2022-02-21,528064,0,0,886459,0.3451866,-0.98124284,3872.147,0.0,0.0,6908.0337,0,0.0,6749713.5,0.019790346,270937.94,133579.165565871
Geo30,2022-02-28,233850,0,0,0,-1.7418566,-2.7028966,1714.7572,0.0,0.0,0.0,0,0.0,8958409.0,0.020079374,270937.94,179879.244755966
Geo30,2022-03-07,222851,0,0,79792,0.13200217,-2.0665703,1634.1046,0.0,0.0,621.80634,0,0.17877173,8655581.0,0.019949233,270937.94,172672.202119373
Geo30,2022-03-14,0,224046,0,569081,0.25425217,-1.6132983,0.0,2160.0793,0.0,4434.7573,239352,0.0,8622422.0,0.020157779,270937.94,173808.877120738
Geo30,2022-03-21,0,369858,0,1016348,0.65003985,0.44328192,0.0,3565.8865,0.0,7920.238,217193,0.0,2595833.5,0.020004235,270937.94,51927.66335487249
Geo30,2022-03-28,165082,0,0,378360,-2.3332615,-2.6045513,1210.5006,0.0,0.0,2948.499,1124243,2.6592815,10991095.0,0.019915367,270937.94,218891.690656865
Geo30,2022-04-04,874193,521550,0,654811,-2.329944,2.2343128,6410.215,5028.3843,0.0,5102.8374,664248,0.0,3501720.2,0.019895218,270937.94,69667.4867540036
Geo30,2022-04-11,641474,0,0,584097,0.79751354,-0.6902771,4703.751,0.0,0.0,4551.7744,324660,0.23930286,5116990.5,0.019948822,270937.94,102077.93266019101
Geo30,2022-04-18,184503,0,0,259672,-0.9709401,-0.9317045,1352.9094,0.0,0.0,2023.5825,0,0.0,7022205.5,0.019846005,270937.94,139362.7254640275
Geo30,2022-04-25,682974,19112,0,1263720,0.16416109,0.47642654,5008.0596,184.26321,0.0,9847.968,0,0.81329894,4971497.0,0.020095048,270937.94,99902.470846856
Geo30,2022-05-02,281252,189688,0,469291,-1.8474718,-0.5130095,2062.343,1828.8259,0.0,3657.11,104434,0.35674286,5073825.5,0.0199886,270937.94,101418.66838929999
Geo30,2022-05-09,0,396047,0,1142816,1.3758436,-1.4597561,0.0,3818.3809,0.0,8905.783,100611,0.21789622,2596925.0,0.02008159,270937.94,52150.38311075
Geo30,2022-05-16,435100,343020,0,830715,0.50904787,-1.3558798,3190.4678,3307.1353,0.0,6473.6294,239157,0.53093326,8548304.0,0.019886535,270937.94,169996.14668664002
Geo30,2022-05-23,123364,0,0,485343,-1.4053116,-1.6873615,904.59406,0.0,0.0,3782.2004,0,0.0,8740518.0,0.019843958,270937.94,173446.47209024397
Geo30,2022-05-30,0,0,0,396779,-1.9090776,-2.0331175,0.0,0.0,0.0,3092.0354,0,0.0,7359802.5,0.019990224,270937.94,147124.10057076
Geo30,2022-06-06,423779,0,0,261257,-1.4258003,-1.638103,3107.454,0.0,0.0,2035.9341,0,1.394789,8429491.0,0.020108039,270937.94,169500.53377814902
Geo30,2022-06-13,324877,107632,0,256934,-0.4951759,-0.1177035,2382.233,1037.7051,0.0,2002.2456,159705,0.0,3720744.5,0.020256389,270937.94,75368.8479616105
Geo30,2022-06-20,846321,628181,0,551081,-1.107903,0.22091106,6205.8374,6056.4385,0.0,4294.4863,269942,1.9204235,7259804.5,0.019956928,270937.94,144883.395700576
Geo30,2022-06-27,784633,50592,0,379715,-2.6788688,-1.8283231,5753.4966,487.7692,0.0,2959.0586,0,0.65641916,8016291.0,0.019978266,270937.94,160151.593931406
Geo30,2022-07-04,329031,99597,422162,1161507,0.85031277,0.072891,2412.6934,960.23773,3137.054,9051.439,266410,1.7577035,4673415.0,0.019804487,270937.94,92554.586613105
Geo30,2022-07-11,433594,20661,0,1405308,0.7171864,0.49508408,3179.4248,199.19748,0.0,10951.341,153474,0.47698545,3317447.8,0.019752199,270937.94,65526.8891177122
Geo30,2022-07-18,507761,258464,317885,667934,-0.59065557,0.8089202,3723.2708,2491.9111,2362.1794,5205.103,665213,0.8175696,4873350.0,0.020038273,270937.94,97653.51772455
Geo30,2022-07-25,365325,0,0,638114,-2.7519457,-0.60190004,2678.827,0.0,0.0,4972.7207,0,0.0,6848352.0,0.019894963,270937.94,136247.709650976
Geo30,2022-08-01,480804,429360,0,387029,-1.107541,-0.2075212,3525.6025,4139.559,0.0,3016.0552,6110,0.0,5343268.5,0.020073248,270937.94,107256.75373108799
Geo30,2022-08-08,419849,537710,0,728240,-0.036878064,1.1844814,3078.6365,5184.1865,0.0,5675.058,72496,0.0,3765834.5,0.020013947,270937.94,75369.21209377151
Geo30,2022-08-15,309996,0,0,331737,-1.4007821,-0.8419185,2273.1147,0.0,0.0,2585.1736,0,0.4540015,7564965.0,0.02014533,270937.94,152398.71636345
Geo30,2022-08-22,0,463023,0,479376,1.1147908,-0.39984077,0.0,4464.112,0.0,3735.7007,0,0.0,4668876.5,0.019961124,270937.94,93196.022757186
Geo30,2022-08-29,165154,0,0,726316,-0.7518673,0.13485897,1211.0284,0.0,0.0,5660.0645,389495,0.020294368,7529286.0,0.019958885,270937.94,150276.15340610998
Geo30,2022-09-05,905368,907682,0,1244684,-0.7285216,1.4366143,6638.813,8751.172,0.0,9699.624,623642,1.3133513,4923289.5,0.020002259,270937.94,98476.91171098051
Geo30,2022-09-12,0,0,0,808867,-0.6905442,-0.061614215,0.0,0.0,0.0,6303.3716,0,0.28938785,5315869.0,0.020020649,270937.94,106427.14737898101
Geo30,2022-09-19,364744,555927,91634,1280751,0.6780658,0.95082235,2674.5667,5359.821,680.9253,9980.688,169046,0.0,1657287.0,0.019925626,270937.94,33022.480936661996
Geo30,2022-09-26,761958,526969,528421,1495624,3.167521,-0.39960557,5587.227,5080.63,3926.6565,11655.159,68581,1.0548838,3197510.8,0.019930925,270937.94,63729.34794148999
Geo30,2022-10-03,639241,661900,291039,1217595,0.00810647,1.6843134,4687.3774,6381.531,2162.6887,9488.524,777377,1.5328796,4306322.5,0.019987263,270937.94,86071.60037031751
Geo30,2022-10-10,872548,378776,0,1051344,0.795341,0.24829829,6398.153,3651.867,0.0,8192.956,326367,1.6133243,2472100.5,0.020014018,270937.94,49476.663904809
Geo30,2022-10-17,187142,659248,70398,899250,0.032378674,-0.25331983,1372.2605,6355.9624,523.1222,7007.712,46332,0.0,6614126.5,0.01994566,270937.94,131923.11836599
Geo30,2022-10-24,839758,476876,0,1188632,-0.97963685,0.7032416,6157.713,4597.672,0.0,9262.82,418681,0.0,5148456.0,0.020132415,270937.94,103650.85280124
Geo30,2022-10-31,1051647,734175,1233053,1510130,1.7313311,1.687942,7711.4365,7078.351,9162.724,11768.202,1285987,2.2902088,1635022.9,0.019947048,270937.94,32613.880267399196
Geo30,2022-11-07,679179,346335,0,872516,0.27537572,0.1532287,4980.2314,3339.096,0.0,6799.378,235096,0.32171577,4981034.0,0.019873323,270937.94,98989.697555982
Geo30,2022-11-14,721690,341272,477492,1306427,1.6587349,1.0467353,5291.953,3290.2822,3548.207,10180.777,233338,0.0,3303284.0,0.019928321,270937.94,65828.90390616399
Geo30,2022-11-21,236997,550530,0,971919,-0.7786331,-1.2920601,1737.8334,5307.787,0.0,7574.0093,27554,1.2653749,6043677.5,0.019967029,270937.94,120674.2839091475
Geo30,2022-11-28,844108,199087,500505,1560401,0.44086766,1.1837349,6189.6104,1919.4438,3719.2148,12159.956,502348,0.0,4797525.0,0.02017726,270937.94,96800.90928149999
Geo30,2022-12-05,496730,93283,0,810693,-0.7950425,-0.57132286,3642.3835,899.363,0.0,6317.601,0,0.54316586,7838123.0,0.019929241,270937.94,156207.842254643
Geo30,2022-12-12,502518,0,0,252524,-0.7231891,-0.9918184,3684.8252,0.0,0.0,1967.8793,281805,0.64865625,9014252.0,0.020082865,270937.94,181032.00599198
Geo30,2022-12-19,702458,382015,197839,1401996,0.6884184,1.1494527,5150.93,3683.095,1470.1266,10925.531,0,0.0,4470579.5,0.019993434,270937.94,89382.23617500301
Geo30,2022-12-26,333835,557432,0,713475,0.66895306,-0.5183891,2447.9197,5374.331,0.0,5559.997,0,0.08825135,6832002.0,0.019986229,270937.94,136545.956500458
Geo30,2023-01-02,662249,0,0,284964,-0.12017071,-1.030206,4856.0884,0.0,0.0,2220.679,478283,0.29450822,5513602.0,0.019937957,270937.94,109929.95959111399
Geo30,2023-01-09,0,562050,0,1099253,0.15595882,-0.21853107,0.0,5418.854,0.0,8566.303,274551,1.378652,3673498.5,0.020015191,270937.94,73525.7741157135
Geo30,2023-01-16,434927,264854,0,447376,0.41407487,0.16898492,3189.1992,2553.5188,0.0,3486.3298,0,0.23491597,4249281.5,0.019948917,270937.94,84768.5639531355
Geo30,2023-01-23,0,22320,193638,1299552,1.1101236,-0.94301355,0.0,215.19228,1438.9094,10127.201,0,0.0,4834911.0,0.019970313,270937.94,96554.685997143
Geo30,2023-01-30,385373,92616,0,39849,-0.45817775,-1.064862,2825.8335,892.9323,0.0,310.5369,0,0.0,7823851.5,0.020058941,270937.94,156938.1756312615
Geo30,2023-02-06,465075,0,439,1838776,0.15183353,2.4473085,3410.2664,0.0,3.2621758,14329.288,927809,0.0,2443791.0,0.020031745,270937.94,48953.398145295
Geo30,2023-02-13,1091685,0,0,114552,-0.7159077,-0.3351602,8005.024,0.0,0.0,892.6854,0,0.7518481,5083184.5,0.019917188,270937.94,101242.741325186
Geo30,2023-02-20,526558,111113,190457,1447015,0.9186652,0.41259718,3861.104,1071.2661,1415.2716,11276.357,707689,0.3661613,4768980.0,0.019976519,270937.94,95267.61958062001
Geo30,2023-02-27,184923,0,0,0,-1.0429187,-1.9086263,1355.9891,0.0,0.0,0.0,0,0.0,8849986.0,0.019895595,270937.94,176075.73721167
Geo30,2023-03-06,533462,0,0,414687,-0.64009285,-0.61632574,3911.7292,0.0,0.0,3231.5898,226314,0.55617094,4523557.5,0.020247618,270937.94,91591.26426103499
Geo30,2023-03-13,75351,70094,0,210146,-0.97293603,-1.8854557,552.528,675.7925,0.0,1637.6343,0,0.0,7184088.5,0.020003226,270937.94,143704.94586950098
Geo30,2023-03-20,766076,366289,0,708668,-2.2076995,0.8307495,5617.423,3531.477,0.0,5522.5366,53842,0.0,6942151.0,0.020215657,270937.94,140340.14345820702
Geo30,2023-03-27,0,515422,0,708532,-0.48794603,-0.50126624,0.0,4969.303,0.0,5521.477,318485,0.0,7539486.0,0.020098401,270937.94,151531.61296188598
Geo30,2023-04-03,396959,0,0,345488,-3.3928678,0.27445275,2910.7905,0.0,0.0,2692.3328,0,0.0,7723478.0,0.020032713,270937.94,154722.218135814
Geo30,2023-04-10,0,473185,0,370054,-1.1912757,0.054250933,0.0,4562.086,0.0,2883.7717,281140,0.0,4568664.0,0.020086836,270937.94,91770.00450710401
Geo30,2023-04-17,899336,329050,0,940772,-0.56929535,-0.21704085,6594.582,3172.4473,0.0,7331.286,75994,0.0,5012800.5,0.020037321,270937.94,100443.0927274605
Geo30,2023-04-24,0,209627,0,30814,-0.26310033,-1.1078625,0.0,2021.0625,0.0,240.1286,0,0.0,7868681.0,0.019928142,270937.94,156808.192320702
Geo30,2023-05-01,1038523,0,0,1038377,0.579162,0.29364276,7615.2017,0.0,0.0,8091.9067,194105,0.0,6403315.0,0.020010607,270937.94,128134.219962205
Geo30,2023-05-08,122389,227798,0,650095,-0.9078066,-0.77124625,897.44464,2196.2532,0.0,5066.0864,0,0.0,7516675.5,0.020116141,270937.94,151206.5042092455
Geo30,2023-05-15,519501,0,0,0,-0.61161935,-2.9110174,3809.357,0.0,0.0,0.0,26932,1.6680175,8793465.0,0.020025257,270937.94,176091.396545505
Geo30,2023-05-22,300733,112075,0,710769,-1.6525458,-0.072562695,2205.1917,1080.541,0.0,5538.9097,155608,0.0,7558791.5,0.019963067,270937.94,150896.6611535305
Geo30,2023-05-29,0,0,0,271786,-0.5049914,-2.478866,0.0,0.0,0.0,2117.985,0,0.0,8266640.5,0.019963829,270937.94,165033.7973464745
Geo30,2023-06-05,542399,0,0,725543,-0.819129,0.1282838,3977.2617,0.0,0.0,5654.041,668962,1.3529816,7864454.5,0.020007178,270937.94,157345.541054401
Geo30,2023-06-12,161292,0,0,521448,0.27292037,-1.3461465,1182.7096,0.0,0.0,4063.561,0,0.0,7286503.5,0.019915378,270937.94,145113.471500823
Geo30,2023-06-19,92775,119782,0,457457,-1.3071678,-0.41092378,680.2934,1154.846,0.0,3564.8894,360826,0.0,6187144.0,0.020026486,270937.94,123906.752695984
Geo30,2023-06-26,365339,127485,295853,1013003,1.1852616,0.20325729,2678.9297,1229.1124,2198.4612,7894.171,0,0.0,2230906.8,0.019956132,270937.94,44520.2705804976
Geo30,2023-07-03,265008,0,178889,1047546,1.088658,0.05165714,1943.2302,0.0,1329.3107,8163.359,427172,0.08197409,3804856.2,0.020008618,270937.94,76129.9142507316
Geo30,2023-07-10,556488,0,0,350359,-0.015920967,-1.5910934,4080.5725,0.0,0.0,2730.2917,0,0.030282319,5386626.0,0.020140478,270937.94,108489.22244722799
Geo30,2023-07-17,134722,17751,0,900774,-0.590102,0.17594951,987.87915,171.1415,0.0,7019.588,167998,0.0,4736107.0,0.019914001,270937.94,94314.839534107
Geo30,2023-07-24,386354,0,0,691008,1.0199926,-0.4121577,2833.027,0.0,0.0,5384.915,227592,0.0,3322730.8,0.019899948,270937.94,66122.1701379984
Geo30,2023-07-31,230649,0,84274,613825,0.7181057,-0.9805983,1691.2853,0.0,626.23376,4783.4404,270672,0.0,4461098.5,0.019903375,270937.94,88790.9163574375
Geo30,2023-08-07,1047516,331909,0,1623738,0.67226434,0.5468193,7681.145,3200.0115,0.0,12653.531,917939,2.4434588,4867743.0,0.020120397,270937.94,97940.921653971
Geo30,2023-08-14,835645,830135,146634,1361882,-0.2367917,0.17651778,6127.5537,8003.5234,1089.6261,10612.929,710208,1.6598554,6422980.5,0.020050693,270937.94,128785.21015048651
Geo30,2023-08-21,286624,831528,35045,795237,1.4855,1.4095893,2101.7346,8016.954,260.41675,6197.155,116988,0.3795705,3722393.2,0.019911772,270937.94,74119.4446927504
Geo30,2023-08-28,115275,0,0,666430,-0.8361232,0.56925344,845.27966,0.0,0.0,5193.3823,227233,0.01301232,8555166.0,0.020187465,270937.94,172707.11419419
Geo30,2023-09-04,1241620,639575,836459,1635145,0.4850502,2.556922,9104.456,6166.2905,6215.6636,12742.424,446914,0.0,2858647.2,0.020228432,270937.94,57825.95049719041
Geo30,2023-09-11,324153,354127,602937,1341443,1.3202884,0.44411516,2376.9243,3414.2205,4480.3794,10453.651,859394,1.9806799,4474080.0,0.019905496,270937.94,89058.78154368
Geo30,2023-09-18,492676,200129,0,980550,-0.6153934,0.7065414,3612.6567,1929.49,0.0,7641.2695,121445,1.1931183,7065790.5,0.02010287,270937.94,142042.66786873498
Geo30,2023-09-25,864745,94082,64683,1290388,0.83666945,1.2919617,6340.9355,907.06635,480.65448,10055.788,476693,0.82881963,4086747.8,0.019995568,270937.94,81716.84353375039
Geo30,2023-10-02,917173,176641,255780,1323250,1.0647005,-0.14620417,6725.3755,1703.0367,1900.6819,10311.876,853426,2.2978847,6335704.5,0.020152504,270937.94,127680.31027906801
Geo30,2023-10-09,826783,0,806624,1668368,2.278014,-0.7459227,6062.571,0.0,5993.962,13001.326,212339,0.0,4784165.5,0.020094536,270937.94,96135.585869708
Geo30,2023-10-16,1356974,304306,321015,1101546,0.29658312,1.2658427,9950.315,2933.8845,2385.4382,8584.172,527564,0.21349901,1834313.0,0.020002287,270937.94,36690.455073831
Geo30,2023-10-23,851798,52829,576397,1055249,0.95226705,1.8541963,6245.999,509.33664,4283.1626,8223.387,631137,0.0,1406821.1,0.020042306,270937.94,28195.9389734566
Geo30,2023-10-30,129317,0,0,762283,-0.30250818,-0.47388154,948.2457,0.0,0.0,5940.35,332000,0.0,6894713.0,0.019863186,270937.94,136950.966735618
Geo30,2023-11-06,0,497087,370967,1391480,1.0545812,0.89107406,0.0,4792.531,2756.6277,10843.582,207699,1.0648831,2767832.0,0.01999761,270937.94,55350.024881519996
Geo30,2023-11-13,882121,329964,804918,1434735,-0.4804831,1.1772168,6468.349,3181.2593,5981.285,11180.661,501540,2.9980226,4850774.5,0.01991632,270937.94,96609.57718984001
Geo30,2023-11-20,31857,239125,0,1013974,0.9307921,0.67717195,233.59856,2305.4595,0.0,7901.7373,594426,0.58428305,6740705.5,0.019962499,270937.94,134561.3268030445
Geo30,2023-11-27,391777,490576,1104946,1364920,1.4196318,1.6642739,2872.7922,4729.757,8210.77,10636.604,425164,0.0,4779085.0,0.02006314,270937.94,95883.4514269
Geo30,2023-12-04,495017,906499,863979,1194455,-1.5073264,3.3268404,3629.8225,8739.767,6420.1626,9308.197,643588,0.0,4485994.0,0.019982444,270937.94,89641.123889336
Geo30,2023-12-11,599283,0,116359,875638,-1.3490536,-1.007018,4394.3765,0.0,864.6549,6823.7075,224421,1.7257309,11759379.0,0.019825494,270937.94,233135.49780822598
Geo30,2023-12-18,513266,548556,0,1225663,0.40311188,-1.1719646,3763.6375,5288.7554,0.0,9551.396,334008,0.60726285,8296896.0,0.020010086,270937.94,166021.602493056
Geo30,2023-12-25,190521,136603,0,1007630,0.9320321,0.9886273,1397.0377,1317.0211,0.0,7852.3,180559,0.0,1085627.0,0.019917766,270937.94,21623.264549282
Geo30,2024-01-01,0,422521,97563,778140,0.9874854,-0.5886358,0.0,4073.6228,724.9833,6063.921,567424,0.31759804,6036117.5,0.020017128,270937.94,120825.73662053999
Geo30,2024-01-08,675163,291745,0,390121,-0.34567547,-1.1344469,4950.7837,2812.781,0.0,3040.1506,377664,0.0,5529670.5,0.02003174,270937.94,110768.92174167
Geo30,2024-01-15,676967,0,206738,692494,-0.25419977,1.234793,4964.0117,0.0,1536.2545,5396.4956,300561,0.36478698,5018741.5,0.020010324,270937.94,100426.643487246
Geo31,2021-01-25,2582490,0,0,2751668,0.43494108,-1.8337789,18936.684,0.0,0.0,21443.31,0,0.66378236,19583072.0,0.019975666,873369.7,391184.905525952
Geo31,2021-02-01,3565607,1918435,1267434,3218428,0.4709648,1.7047229,26145.607,18496.076,9418.206,25080.695,664533,0.0,10213359.0,0.020166438,873369.7,205967.071045242
Geo31,2021-02-08,1218241,7260,474050,2491084,-1.2992558,1.201063,8933.024,69.995346,3522.6296,19412.62,56052,0.68090504,21872272.0,0.020078689,873369.7,439166.54721140803
Geo31,2021-02-15,307669,0,0,525080,-0.5439416,-2.3993394,2256.0515,0.0,0.0,4091.8647,24002,0.5364121,15237771.0,0.02001198,873369.7,304937.96849657997
Geo31,2021-02-22,2198598,2431049,0,1249075,0.39392942,-0.24280922,16121.71,23438.307,0.0,9733.842,0,0.0,7108542.5,0.02003896,873369.7,142447.79881580002
Geo31,2021-03-01,1640454,295979,0,3148636,-0.7313068,-0.75745296,12028.995,2853.602,0.0,24536.818,0,0.3326631,21717658.0,0.020161793,873369.7,437866.925040794
Geo31,2021-03-08,1891835,0,0,3861953,0.074136436,-0.23542981,13872.302,0.0,0.0,30095.584,760602,0.0,15991262.0,0.020041106,873369.7,320482.576815772
Geo31,2021-03-15,1064029,0,0,1014040,0.2808096,0.6172595,7802.23,0.0,0.0,7902.252,523893,0.0,12178626.0,0.019878037,873369.7,242087.178237162
Geo31,2021-03-22,1564717,2289296,0,3145477,0.17782241,-0.33444154,11473.637,22071.633,0.0,24512.2,3153924,0.0,10735430.0,0.019852838,873369.7,213128.75265034
Geo31,2021-03-29,3032134,1301873,0,1650582,-1.5448347,-0.18441044,22233.8,12551.659,0.0,12862.722,1100959,1.8683039,16568960.0,0.020016417,873369.7,331651.21261632
Geo31,2021-04-05,1253474,993508,0,3623766,-0.47258848,0.43882126,9191.378,9578.641,0.0,28239.43,248300,1.1180563,26412256.0,0.019871878,873369.7,524861.1289367679
Geo31,2021-04-12,0,1521651,0,1274613,-0.27001363,-2.0505788,0.0,14670.59,0.0,9932.856,0,0.0,20132278.0,0.02000939,873369.7,402834.60209041997
Geo31,2021-04-19,1953232,302437,0,1952747,-0.9029526,-1.3372886,14322.509,2915.8652,0.0,15217.446,0,1.1530136,20843162.0,0.02004615,873369.7,417825.15192629996
Geo31,2021-04-26,643981,1868560,0,1275574,1.050566,-2.4215677,4722.1343,18015.22,0.0,9940.345,0,0.0,14887696.0,0.019950686,873369.7,297019.748159456
Geo31,2021-05-03,160948,0,0,2867458,-1.7642531,-0.9104018,1180.1871,0.0,0.0,22345.643,0,0.0,17979002.0,0.019868698,873369.7,357219.36107939604
Geo31,2021-05-10,566692,681927,1309003,4216582,0.42081183,-0.06980054,4155.3955,6574.616,9727.102,32859.15,434020,0.9367321,19795890.0,0.01996152,873369.7,395156.0541528
Geo31,2021-05-17,962474,0,0,2859638,-1.1342897,0.18574838,7057.5557,0.0,0.0,22284.701,980063,0.0,10050070.0,0.019961394,873369.7,200613.40699758
Geo31,2021-05-24,2021096,628783,0,1220976,-2.1102,0.5298728,14820.137,6062.2427,0.0,9514.871,0,0.017170042,17506624.0,0.020069595,873369.7,351350.85349728
Geo31,2021-05-31,0,0,0,1403191,-1.5844586,-1.1252909,0.0,0.0,0.0,10934.844,0,0.0,15558307.0,0.020062482,873369.7,312138.254137974
Geo31,2021-06-07,716113,0,0,4444498,-0.75324863,1.0652514,5251.0586,0.0,0.0,34635.266,1578174,0.7534004,17518402.0,0.019744534,873369.7,345892.68391466804
Geo31,2021-06-14,1500292,306378,1276682,3537542,0.7448881,0.23869014,11001.226,2953.8613,9486.927,27567.5,273732,0.0,14182532.0,0.020203667,873369.7,286539.153744844
Geo31,2021-06-21,4288652,755307,1465409,4084148,-0.095454216,1.2150193,31447.498,7282.0894,10889.344,31827.113,1647673,1.8811222,18692504.0,0.020102987,873369.7,375775.164909448
Geo31,2021-06-28,3014821,1854627,0,2787707,-0.269823,0.7820227,22106.848,17880.889,0.0,21724.156,1847348,0.07323277,16118519.0,0.02018929,873369.7,325421.45446151
Geo31,2021-07-05,2095966,659885,0,2652820,-1.7421532,0.15074629,15369.138,6362.104,0.0,20673.004,2350452,2.012861,18292862.0,0.019991968,873369.7,365710.311732416
Geo31,2021-07-12,1135048,516898,0,2364154,-0.05812946,0.38456285,8322.992,4983.5337,0.0,18423.475,0,0.0,15225699.0,0.019875247,873369.7,302614.528372653
Geo31,2021-07-19,1325858,921950,0,1437846,0.74128425,-0.20613982,9722.15,8888.733,0.0,11204.905,1759290,0.0,12288989.0,0.020146772,873369.7,247583.459493508
Geo31,2021-07-26,715314,2303643,290278,3252336,2.835992,-0.93511844,5245.1997,22209.955,2157.034,25344.936,1626146,0.0,22400852.0,0.01989913,873369.7,445757.46605876
Geo31,2021-08-02,189961,1202183,994664,3080715,1.4388647,-0.88180506,1392.9314,11590.525,7391.273,24007.52,304817,0.0,19091882.0,0.020013323,873369.7,382092.001143886
Geo31,2021-08-09,2969982,0,0,5038041,0.52025026,1.0792768,21778.057,0.0,0.0,39260.65,855252,0.0,10403649.0,0.020183487,873369.7,209981.914344063
Geo31,2021-08-16,430206,0,0,0,-1.6057371,-2.02804,3154.5815,0.0,0.0,0.0,0,0.0,24824486.0,0.019953964,873369.7,495346.89996250405
Geo31,2021-08-23,1945932,2439658,274756,3392765,1.2800214,0.28897613,14268.981,23521.309,2041.6912,26439.275,1082386,0.0,12013130.0,0.019888593,873369.7,238924.25322609
Geo31,2021-08-30,2191688,2752851,2199664,7178174,1.9554064,1.782409,16071.041,26540.873,16345.537,55938.363,3180080,1.2232333,8917150.0,0.019938674,873369.7,177796.1468591
Geo31,2021-09-06,1766120,1324437,0,2650417,-0.9720924,0.15705585,12950.469,12769.204,0.0,20654.275,1682492,0.39089254,25874976.0,0.019970583,873369.7,516738.355831008
Geo31,2021-09-13,1127714,1522672,3557363,5146864,1.7029839,2.312766,8269.215,14680.433,26434.496,40108.69,639053,0.0,12129404.0,0.020044224,873369.7,243124.490762496
Geo31,2021-09-20,1673588,1736348,0,4274536,-1.4273546,1.2587621,12271.957,16740.533,0.0,33310.777,1196540,0.019640036,13101080.0,0.019932657,873369.7,261139.33396956
Geo31,2021-09-27,718828,1535625,751766,3877765,1.3353812,0.46284303,5270.9663,14805.316,5586.3164,30218.805,1228880,0.22554874,18545082.0,0.019966675,873369.7,370283.62514235
Geo31,2021-10-04,2992883,2191089,0,3344585,1.296632,0.70352685,21945.982,21124.797,0.0,26063.818,2794420,0.0,16865702.0,0.019876065,873369.7,335223.78922263
Geo31,2021-10-11,1244091,1958649,0,3944167,1.6561141,-1.1010181,9122.575,18883.787,0.0,30736.264,0,0.77638704,18296652.0,0.019952074,873369.7,365056.154656248
Geo31,2021-10-18,1570505,626408,0,766463,-1.7463756,-1.3946809,11516.078,6039.3447,0.0,5972.924,0,0.3181246,18809212.0,0.02000768,873369.7,376328.69474816
Geo31,2021-10-25,866205,720335,0,4393079,1.2769313,-0.95210654,6351.6416,6944.9165,0.0,34234.562,0,1.0572419,16407142.0,0.019973194,873369.7,327703.030151548
Geo31,2021-11-01,2097201,0,0,2196905,1.1536527,0.5117629,15378.194,0.0,0.0,17120.13,0,0.0,20597796.0,0.02013055,873369.7,414644.9622678
Geo31,2021-11-08,3751894,1761282,1049337,5734144,-0.20504749,1.940046,27511.6,16980.928,7797.544,44685.27,1767904,1.7795022,12855672.0,0.01993601,873369.7,256290.80554872
Geo31,2021-11-15,0,2120483,0,3516313,0.3787886,-0.47261548,0.0,20444.068,0.0,27402.066,0,0.21959716,16963734.0,0.020121772,873369.7,341340.387816648
Geo31,2021-11-22,2300625,2262038,0,3138678,-0.36023784,1.8940377,16869.846,21808.832,0.0,24459.217,614925,0.41656592,11922827.0,0.019998062,873369.7,238433.433561274
Geo31,2021-11-29,3804605,413334,964443,1443356,-0.29416522,1.6283292,27898.115,3985.0488,7166.703,11247.843,2993547,0.48743093,9920965.0,0.020006623,873369.7,198485.00655119502
Geo31,2021-12-06,139082,0,584970,1603695,1.2842381,0.3272434,1019.8498,0.0,4346.868,12497.339,419737,0.0,15044629.0,0.02013364,873369.7,302903.14421956
Geo31,2021-12-13,1785488,1953881,0,4885598,0.7675257,1.4599983,13092.489,18837.82,0.0,38072.684,1627028,0.3994915,16702729.0,0.01975888,873369.7,330027.21798352
Geo31,2021-12-20,767415,0,0,2480683,-2.1113474,0.9390411,5627.2417,0.0,0.0,19331.566,0,0.0,18553226.0,0.0200832,873369.7,372608.1484032
Geo31,2021-12-27,2261854,1684008,933938,3983352,0.18962422,0.862298,16585.549,16235.911,6940.0225,31041.627,0,0.0,19881766.0,0.019961203,873369.7,396863.967124498
Geo31,2022-01-03,2105623,3042232,0,3000271,-1.0691509,1.4135714,15439.95,29330.863,0.0,23380.635,2107661,0.99627614,13555078.0,0.019882955,873369.7,269515.00589549
Geo31,2022-01-10,1893745,0,0,6108,-2.0547757,-1.228037,13886.308,0.0,0.0,47.598667,0,0.39411044,16370131.0,0.019944133,873369.7,326488.069891423
Geo31,2022-01-17,1125715,0,0,1532051,0.46548086,-1.4857861,8254.557,0.0,0.0,11939.029,669791,0.0,17309034.0,0.020002782,873369.7,346228.833732588
Geo31,2022-01-24,252963,600713,0,2539538,-0.072833,-0.5521035,1854.9076,5791.613,0.0,19790.215,765012,0.0,19933568.0,0.020022208,873369.7,399114.044678144
Geo31,2022-01-31,0,0,0,0,0.37277645,-2.9576397,0.0,0.0,0.0,0.0,0,0.0,12976112.0,0.020049095,873369.7,260159.30221864
Geo31,2022-02-07,34975,389420,412835,4953732,1.1264596,1.1642818,256.46198,3754.4885,3067.7458,38603.645,747514,0.0,14805329.0,0.019935772,873369.7,295155.663328988
Geo31,2022-02-14,1054121,305076,0,53324,-1.7749271,-1.455744,7729.5776,2941.3083,0.0,415.54544,41316,0.30449763,18961132.0,0.019960457,873369.7,378472.859957324
Geo31,2022-02-21,1393905,1061333,3058976,5227359,1.9513651,0.83885103,10221.119,10232.557,22731.02,40735.977,2700674,1.0520924,16059825.0,0.020054115,873369.7,322065.57742987503
Geo31,2022-02-28,1370542,545369,0,2000906,-0.9277892,-1.1506661,10049.805,5258.029,0.0,15592.741,818235,0.0,17382816.0,0.020023441,873369.7,348063.790589856
Geo31,2022-03-07,2030281,151888,0,2166814,-1.866668,0.80977595,14887.488,1464.3873,0.0,16885.637,1350837,0.0,17082166.0,0.019769385,873369.7,337703.91628791
Geo31,2022-03-14,437534,0,0,0,-1.6031224,-2.2008033,3208.3157,0.0,0.0,0.0,0,0.0,29198618.0,0.019827373,873369.7,578931.890170514
Geo31,2022-03-21,1539522,931642,0,3228521,0.13951004,-0.50677824,11288.889,8982.176,0.0,25159.35,1355910,0.59504956,13609380.0,0.019941865,873369.7,271396.4186937
Geo31,2022-03-28,427566,409571,0,1538124,-1.171108,-0.5862654,3135.223,3948.7688,0.0,11986.355,2578385,0.0,16302322.0,0.02007713,873369.7,327303.83809586
Geo31,2022-04-04,2746226,0,0,617412,-2.0326183,0.12898192,20137.314,0.0,0.0,4811.393,0,0.35378152,5595800.0,0.020085812,873369.7,112396.1867896
Geo31,2022-04-11,2927311,893756,1297957,4328606,0.56583524,0.8461192,21465.162,8616.909,9645.02,33732.137,2593361,1.9696335,9025815.0,0.019940624,873369.7,179980.38320856
Geo31,2022-04-18,0,467356,0,402589,-2.1635642,-1.8629713,0.0,4505.8877,0.0,3137.3118,0,0.0,20024850.0,0.020018404,873369.7,400865.5373394
Geo31,2022-04-25,549612,0,0,1686729,-0.73324424,-2.2330148,4030.1528,0.0,0.0,13144.41,0,0.0,20694234.0,0.019932874,873369.7,412495.55884851597
Geo31,2022-05-02,0,0,0,3393773,0.7301624,-0.9724116,0.0,0.0,0.0,26447.133,0,0.0,22214502.0,0.020031296,873369.7,444985.265054592
Geo31,2022-05-09,856068,86591,0,436049,-0.911373,-1.4983442,6277.3096,834.8439,0.0,3398.0603,0,0.0,18719832.0,0.020070894,873369.7,375723.763769808
Geo31,2022-05-16,722899,949830,0,0,-2.6056256,0.001773089,5300.818,9157.531,0.0,0.0,238586,0.0,19456106.0,0.02021034,873369.7,393214.51733604
Geo31,2022-05-23,107762,1029505,0,1551396,0.09523831,-0.7805499,790.18896,9925.696,0.0,12089.782,0,0.0,11680428.0,0.020187179,873369.7,235794.890832612
Geo31,2022-05-30,1521982,1324928,0,3601996,-1.4821936,1.6848234,11160.273,12773.938,0.0,28069.78,1876833,0.0,10451887.0,0.01999815,873369.7,209018.40400905
Geo31,2022-06-06,455314,0,0,3382075,-0.67023623,-1.7585232,3338.6914,0.0,0.0,26355.97,503909,0.20094341,17320052.0,0.019799855,873369.7,342934.51819246
Geo31,2022-06-13,3193857,674368,0,2913492,-0.6353291,0.9321868,23419.67,6501.738,0.0,22704.379,1962821,0.0,17106198.0,0.019960474,873369.7,341447.82041785197
Geo31,2022-06-20,2189692,2451369,655436,1507752,-0.500285,-0.012080848,16056.405,23634.217,4870.4956,11749.671,1457704,1.5037408,18817628.0,0.019936277,873369.7,375153.44429095596
Geo31,2022-06-27,0,1582195,0,1798992,-0.5616641,-1.4469819,0.0,15254.308,0.0,14019.258,0,2.6601167,17952410.0,0.020140184,873369.7,361564.84064343997
Geo31,2022-07-04,0,1109583,0,2935064,1.2486937,-0.1570542,0.0,10697.747,0.0,22872.486,431235,0.15006286,17236588.0,0.020012682,873369.7,344950.354409016
Geo31,2022-07-11,2860193,0,0,3716700,-0.054091,0.27322033,20973.004,0.0,0.0,28963.65,2112293,0.7514725,21450020.0,0.020075025,873369.7,430609.6877505
Geo31,2022-07-18,1107264,217437,0,1678286,-1.5021434,0.19018856,8119.2607,2096.3606,0.0,13078.615,876935,0.043712854,19063776.0,0.019903952,873369.7,379444.482442752
Geo31,2022-07-25,1365334,579711,0,0,-1.6496731,-0.369904,10011.616,5589.128,0.0,0.0,438215,0.0,20333148.0,0.01987889,873369.7,404200.41244572
Geo31,2022-08-01,2640162,0,125769,4427076,-0.578115,1.6631618,19359.576,0.0,934.57996,34499.496,2561724,0.0,7070851.5,0.019908791,873369.7,140772.10470553648
Geo31,2022-08-08,3405009,0,0,4257267,0.037933495,0.6124628,24967.988,0.0,0.0,33176.203,1022517,2.7869165,18176160.0,0.019889476,873369.7,361514.29809215997
Geo31,2022-08-15,1083848,886981,0,374790,-1.4375743,-1.6549318,7947.5576,8551.589,0.0,2920.6787,0,1.5456753,21094572.0,0.019990623,873369.7,421693.636198356
Geo31,2022-08-22,1244946,2085709,0,1946680,0.2347992,-1.3126073,9128.844,20108.805,0.0,15170.167,0,0.0,16888428.0,0.020122433,873369.7,339836.26090532396
Geo31,2022-08-29,2311168,0,479169,2235578,0.15381378,0.8497939,16947.156,0.0,3560.6685,17421.502,1296877,0.12749791,14409034.0,0.020249479,873369.7,291775.43139328604
Geo31,2022-09-05,1377045,612411,67765,4497075,0.626847,0.17146665,10097.49,5904.396,503.55658,35044.99,1190189,0.0,11976493.0,0.019919086,873369.7,238560.79404539798
Geo31,2022-09-12,712325,478778,587975,4314923,0.17074427,2.8055465,5223.282,4616.0093,4369.198,33625.508,2436354,0.0,7610735.5,0.020131906,873369.7,153218.61167686302
Geo31,2022-09-19,1986502,1096178,3492908,2912616,2.2122772,0.9954562,14566.469,10568.506,25955.535,22697.553,1599398,0.0,13577316.0,0.0200922,873369.7,272798.1485352
Geo31,2022-09-26,1928962,478481,0,5092396,0.4056702,-0.15059203,14144.544,4613.146,0.0,39684.227,2464570,1.4632839,18479360.0,0.020122077,873369.7,371843.10483072
Geo31,2022-10-03,1354314,1588282,0,2846686,1.7988037,-0.2517798,9930.81,15312.995,0.0,22183.77,0,0.0,18862284.0,0.02000035,873369.7,377252.2817994
Geo31,2022-10-10,2512158,3241521,1238613,2407580,0.911461,1.3212881,18420.96,31252.254,9204.04,18761.887,0,0.7756972,15773174.0,0.020007564,873369.7,315582.78828813595
Geo31,2022-10-17,1018089,994531,3002143,3387164,2.4096508,0.7565347,7465.365,9588.504,22308.697,26395.629,1964422,0.6514245,17018662.0,0.020032583,873369.7,340927.75906394597
Geo31,2022-10-24,1471940,1616822,207787,4031668,0.9154696,-0.8203665,10793.328,15588.155,1544.0496,31418.146,0,1.4396448,23117098.0,0.020042691,873369.7,463328.85203071806
Geo31,2022-10-31,2330099,2806356,0,3137417,-0.5472216,-0.32144284,17085.97,27056.729,0.0,24449.39,1225449,0.79656595,21014578.0,0.020083394,873369.7,422044.049717732
Geo31,2022-11-07,2245247,1648923,0,4506952,1.1645846,0.6967649,16463.775,15897.648,0.0,35121.957,2119150,1.368807,20179680.0,0.019719547,873369.7,397934.14820496
Geo31,2022-11-14,1692788,234484,382192,3260216,0.7661372,0.062436223,12412.746,2260.7146,2840.0398,25406.344,1497261,0.0,20771810.0,0.020096123,873369.7,417432.84869263
Geo31,2022-11-21,4696564,968169,0,4283795,0.9307682,0.51628184,34438.605,9334.341,0.0,33382.934,2065921,0.0,17159220.0,0.019975489,873369.7,342763.81035857997
Geo31,2022-11-28,849414,2554694,0,5494350,1.375181,1.2587438,6228.5176,24630.396,0.0,42816.594,3503147,0.0,14459915.0,0.019865919,873369.7,287259.500136885
Geo31,2022-12-05,1423699,1117063,1341711,5344636,0.15836844,0.13662404,10439.591,10769.863,9970.153,41649.895,731188,0.7820121,20417190.0,0.01995856,873369.7,407497.7116464
Geo31,2022-12-12,0,630394,0,1178318,-0.2790562,-0.4852258,0.0,6077.7744,0.0,9182.444,501262,0.0,24500142.0,0.020058064,873369.7,491425.41624508804
Geo31,2022-12-19,1818486,356773,1317744,2359402,-0.10844426,0.7524533,13334.454,3439.731,9792.056,18386.443,0,0.0,14028324.0,0.020017058,873369.7,280805.77515079203
Geo31,2022-12-26,905958,0,0,153712,-0.800297,-3.0678995,6643.139,0.0,0.0,1197.8531,223324,0.96237206,19989208.0,0.019886205,873369.7,397509.48807564
Geo31,2023-01-02,2711409,2454970,2485023,2493050,1.2677512,1.752756,19882.012,23668.934,18466.018,19427.94,1386187,0.0,8964803.0,0.019989554,873369.7,179202.41366786198
Geo31,2023-01-09,1808698,1974090,2766730,5322296,2.2748928,0.8815661,13262.682,19032.658,20559.361,41475.805,1581564,1.096971,24439448.0,0.02011117,873369.7,491505.89343416004
Geo31,2023-01-16,480576,0,0,2525747,-3.0833623,0.63332427,3523.9307,0.0,0.0,19682.744,1680344,0.44912028,24670822.0,0.01988172,873369.7,490498.37517384
Geo31,2023-01-23,1485575,0,926326,3633092,1.3243175,-0.3031584,10893.31,0.0,6883.4585,28312.105,414142,0.6684656,8511436.0,0.020013483,873369.7,170343.479691588
Geo31,2023-01-30,521771,0,0,0,-0.22832501,0.16685018,3826.0022,0.0,0.0,0.0,0,0.0,19001526.0,0.020028532,873369.7,380572.671539832
Geo31,2023-02-06,891029,1208544,0,1790832,0.9166715,-1.2783566,6533.669,11651.853,0.0,13955.668,2639633,0.0,20681674.0,0.019933954,873369.7,412267.53815899603
Geo31,2023-02-13,2184134,366664,0,1262352,-0.7942728,1.7233166,16015.65,3535.0925,0.0,9837.308,817096,0.0,11532987.0,0.019774992,873369.7,228064.72566110402
Geo31,2023-02-20,2950058,2738661,957366,3604200,0.37200743,1.3042378,21631.957,26404.064,7114.1143,28086.955,1729814,1.0706383,22892004.0,0.020091036,873369.7,459924.07647614396
Geo31,2023-02-27,1635228,0,0,0,-1.7253661,-0.74306947,11990.674,0.0,0.0,0.0,0,0.9162795,21761316.0,0.02008851,873369.7,437152.41407916
Geo31,2023-03-06,2626708,0,0,3494874,-0.39352015,0.6952119,19260.922,0.0,0.0,27234.996,1737618,0.0,19126112.0,0.01999829,873369.7,382489.53434848
Geo31,2023-03-13,2631163,950118,0,3280200,-0.025268734,0.2348901,19293.59,9160.308,0.0,25562.076,1716748,0.0,19908354.0,0.020141913,873369.7,400992.33424120204
Geo31,2023-03-20,506588,0,0,0,-0.58344805,-3.026341,3714.6694,0.0,0.0,0.0,0,0.0,20067022.0,0.019930925,873369.7,399954.31045535
Geo31,2023-03-27,0,0,0,1620208,-0.7376932,-1.1731893,0.0,0.0,0.0,12626.022,0,0.0,17011272.0,0.020111468,873369.7,342121.652467296
Geo31,2023-04-03,820811,0,0,2824113,-0.09151626,-1.556853,6018.78,0.0,0.0,22007.861,0,0.0,17822822.0,0.019954387,873369.7,355643.487620114
Geo31,2023-04-10,0,0,0,1138561,-1.7958914,-0.15581134,0.0,0.0,0.0,8872.624,536911,0.0,11334810.0,0.019951114,873369.7,226142.08647833997
Geo31,2023-04-17,1884136,1194323,1603475,5756314,0.25926077,1.8266933,13815.848,11514.745,11915.302,44858.035,401154,0.47598767,12115794.0,0.019844843,873369.7,240436.02975034202
Geo31,2023-04-24,1024477,1022050,0,2045037,-1.1186482,-0.02551797,7512.206,9853.821,0.0,15936.647,1763912,0.0,13660224.0,0.020009635,873369.7,273336.09625824
Geo31,2023-05-01,54542,0,0,2582797,0.7570169,-1.2586098,399.94138,0.0,0.0,20127.326,0,0.61456734,18432928.0,0.019986494,873369.7,368409.604874432
Geo31,2023-05-08,1076998,1458160,0,2233761,-1.8931768,0.23575056,7897.328,14058.458,0.0,17407.344,695188,0.0,6793249.0,0.020047937,873369.7,136190.62797731298
Geo31,2023-05-15,762451,363618,0,3106923,-0.14228666,-1.3576081,5590.842,3505.7253,0.0,24211.756,0,1.179925,16334466.0,0.020010488,873369.7,326860.635879408
Geo31,2023-05-22,554852,664109,0,1944187,-0.9516462,-1.5076368,4068.576,6402.8286,0.0,15150.739,0,1.2160343,18096652.0,0.019814303,873369.7,358572.54601355596
Geo31,2023-05-29,1676122,0,0,870447,-3.3309407,-1.1441591,12290.539,0.0,0.0,6783.2544,0,0.17897063,21246728.0,0.019967405,873369.7,424242.02290084003
Geo31,2023-06-05,1465115,832092,0,2860342,-1.7687213,0.6642655,10743.283,8022.3916,0.0,22290.188,2018999,0.13445884,22275638.0,0.02014654,873369.7,448777.03199252003
Geo31,2023-06-12,2716259,0,2870811,3826008,0.5856265,1.3326765,19917.576,0.0,21332.78,29815.47,2304212,1.5849614,15990790.0,0.020041188,873369.7,320474.42865852005
Geo31,2023-06-19,2515192,0,0,962877,-2.296852,0.4340852,18443.205,0.0,0.0,7503.547,0,0.0,13441547.0,0.020003317,873369.7,268875.525611399
Geo31,2023-06-26,1414670,2573982,0,3935259,-1.4240465,0.6633384,10373.383,24816.355,0.0,30666.846,2754567,1.7849852,27720250.0,0.019872967,873369.7,550883.6134817499
Geo31,2023-07-03,857158,0,0,1483686,-0.09526944,-0.44089305,6285.3027,0.0,0.0,11562.128,0,0.0,16501523.0,0.020159394,873369.7,332660.70375706203
Geo31,2023-07-10,1311248,1669591,0,3003554,0.49074274,0.9369371,9615.019,16096.913,0.0,23406.219,627380,0.17716241,12682003.0,0.019916657,873369.7,252583.103823971
Geo31,2023-07-17,886381,1349929,0,1756867,-2.2590866,-0.7062462,6499.5864,13014.978,0.0,13690.984,0,0.0,27198442.0,0.02013152,873369.7,547545.97909184
Geo31,2023-07-24,1798899,164009,258209,1213457,0.07567861,0.16507868,13190.828,1581.2488,1918.7314,9456.277,0,0.0,14835527.0,0.019913694,873369.7,295430.14500673796
Geo31,2023-07-31,2782721,70115,0,2697725,0.103997216,0.7825663,20404.922,675.99493,0.0,21022.94,2398256,0.7449223,18626252.0,0.02001945,873369.7,372887.32060140005
Geo31,2023-08-07,2385667,507195,255995,4621312,0.8424269,0.1429644,17493.436,4889.9844,1902.2795,36013.15,655050,0.0,15035609.0,0.020104479,873369.7,302283.08539271104
Geo31,2023-08-14,3696477,953556,0,1936474,-1.559558,-0.2040737,27105.242,9193.454,0.0,15090.633,565433,2.3403034,28612486.0,0.019958131,873369.7,571051.743823666
Geo31,2023-08-21,1763272,644041,0,3282120,0.5367128,1.3419609,12929.585,6209.3486,0.0,25577.037,1432817,0.0,16102970.0,0.01989544,873369.7,320375.6734568
Geo31,2023-08-28,223166,1718467,0,2915359,-1.0863563,-1.5767214,1636.4146,16568.139,0.0,22718.928,1352148,0.0,15341200.0,0.02005658,873369.7,307692.00509600004
Geo31,2023-09-04,2112700,1591398,3233616,3992322,1.2961794,2.1899467,15491.844,15343.037,24028.756,31111.527,2646669,0.0,10472695.0,0.019853465,873369.7,207919.283638175
Geo31,2023-09-11,649501,1474587,0,3325529,0.884483,-0.88384914,4762.611,14216.835,0.0,25915.318,421712,0.0,31523720.0,0.02002152,873369.7,631152.7904544
Geo31,2023-09-18,31682,2261853,0,2581794,-2.7897673,0.27294707,232.31532,21807.049,0.0,20119.508,2073150,1.0340799,18485462.0,0.01991523,873369.7,368142.22738626
Geo31,2023-09-25,1087432,0,0,639065,-0.08962178,-1.7952893,7973.838,0.0,0.0,4980.1313,0,0.13012217,21269774.0,0.02003005,873369.7,426034.63670870004
Geo31,2023-10-02,2891084,2468243,2698948,3531061,0.11980432,0.9769412,21199.518,23796.902,20055.678,27516.996,1780898,2.033679,20011172.0,0.019778594,873369.7,395792.846452168
Geo31,2023-10-09,2310753,1508905,1914456,4903276,-0.51587117,1.283718,16944.111,14547.702,14226.178,38210.45,2010798,0.0,16975970.0,0.020017732,873369.7,339820.41790004
Geo31,2023-10-16,388652,532664,0,1314560,-1.630801,0.4450938,2849.8774,5135.537,0.0,10244.156,654845,0.0,20428378.0,0.020158943,873369.7,411814.507684454
Geo31,2023-10-23,1427410,754696,0,3541850,0.2549135,-0.04744035,10466.802,7276.199,0.0,27601.072,180860,1.7113659,19357338.0,0.019910594,873369.7,385416.097838772
Geo31,2023-10-30,1299272,0,0,2242063,-0.36886477,-1.3581995,9527.202,0.0,0.0,17472.04,605829,0.29398134,20747814.0,0.019899243,873369.7,412865.792504802
Geo31,2023-11-06,1577358,1744951,0,2206375,0.18270543,-1.477232,11566.33,16823.477,0.0,17193.928,0,2.463087,21945034.0,0.020052908,873369.7,440061.74785887206
Geo31,2023-11-13,2758598,1535802,0,4135198,-0.7740888,1.5383179,20228.035,14807.023,0.0,32224.938,1277224,1.2135892,7733641.5,0.01984961,873369.7,153509.767654815
Geo31,2023-11-20,310656,0,0,2409129,0.72877884,-0.35543334,2277.9546,0.0,0.0,18773.957,806953,0.12845963,20391932.0,0.020200565,873369.7,411928.54784158
Geo31,2023-11-27,0,8654,986904,3796310,1.8333207,-0.7612456,0.0,83.43522,7333.609,29584.037,0,0.0,11007520.0,0.01992888,873369.7,219367.5451776
Geo31,2023-12-04,3080922,2599627,2617250,3521599,0.2856678,0.95453596,22591.549,25063.605,19448.586,27443.26,0,0.79041,15419168.0,0.019830985,873369.7,305777.28932047996
Geo31,2023-12-11,2424060,0,0,2344168,0.0540891,-0.71059775,17774.96,0.0,0.0,18267.729,398666,1.3073919,18294406.0,0.01992511,873369.7,364518.05193466
Geo31,2023-12-18,2729680,1501762,0,3566063,-0.17645414,-0.3247896,20015.988,14478.835,0.0,27789.76,1432101,1.8039672,22228370.0,0.019903708,873369.7,442426.98579596
Geo31,2023-12-25,2158928,38873,9859,3297905,-0.7842823,0.5165361,15830.821,374.7836,73.26148,25700.049,2539553,0.31680122,23650470.0,0.019942591,873369.7,471651.65016777
Geo31,2024-01-01,1698907,549453,0,3651864,-0.84850806,-0.58556795,12457.615,5297.4033,0.0,28458.395,835176,1.1109537,21435124.0,0.020067135,873369.7,430141.52704974
Geo31,2024-01-08,1477889,2860219,0,1840184,-0.239486,-0.68158835,10836.951,27576.033,0.0,14340.26,955736,0.82135373,17800772.0,0.020063112,873369.7,357138.882322464
Geo31,2024-01-15,2599080,1008193,0,2799181,-0.5127523,0.976003,19058.334,9720.222,0.0,21813.572,2135705,0.0,12641807.0,0.019925615,873369.7,251895.779186305
Geo32,2021-01-25,0,0,59428,2956786,1.6354692,-1.2633772,0.0,0.0,441.60498,23041.762,125622,1.199259,11409712.0,0.019887801,714763.8,226914.081723312
Geo32,2021-02-01,1957224,915486,0,2879393,-0.41902,1.2670617,14351.782,8826.412,0.0,22438.65,2452507,0.0,7671467.0,0.0199172,714763.8,152794.1425324
Geo32,2021-02-08,311608,142839,221047,2455820,0.17413378,0.15919083,2284.9353,1377.1439,1642.5835,19137.814,0,0.1816861,10082925.0,0.02000568,714763.8,201715.77101400003
Geo32,2021-02-15,1889318,95753,0,2146704,-0.5868918,-0.813821,13853.846,923.1768,0.0,16728.922,297757,0.0,11106404.0,0.020075545,714763.8,222967.11329018002
Geo32,2021-02-22,1148930,1101160,0,2937768,0.73939943,-0.27469313,8424.786,10616.539,0.0,22893.559,0,0.67565876,14532191.0,0.019961094,714763.8,290078.430576954
Geo32,2021-03-01,1749422,219192,0,685325,-2.3046758,-1.0102887,12828.027,2113.2808,0.0,5340.6284,0,0.0,9391070.0,0.020071095,714763.8,188489.05812165
Geo32,2021-03-08,780669,0,0,2629059,-1.9823256,1.2960051,5724.4297,0.0,0.0,20487.838,1917854,0.0,14878601.0,0.020065175,714763.8,298541.732820175
Geo32,2021-03-15,1736966,1419809,0,3285228,0.22235239,1.520395,12736.691,13688.707,0.0,25601.258,541989,0.0,14046362.0,0.019894462,714763.8,279444.815047244
Geo32,2021-03-22,2411410,1338340,0,1805650,-0.38066667,-2.059312,17682.201,12903.246,0.0,14071.142,1843500,2.5657651,11181274.0,0.020067068,714763.8,224375.385684632
Geo32,2021-03-29,3468802,797400,2195032,2978187,-1.7863165,2.557988,25435.764,7687.918,16311.117,23208.535,2732887,2.5372577,14832273.0,0.019996474,714763.8,296593.161405402
Geo32,2021-04-05,1053004,689149,0,3640949,-0.5088092,0.20116505,7721.387,6644.245,0.0,28373.334,96671,0.0,15890426.0,0.0200953,714763.8,319322.8775978
Geo32,2021-04-12,0,1266997,0,1869885,-1.7804446,0.49663436,0.0,12215.411,0.0,14571.716,779874,0.0,7872661.0,0.020048805,714763.8,157837.445220105
Geo32,2021-04-19,1461578,599999,0,1524698,-0.8864393,-1.3841376,10717.347,5784.7295,0.0,11881.728,0,0.0,17176364.0,0.0201661,714763.8,346380.27406039997
Geo32,2021-04-26,1083334,485894,0,2051725,1.344816,-2.3495357,7943.7886,4684.6167,0.0,15988.766,0,0.0,10415548.0,0.020110706,714763.8,209464.023656888
Geo32,2021-05-03,33806,0,0,1956374,0.15765107,-1.19136,247.89003,0.0,0.0,15245.711,431939,0.0,16136957.0,0.020012597,714763.8,322942.417247329
Geo32,2021-05-10,78771,219760,16372,2530374,-0.98651737,-0.2950543,577.60596,2118.757,121.659096,19718.8,1460174,1.2238293,12037243.0,0.020018958,714763.8,240973.062052794
Geo32,2021-05-17,438331,1605865,1183430,2519746,1.1379278,-0.5335835,3214.1597,15482.516,8793.979,19635.979,0,0.0,9831956.0,0.019943366,714763.8,196082.297003896
Geo32,2021-05-24,0,0,0,40773,-1.583022,-2.5401216,0.0,0.0,0.0,317.7375,0,0.77251625,12247580.0,0.020078573,714763.8,245913.92910334
Geo32,2021-05-31,0,81213,0,1228939,-0.24065769,-1.6535686,0.0,782.9933,0.0,9576.926,0,0.0,8657430.0,0.0200263,714763.8,173376.290409
Geo32,2021-06-07,192943,0,658556,3222398,0.3263535,0.25742334,1414.7976,0.0,4893.68,25111.635,46513,0.0,9204978.0,0.01993787,714763.8,183527.65471686
Geo32,2021-06-14,1608292,523849,0,625693,-1.6161629,-0.47208416,11793.16,5050.5493,0.0,4875.9253,163543,0.0,20517232.0,0.020018209,714763.8,410718.238277488
Geo32,2021-06-21,1876715,1011011,0,564994,-0.47817793,-1.0035652,13761.432,9747.391,0.0,4402.908,0,0.0,4176404.0,0.020062547,714763.8,83789.301540988
Geo32,2021-06-28,653985,487215,0,3019312,1.9243174,-1.1135879,4795.491,4697.3525,0.0,23529.016,677127,0.0,5522122.0,0.019999504,714763.8,110439.701027488
Geo32,2021-07-05,2163973,1277668,943183,3964932,0.8310385,-0.9319546,15867.815,12318.293,7008.7217,30898.082,87015,0.7392356,9711254.0,0.019917518,714763.8,193424.07634757197
Geo32,2021-07-12,1771406,0,0,1046557,-0.61135495,-1.3927606,12989.23,0.0,0.0,8155.652,685996,2.0311475,12755103.0,0.02007014,714763.8,255996.70292442
Geo32,2021-07-19,226450,1541200,0,2633841,-1.8335313,1.4474779,1660.4951,14859.066,0.0,20525.102,1077715,0.0,9116667.0,0.020059897,714763.8,182879.401003299
Geo32,2021-07-26,936038,2059117,626997,3534996,-0.35996252,1.7447264,6863.7075,19852.424,4659.1675,27547.66,1451423,0.0,21218768.0,0.020282784,714763.8,430375.68809011206
Geo32,2021-08-02,210415,2429724,654462,2715775,1.9884882,-0.535154,1542.915,23425.531,4863.2573,21163.602,0,0.0,11781813.0,0.019969596,714763.8,235278.04575754798
Geo32,2021-08-09,2013927,528350,1712110,4892650,1.0923345,3.1517913,14767.569,5093.9443,12722.56,38127.64,2263707,0.0,18963732.0,0.019978466,714763.8,378866.274995112
Geo32,2021-08-16,519078,186729,411746,3611393,2.3600383,-0.06414433,3806.2554,1800.2975,3059.6536,28143.01,178210,0.0,11240526.0,0.019906113,714763.8,223755.18073543799
Geo32,2021-08-23,0,1427864,0,3483713,1.7844609,-0.968326,0.0,13766.367,0.0,27148.02,577103,0.8455434,13887271.0,0.020016827,714763.8,277979.10110911704
Geo32,2021-08-30,1239189,605113,0,3039502,-2.2029998,0.41653126,9086.63,5834.0347,0.0,23686.354,1947199,1.7142546,14825165.0,0.020109303,714763.8,298123.735009995
Geo32,2021-09-06,1391900,0,0,2575775,-0.289711,-1.930035,10206.417,0.0,0.0,20072.604,0,0.0,13497964.0,0.020014992,714763.8,270161.641476288
Geo32,2021-09-13,1850437,212953,712262,2428230,-0.14454985,0.37854043,13568.742,2053.1292,5292.765,18922.81,0,1.2811487,5032814.5,0.020026818,714763.8,100791.260019261
Geo32,2021-09-20,270127,0,0,2770520,-0.028269494,-1.6000352,1980.7665,0.0,0.0,21590.22,0,0.0,6495767.5,0.020262519,714763.8,131620.6123883325
Geo32,2021-09-27,1996510,2221516,0,730656,1.2945381,1.681659,14639.855,21418.15,0.0,5693.8857,2408336,0.0,14452169.0,0.020109981,714763.8,290632.843998789
Geo32,2021-10-04,1454000,335209,701420,2686932,1.3106991,1.1181854,10661.779,3231.8274,5212.199,20938.832,1549355,0.0,13961216.0,0.019940065,714763.8,278387.55451904
Geo32,2021-10-11,2351659,1359201,846180,4884163,2.6313286,-0.4693156,17244.064,13104.372,6287.8994,38061.504,2269630,2.8408399,13712630.0,0.020028776,714763.8,274647.19464088004
Geo32,2021-10-18,2912705,364897,1417725,3478064,0.11201313,0.9177482,21358.06,3518.0564,10535.007,27103.998,1213542,2.2253213,11849896.0,0.019858897,714763.8,235325.864124712
Geo32,2021-10-25,899076,877827,0,1213682,0.1583113,-0.07326895,6592.6753,8463.333,0.0,9458.03,497966,1.6168499,11566685.0,0.019796122,714763.8,228975.50739557
Geo32,2021-11-01,722612,0,0,4064315,0.028042927,-0.110416114,5298.7134,0.0,0.0,31672.559,381713,0.0,15162648.0,0.020050097,714763.8,304012.56317685597
Geo32,2021-11-08,900529,715112,1006449,2505171,0.5118285,1.3632205,6603.33,6894.5605,7478.8467,19522.398,1464616,0.021303803,19655718.0,0.020117417,714763.8,395422.275440406
Geo32,2021-11-15,1770904,1818986,727059,4830686,0.6486279,1.5275056,12985.549,17537.266,5402.7207,37644.766,230834,0.0670286,13753979.0,0.019984715,714763.8,274869.350430985
Geo32,2021-11-22,1657415,805630,604169,3260160,2.2316813,-0.18531227,12153.365,7767.2656,4489.534,25405.906,1403013,0.6074313,17427204.0,0.019958382,714763.8,347818.794623928
Geo32,2021-11-29,1068934,0,0,4457542,-0.10170382,1.5869712,7838.197,0.0,0.0,34736.91,764224,0.0,17792788.0,0.01994465,714763.8,354870.9291842
Geo32,2021-12-06,1993485,218310,407278,1694043,0.608484,-1.5516001,14617.674,2104.7773,3026.452,13201.407,309450,1.2414411,14599298.0,0.020039333,714763.8,292560.194188234
Geo32,2021-12-13,1442304,0,244090,4187084,0.1857405,2.1907487,10576.016,0.0,1813.8143,32629.277,1078060,0.34260064,15151644.0,0.019867431,714763.8,301024.24170656403
Geo32,2021-12-20,0,0,0,1708814,0.017126024,-0.9928449,0.0,0.0,0.0,13316.515,1132146,0.0,11614039.0,0.02000518,714763.8,232340.94072202002
Geo32,2021-12-27,1526881,937933,0,3827378,1.111489,-0.667044,11196.196,9042.829,0.0,29826.146,364479,1.7858243,11180282.0,0.02015666,714763.8,225357.14297811998
Geo32,2022-01-03,1463644,324061,842454,2114346,2.5016305,-0.71999115,10732.496,3124.3472,6260.212,16476.762,666547,0.0,9769647.0,0.020121757,714763.8,196582.46290977902
Geo32,2022-01-10,0,96757,0,447028,-0.9565683,-0.10314807,0.0,932.8566,0.0,3483.618,0,0.366503,9567528.0,0.020101862,714763.8,192325.12753713602
Geo32,2022-01-17,942969,0,0,2315804,-0.11049098,-0.14884624,6914.5303,0.0,0.0,18046.691,0,0.2632245,11006354.0,0.019980205,714763.8,219909.20922257
Geo32,2022-01-24,985968,828212,0,959309,-2.0332606,1.1739954,7229.8306,7984.9834,0.0,7475.742,694903,0.0,12943541.0,0.019935237,714763.8,258032.55745421702
Geo32,2022-01-31,1380486,0,0,1898786,0.57517284,-0.6901975,10122.722,0.0,0.0,14796.936,0,0.74262285,6050144.0,0.019965634,714763.8,120794.96075129599
Geo32,2022-02-07,714086,1199533,0,1675280,0.40741485,0.036408126,5236.195,11564.975,0.0,13055.19,628101,0.0,18773520.0,0.02006184,714763.8,376631.3544768
Geo32,2022-02-14,1628153,913418,0,3696002,-0.6504414,1.2427838,11938.795,8806.474,0.0,28802.354,1744328,0.0,17623552.0,0.020048153,714763.8,353319.666899456
Geo32,2022-02-21,504532,0,0,2479347,0.46929646,-0.35917532,3699.5935,0.0,0.0,19321.156,1031514,0.0,9248076.0,0.019892111,714763.8,183963.754328436
Geo32,2022-02-28,236748,764864,0,1112837,-1.3743019,0.12813973,1736.0074,7374.231,0.0,8672.161,1036054,0.0,15030588.0,0.019971732,714763.8,300186.87533841596
Geo32,2022-03-07,1568519,472385,0,1126958,0.5175981,-0.9862616,11501.516,4554.373,0.0,8782.204,0,0.11000663,18651234.0,0.01984886,714763.8,370205.73249324
Geo32,2022-03-14,1430119,979354,1790899,3685545,2.2219965,0.51329637,10486.667,9442.179,13308.035,28720.863,1057169,0.0,14098400.0,0.019981686,714763.8,281709.8019024
Geo32,2022-03-21,1073636,754422,0,0,-1.8058522,-0.046925753,7872.6753,7273.557,0.0,0.0,335516,0.0,15362108.0,0.02007261,714763.8,308357.60266188
Geo32,2022-03-28,281421,0,0,19805,-1.8114156,-3.210092,2063.5823,0.0,0.0,154.3372,0,0.21196659,18249004.0,0.02007948,714763.8,366430.51083792
Geo32,2022-04-04,2501802,909844,0,1306902,-0.470964,0.34007996,18345.021,8772.017,0.0,10184.479,0,0.0,12040755.0,0.019883797,714763.8,239415.928146735
Geo32,2022-04-11,2098094,0,0,262488,-0.7811147,0.6513806,15384.742,0.0,0.0,2045.5271,2006720,0.0,14527444.0,0.019779326,714763.8,287343.050822744
Geo32,2022-04-18,0,476264,0,1183416,-1.2026014,-1.5181172,0.0,4591.7715,0.0,9222.172,0,0.0,11051039.0,0.019960225,714763.8,220581.224923775
Geo32,2022-04-25,27673,965814,175200,2732118,-0.03033568,0.31704265,202.91846,9311.636,1301.898,21290.96,0,0.26062644,14082572.0,0.019839432,714763.8,279390.229579104
Geo32,2022-05-02,969861,0,1411757,3091806,0.17812115,1.0481472,7111.722,0.0,10490.66,24093.95,0,0.0,16686302.0,0.019857071,714763.8,331341.083541442
Geo32,2022-05-09,321098,1251545,130302,1474894,0.7263018,-0.24107975,2354.5227,12066.435,968.2643,11493.614,0,0.0,8428206.0,0.020078499,714763.8,169225.725742794
Geo32,2022-05-16,1662656,478395,0,1275726,-2.1149204,0.24767494,12191.796,4612.317,0.0,9941.529,55573,1.0277033,7819473.5,0.02008504,714763.8,157054.43802643998
Geo32,2022-05-23,85062,694173,0,1062505,1.1421831,-1.0387671,623.73615,6692.6826,0.0,8279.932,394671,0.0,8232968.5,0.02005174,714763.8,165085.34379018997
Geo32,2022-05-30,257638,361478,416656,2714695,0.02210252,1.0221982,1889.1881,3485.093,3096.1392,21155.186,311443,0.0,11219257.0,0.020112408,714763.8,225646.27424085597
Geo32,2022-06-06,1048010,267543,105589,2626114,-0.2508098,0.3156569,7684.767,2579.444,784.6239,20464.889,781900,0.87913406,5243662.0,0.020170184,714763.8,105765.627373808
Geo32,2022-06-13,2810127,474570,1250301,2784394,-1.0886443,2.7634091,20605.885,4575.4395,9290.892,21698.338,2175402,0.22648415,13790716.0,0.01994144,714763.8,275006.73567104
Geo32,2022-06-20,0,0,0,0,-0.93540883,-1.470705,0.0,0.0,0.0,0.0,0,0.058680758,13760929.0,0.019920941,714763.8,274130.654714189
Geo32,2022-06-27,1685561,1840531,0,1425577,-0.9847998,-0.44932583,12359.752,17744.986,0.0,11109.294,514600,0.43409434,8228421.5,0.019941283,714763.8,164085.2817747845
Geo32,2022-07-04,2827698,892629,1061617,3692406,-0.09290482,0.69156194,20734.727,8606.043,7888.7954,28774.33,707842,3.5322428,11712231.0,0.019960655,714763.8,233783.802271305
Geo32,2022-07-11,402499,191312,0,3851100,0.6258011,-0.4931986,2951.4138,1844.4833,0.0,30011.008,0,1.0331144,10633737.0,0.01993511,714763.8,211984.71680606998
Geo32,2022-07-18,1088198,61423,0,2393217,-1.0847969,-0.008000113,7979.4546,592.19336,0.0,18649.957,311566,0.76243496,2315991.8,0.0199032,714763.8,46095.647993759994
Geo32,2022-07-25,621659,0,0,1862304,-2.0837872,1.766263,4558.4536,0.0,0.0,14512.638,1270022,0.0,12466065.0,0.019985199,714763.8,249136.78977193497
Geo32,2022-08-01,1227900,272014,8117,3303924,0.30216295,1.4395553,9003.851,2622.55,60.31681,25746.951,129502,0.0,11535720.0,0.020106899,714763.8,231947.55693228001
Geo32,2022-08-08,1746953,0,0,692678,-0.76174664,-0.2752461,12809.923,0.0,0.0,5397.929,0,0.0,14777321.0,0.01993492,714763.8,294584.71194932
Geo32,2022-08-15,0,0,0,1711396,-0.53338957,-1.6591456,0.0,0.0,0.0,13336.636,0,0.17644335,8586519.0,0.019940022,714763.8,171215.37776341802
Geo32,2022-08-22,629265,1149890,943888,3187098,0.7805347,1.4920297,4614.226,11086.356,7013.9604,24836.547,2286985,0.648191,11088027.0,0.020116845,714763.8,223056.120514815
Geo32,2022-08-29,2487390,144009,828462,2723742,0.11080286,1.8272636,18239.342,1388.4241,6156.2383,21225.686,1852142,1.0964758,11913478.0,0.020237671,714763.8,241101.048229738
Geo32,2022-09-05,2198235,2297028,2295334,4036252,0.65389407,1.3106171,16119.049,22146.178,17056.453,31453.867,2141111,1.5859648,16929102.0,0.019905675,714763.8,336985.20245385
Geo32,2022-09-12,1178231,1127447,1621603,3499437,2.2423134,0.9257219,8639.642,10869.978,12050.009,27270.555,229775,0.0,11143991.0,0.020006998,714763.8,222957.80564901803
Geo32,2022-09-19,623882,0,0,3146476,0.26536208,0.2009803,4574.754,0.0,0.0,24519.986,0,0.0,11476702.0,0.020024719,714763.8,229817.732596738
Geo32,2022-09-26,3476039,445089,126612,3252620,-0.22679341,-0.8045242,25488.832,4291.206,940.8442,25347.148,0,0.98694223,10755219.0,0.020054216,714763.8,215687.484953304
Geo32,2022-10-03,204148,882491,581779,3602158,2.1519608,-0.15260512,1496.9607,8508.3,4323.156,28071.043,1261504,1.3228856,17030568.0,0.02002732,714763.8,341076.63511776004
Geo32,2022-10-10,0,731423,329565,3433517,0.52855957,1.0340475,0.0,7051.8184,2448.9724,26756.85,1537206,0.254247,16031592.0,0.020052938,714763.8,321480.520417296
Geo32,2022-10-17,970165,328076,76987,2766230,0.69449866,-0.94994783,7113.9517,3163.0566,572.08453,21556.79,646971,2.0556283,18968390.0,0.019768324,714763.8,374973.27927836
Geo32,2022-10-24,0,2209113,0,2000920,-0.16799015,-0.16191544,0.0,21298.57,0.0,15592.85,1245704,0.0,12087147.0,0.02004004,714763.8,242226.90936587998
Geo32,2022-10-31,1799108,2074723,0,2323738,-0.4412135,-0.4866985,13192.361,20002.885,0.0,18108.52,549535,1.1678636,13296733.0,0.020198233,714763.8,268570.511272789
Geo32,2022-11-07,564390,955384,0,3136821,0.19289911,0.9665358,4138.5156,9211.078,0.0,24444.746,953411,0.0,16760806.0,0.019980976,714763.8,334897.26242665603
Geo32,2022-11-14,460347,751837,0,2120184,0.3833118,-0.90777695,3375.597,7248.6343,0.0,16522.256,0,0.04868698,7173118.5,0.020086048,714763.8,144079.602500688
Geo32,2022-11-21,2472898,1368169,2142062,5200570,2.3987226,2.1126945,18133.076,13190.834,15917.501,40527.21,1435349,0.36854094,10957512.0,0.020127133,714763.8,220543.30137309598
Geo32,2022-11-28,918928,1312575,0,4417670,1.4077529,0.7418841,6738.2446,12654.839,0.0,34426.195,1276166,0.0,5959430.5,0.020118669,714763.8,119895.8096580045
Geo32,2022-12-05,1450356,1939164,824795,3614570,0.33278698,2.09956,10635.059,18695.93,6128.9893,28167.768,1470317,0.0,15355413.0,0.019848928,714763.8,304788.487047264
Geo32,2022-12-12,771737,1146092,0,2280538,-1.0901321,0.030317277,5658.934,11049.738,0.0,17771.867,1183246,2.215435,15275920.0,0.020179596,714763.8,308261.89412832004
Geo32,2022-12-19,0,814689,0,2055334,-1.3200102,-0.053584993,0.0,7854.6055,0.0,16016.89,0,1.2916901,15276964.0,0.020063259,714763.8,306505.685465676
Geo32,2022-12-26,0,35907,0,911162,0.057096034,0.36188793,0.0,346.18768,0.0,7100.54,200619,0.0,10188573.0,0.020009745,714763.8,203870.747643885
Geo32,2023-01-02,1665033,1148988,57159,2940491,0.7341291,0.4748664,12209.226,11077.659,424.74423,22914.777,683990,2.3314288,11555581.0,0.019936552,714763.8,230378.441496712
Geo32,2023-01-09,0,56708,0,1035033,-0.7269541,-0.395253,0.0,546.7349,0.0,8065.847,1185984,0.76585644,13264600.0,0.020110505,714763.8,266757.80462300003
Geo32,2023-01-16,201647,0,0,1660235,-1.8024974,-0.9404856,1478.6216,0.0,0.0,12937.947,597693,0.0,14791821.0,0.019920124,714763.8,294654.908505804
Geo32,2023-01-23,33988,0,0,1833621,-1.1083927,0.045164227,249.2246,0.0,0.0,14289.116,0,0.05764079,12596510.0,0.019889617,714763.8,250539.75943667
Geo32,2023-01-30,0,0,0,940996,-1.2018962,-0.23821764,0.0,0.0,0.0,7333.0317,0,0.0,8169206.0,0.020058496,714763.8,163861.985874176
Geo32,2023-02-06,0,199873,0,1959720,0.55456597,-0.42355007,0.0,1927.0219,0.0,15271.785,0,0.0,14621497.0,0.01991473,714763.8,291183.16495080997
Geo32,2023-02-13,2680728,0,0,1097367,-0.60023177,1.6824428,19657.035,0.0,0.0,8551.606,0,0.0,12003440.0,0.019851865,714763.8,238290.6704156
Geo32,2023-02-20,825781,121653,107756,2828177,-0.286544,0.27216733,6055.2236,1172.8848,800.7267,22039.531,719522,0.018811166,9891695.0,0.01994238,714763.8,197263.9405341
Geo32,2023-02-27,92958,207172,0,1059232,-2.9516692,1.3759232,681.63525,1997.3933,0.0,8254.426,439931,0.70400393,10217185.0,0.020092186,714763.8,205285.58141641002
Geo32,2023-03-06,994065,0,0,92734,-0.4511064,-1.3517264,7289.2036,0.0,0.0,722.66125,0,0.0,11920100.0,0.020017797,714763.8,238614.1420197
Geo32,2023-03-13,107979,0,0,649074,-0.5716675,-2.893194,791.78015,0.0,0.0,5058.13,0,0.0,14204749.0,0.019989833,714763.8,283950.56031691696
Geo32,2023-03-20,0,0,0,0,-2.5602212,-3.55904,0.0,0.0,0.0,0.0,0,0.0,11354420.0,0.020014428,714763.8,227252.22157176002
Geo32,2023-03-27,206096,0,0,2500468,-0.22454107,-1.0436442,1511.2449,0.0,0.0,19485.748,0,0.40232635,13906311.0,0.020115448,714763.8,279731.675792328
Geo32,2023-04-03,474183,0,0,2959237,-1.4812399,-0.77641845,3477.0527,0.0,0.0,23060.861,0,0.0,8460382.0,0.019901616,714763.8,168375.27377731202
Geo32,2023-04-10,1789243,3363626,8690,3903160,-0.95194805,0.91514355,13120.024,32429.498,64.57474,30416.703,2150814,1.2029563,16617000.0,0.01998707,714763.8,332125.14219
Geo32,2023-04-17,1592878,776135,0,1524856,-1.0962403,-1.9138498,11680.133,7482.897,0.0,11882.96,0,0.49872446,9571717.0,0.020047212,714763.8,191886.239903004
Geo32,2023-04-24,0,333460,0,990458,0.73623383,-1.0170197,0.0,3214.965,0.0,7718.481,0,0.0,13178466.0,0.02008798,714763.8,264728.76143868
Geo32,2023-05-01,491376,0,2457,1571170,1.3679363,-2.4146028,3603.1243,0.0,18.257782,12243.877,0,0.35870463,10088971.0,0.019878853,714763.8,200557.17143026297
Geo32,2023-05-08,673212,1347320,0,66795,-0.7367141,-1.3482397,4936.477,12989.824,0.0,520.52277,11159,0.73960465,14864469.0,0.019982778,714763.8,297033.384114882
Geo32,2023-05-15,1081845,1294722,0,1174402,-1.4631392,0.4759369,7932.87,12482.715,0.0,9151.927,0,0.0,14916575.0,0.020012338,714763.8,298515.54070235003
Geo32,2023-05-22,650704,0,0,2472969,-0.3624131,-0.56719637,4771.4326,0.0,0.0,19271.451,0,0.0,15083045.0,0.020016612,714763.8,301911.45954353997
Geo32,2023-05-29,1577135,0,0,1083904,-1.6964253,0.44401467,11564.694,0.0,0.0,8446.691,400268,1.4000823,14373963.0,0.02002235,714763.8,287800.51807305
Geo32,2023-06-05,2310652,769793,0,3502570,0.65058446,-0.90984404,16943.371,7421.7524,0.0,27294.97,1629165,2.2889228,14364093.0,0.019815993,714763.8,284638.766339349
Geo32,2023-06-12,1227987,0,0,1703731,0.36367035,-0.5747696,9004.489,0.0,0.0,13276.904,274844,0.0,12473204.0,0.01999879,714763.8,249448.98742316
Geo32,2023-06-19,1503082,0,0,491978,-3.1375809,-1.8220304,11021.684,0.0,0.0,3833.906,1165495,0.0,14680426.0,0.019840654,714763.8,291269.252838604
Geo32,2023-06-26,849304,1300610,1612390,1608048,2.2245245,0.6338147,6227.711,12539.482,11981.548,12531.262,1912113,0.0,7287018.0,0.019836698,714763.8,144550.375386564
Geo32,2023-07-03,593435,0,0,0,-0.437401,-1.0242954,4351.4946,0.0,0.0,0.0,891074,0.0,15014343.0,0.020091278,714763.8,301657.339200354
Geo32,2023-07-10,2328362,899054,0,1504180,-2.6893625,0.5813476,17073.234,8667.988,0.0,11721.835,0,1.3212935,16903648.0,0.01984302,714763.8,335419.42533696
Geo32,2023-07-17,630486,1089435,0,2379880,-1.4693319,1.4920883,4623.1797,10503.495,0.0,18546.025,0,0.0,20429158.0,0.020002272,714763.8,408629.57504697604
Geo32,2023-07-24,1361254,1433398,1633345,2989458,-0.046788115,1.2425895,9981.699,13819.722,12137.263,23296.37,2165755,0.84924847,17250872.0,0.019864094,714763.8,342672.942989968
Geo32,2023-07-31,1536767,0,821179,1665230,-0.5014261,2.199195,11268.687,0.0,6102.119,12976.872,1275090,0.0,13047416.0,0.020272251,714763.8,264500.49205341603
Geo32,2023-08-07,3081703,449651,161084,2753192,-0.3765084,-0.298828,22597.273,4335.1895,1197.003,21455.186,2517716,2.0535269,11817721.0,0.020009726,714763.8,236469.359154446
Geo32,2023-08-14,860446,0,241064,1062571,-0.026756406,-1.589459,6309.4126,0.0,1791.3284,8280.446,0,2.5132453,13050208.0,0.02004243,714763.8,261557.88032544
Geo32,2023-08-21,3803422,1347546,243541,2550068,0.6420821,1.1770349,27889.44,12992.003,1809.7347,19872.273,2433351,0.0,8821358.0,0.019999407,714763.8,176421.928934706
Geo32,2023-08-28,0,0,0,1580556,-1.3162309,-1.2870907,0.0,0.0,0.0,12317.021,699573,1.2079337,16838102.0,0.020224232,714763.8,340537.68128766405
Geo32,2023-09-04,646541,1610775,674056,3765281,0.44355574,1.0196176,4740.906,15529.855,5008.859,29342.234,1764092,0.0,11129118.0,0.020103028,714763.8,223728.970769304
Geo32,2023-09-11,2299339,1966968,797929,4402584,1.5906672,0.60549986,16860.416,18963.994,5929.35,34308.637,3020649,1.4897515,20334388.0,0.020044867,714763.8,407600.102986396
Geo32,2023-09-18,0,0,0,235248,-1.2355642,-3.555376,0.0,0.0,0.0,1833.2501,0,1.1089817,18330194.0,0.020149376,714763.8,369341.971058944
Geo32,2023-09-25,1348358,0,524866,3863432,1.2730747,0.27549273,9887.136,0.0,3900.2395,30107.11,412692,0.9035592,15278214.0,0.02011372,714763.8,307301.71849608
Geo32,2023-10-02,0,1239220,438341,2153608,-0.65363574,-0.24863529,0.0,11947.607,3257.2788,16782.725,538883,1.145869,11504415.0,0.020086939,714763.8,231088.48233568502
Geo32,2023-10-09,1690384,168285,393560,3316028,-0.86891866,0.48435193,12395.118,1622.4746,2924.5144,25841.277,967785,0.19283804,17496924.0,0.020011745,714763.8,350143.98137238
Geo32,2023-10-16,2025366,825438,0,2492430,0.69704205,-0.58082914,14851.448,7958.239,0.0,19423.11,0,0.0,17618004.0,0.020060422,714763.8,353424.59503768804
Geo32,2023-10-23,1373482,1822322,208208,1962475,0.27313483,-0.815613,10071.363,17569.428,1547.1779,15293.255,1380548,2.0229654,9726561.0,0.019835314,714763.8,192929.391575154
Geo32,2023-10-30,498295,177672,0,1968422,-2.1405401,0.004582077,3653.8591,1712.9769,0.0,15339.599,0,0.0,16914884.0,0.019910323,714763.8,336780.803947532
Geo32,2023-11-06,512302,1527996,817743,2075041,0.99216706,-0.21016178,3756.5688,14731.763,6076.5864,16170.464,1389399,0.7941186,10255337.0,0.020135492,714763.8,206496.25612080403
Geo32,2023-11-13,1483006,39228,0,3174638,-0.33433422,1.7539768,10874.472,378.2062,0.0,24739.447,1513775,0.0,14404504.0,0.019888217,714763.8,286479.901329368
Geo32,2023-11-20,448545,2067549,1949399,2748516,0.35544854,1.225208,3289.0562,19933.719,14485.837,21418.746,1334004,0.0,13826383.0,0.020043511,714763.8,277129.259750713
Geo32,2023-11-27,1560858,232798,1435908,2294822,0.91337323,-0.44248348,11445.34,2244.4595,10670.124,17883.182,673712,0.29179502,18913898.0,0.019939573,714763.8,377135.04988555395
Geo32,2023-12-04,1360470,792623,2599989,2749922,2.1869998,0.5074884,9975.95,7641.862,19320.322,21429.703,0,0.0,16467106.0,0.019961294,714763.8,328704.744195164
Geo32,2023-12-11,3160026,0,320681,4351314,-0.7923558,0.66176355,23171.596,0.0,2382.9563,33909.098,2526380,3.942986,12436202.0,0.020227198,714763.8,251549.52022199598
Geo32,2023-12-18,0,1042504,0,2737758,0.028426368,-1.9917672,0.0,10051.022,0.0,21334.912,506842,0.19906357,16265553.0,0.019936962,714763.8,324285.712069986
Geo32,2023-12-25,1225589,0,0,3086120,-0.06835446,0.4275242,8986.905,0.0,0.0,24049.64,250954,0.45169207,17658308.0,0.020176146,714763.8,356276.60032096796
Geo32,2024-01-01,0,142144,0,2462065,-0.2783559,-1.1128665,0.0,1370.4432,0.0,19186.48,508670,0.86155474,17104412.0,0.020063585,714763.8,343175.82403702
Geo32,2024-01-08,2043233,504554,0,2275141,0.004291713,-0.24577875,14982.462,4864.522,0.0,17729.81,0,0.0,10810230.0,0.019879345,714763.8,214900.29169935
Geo32,2024-01-15,1287793,0,172344,2005988,-0.54346275,0.65788525,9443.03,0.0,1280.6753,15632.344,2413066,0.0,7828727.0,0.019975904,714763.8,156385.898994208
Geo33,2021-01-25,1977187,1551438,0,2457592,0.4208689,1.0304468,14498.165,14957.773,0.0,19151.621,1472468,1.3651962,12332085.0,0.019955453,586798.4,246092.34260950502
Geo33,2021-02-01,1174965,15215,1338557,2375366,2.3333383,1.2795124,8615.693,146.69135,9946.716,18510.848,1535466,0.0,4878193.5,0.019916898,586798.4,97158.48236376299
Geo33,2021-02-08,1178450,1370000,0,743012,-0.6793286,-1.9411597,8641.248,13208.487,0.0,5790.174,0,0.0,15284632.0,0.01991188,586798.4,304345.75822816
Geo33,2021-02-15,2816621,0,0,1965717,-0.27161467,1.4483678,20653.502,0.0,0.0,15318.519,0,0.0,5163072.0,0.019907976,586798.4,102786.31346227201
Geo33,2021-02-22,1739574,978604,0,2964290,1.301153,-0.8912313,12755.815,9434.948,0.0,23100.24,0,1.2900302,9668785.0,0.020170577,586798.4,195024.972338945
Geo33,2021-03-01,380958,1226804,0,2408980,0.038643956,-0.1929732,2793.4595,11827.901,0.0,18772.797,83769,0.37353766,13818345.0,0.020068621,586798.4,277315.128652245
Geo33,2021-03-08,1030591,0,0,1952216,-0.6052768,0.3757215,7557.0386,0.0,0.0,15213.308,724849,0.0,12452574.0,0.019947,586798.4,248391.493578
Geo33,2021-03-15,0,1546836,626861,2318909,0.81892586,0.114189416,0.0,14913.404,4658.1567,18070.889,0,0.0,10617994.0,0.020076625,586798.4,213173.48379025
Geo33,2021-03-22,1478357,975846,0,2737353,0.13732105,-0.79569846,10840.383,9408.357,0.0,21331.756,1315624,1.8361174,11193083.0,0.019978456,586798.4,223620.51621984798
Geo33,2021-03-29,859266,0,0,772749,-0.55815274,-1.1091127,6300.7593,0.0,0.0,6021.9097,0,0.0,15893306.0,0.020073999,586798.4,319042.208750694
Geo33,2021-04-05,639186,96836,0,3332154,-0.1850875,-0.30124086,4686.974,933.6183,0.0,25966.943,477580,1.2138648,13372827.0,0.019937506,586798.4,266620.818549462
Geo33,2021-04-12,0,133710,224091,2117674,-0.31368327,-0.7811412,0.0,1289.1292,1665.2032,16502.695,0,0.0,13014340.0,0.0200081,586798.4,260392.21615400002
Geo33,2021-04-19,0,0,291865,2445412,1.1306758,-2.4042706,0.0,0.0,2168.8267,19056.705,0,0.17537673,14640065.0,0.019767009,586798.4,289390.296615585
Geo33,2021-04-26,1692733,450971,0,1294925,1.8724985,-1.3015921,12412.342,4347.916,0.0,10091.144,305308,0.37817788,17861288.0,0.019811826,586798.4,353864.72999188805
Geo33,2021-05-03,1002145,94355,0,1258000,-0.89850223,-1.0448501,7348.452,909.69836,0.0,9803.393,0,0.0,15593459.0,0.019798564,586798.4,308728.09599287604
Geo33,2021-05-10,1287111,565854,0,2396985,-0.037064582,-0.076284744,9438.029,5455.5293,0.0,18679.322,915318,1.3683238,11396008.0,0.019931361,586798.4,227137.94940688802
Geo33,2021-05-17,465335,1095990,0,0,-1.3092581,-0.16201037,3412.1729,10566.693,0.0,0.0,245661,0.0,8343516.0,0.020014148,586798.4,166988.36406436798
Geo33,2021-05-24,0,214820,0,1003032,-1.6660564,-1.5905946,0.0,2071.1294,0.0,7816.4683,0,0.0,16583223.0,0.019902984,586798.4,330055.622037432
Geo33,2021-05-31,1978825,0,0,1523837,-0.6862378,-0.52225053,14510.176,0.0,0.0,11875.019,154103,1.2076375,12802000.0,0.019989962,586798.4,255911.493524
Geo33,2021-06-07,551102,0,0,1838426,-1.554759,-0.26268545,4041.0786,0.0,0.0,14326.561,223108,0.18189508,13326149.0,0.020006541,586798.4,266610.146340609
Geo33,2021-06-14,720546,1385152,975843,3149037,1.2132003,1.5912967,5283.5645,13354.571,7251.4155,24539.943,1457880,0.0,10329101.0,0.020049654,586798.4,207094.901181054
Geo33,2021-06-21,1575582,1427226,371234,2299668,0.7135689,-0.39736193,11553.307,13760.216,2758.6118,17920.945,813275,0.28915906,14706920.0,0.020162327,586798.4,296525.73020284
Geo33,2021-06-28,0,822767,0,1527634,-0.24868375,0.16681707,0.0,7932.487,0.0,11904.608,1567458,0.0,11244492.0,0.019733476,586798.4,221892.913014192
Geo33,2021-07-05,1407576,854424,0,2530843,-1.3612587,0.4804259,10321.365,8237.699,0.0,19722.455,1164439,0.5360693,11558288.0,0.020092735,586798.4,232237.61783768
Geo33,2021-07-12,646218,0,0,600096,-1.4415275,-0.49197972,4738.5376,0.0,0.0,4676.4526,0,0.0,10720112.0,0.01978431,586798.4,212090.01904272
Geo33,2021-07-19,0,188167,0,1681893,-0.3488192,-1.9048584,0.0,1814.1616,0.0,13106.724,0,0.0,15897121.0,0.019916423,586798.4,316613.786318183
Geo33,2021-07-26,117138,1451232,929178,2211722,0.9820364,0.2033426,858.9405,13991.664,6904.6514,17235.596,1063913,0.0,10105736.0,0.020070082,586798.4,202822.95019035198
Geo33,2021-08-02,597999,0,825667,3128237,2.2900772,-0.9181941,4384.961,0.0,6135.469,24377.852,307552,0.0,12485260.0,0.019877266,586798.4,248172.83409916
Geo33,2021-08-09,2153541,309399,419196,4647174,1.3628609,1.1541111,15791.32,2982.9875,3115.0137,36214.684,0,0.5382514,9017208.0,0.020066451,586798.4,180943.362488808
Geo33,2021-08-16,961990,564013,0,2359690,0.1590831,-0.10877338,7054.0063,5437.78,0.0,18388.688,0,0.15432334,14319469.0,0.020136802,586798.4,288348.311998138
Geo33,2021-08-23,254278,1059721,0,788573,-0.58450353,-2.3967047,1864.5502,10217.016,0.0,6145.2236,0,1.0229228,15707647.0,0.019921351,586798.4,312917.549271097
Geo33,2021-08-30,2469974,1691278,0,3168624,0.4885719,0.8301103,18111.637,16306.003,0.0,24692.582,1467984,1.4429562,15785067.0,0.019891815,586798.4,313993.632526605
Geo33,2021-09-06,725229,287709,0,977222,0.93695194,-1.6137908,5317.9033,2773.869,0.0,7615.335,0,0.0,12122564.0,0.019882016,586798.4,241021.01140902398
Geo33,2021-09-13,265852,1619302,1241933,3473331,3.3137298,0.11884141,1949.4191,15612.066,9228.71,27067.113,0,0.0,13312753.0,0.020115566,586798.4,267793.561613198
Geo33,2021-09-20,700243,215575,0,1583511,-0.41772884,0.5838717,5134.688,2078.4084,0.0,12340.049,795271,0.6121931,10083990.0,0.019903777,586798.4,200709.48823023
Geo33,2021-09-27,131680,796780,0,709848,-1.5916303,-0.6010899,965.573,7681.9404,0.0,5531.732,605872,0.0,8770835.0,0.020016657,586798.4,175562.795798595
Geo33,2021-10-04,1589174,669585,559054,2556770,0.38043052,1.7342737,11652.973,6455.624,4154.288,19924.5,1567293,0.0,5879540.0,0.020126179,586798.4,118332.67447766001
Geo33,2021-10-11,222991,275264,0,2632797,-0.7834123,-0.42062908,1635.1312,2653.884,0.0,20516.969,216565,0.0,11928418.0,0.02012874,586798.4,240104.02453332
Geo33,2021-10-18,1406410,1462163,1755446,3719237,1.2593021,0.3035869,10312.815,14097.052,13044.587,28983.42,1639152,3.7326086,11863683.0,0.02001979,586798.4,237508.44228657
Geo33,2021-10-25,0,64306,0,1115731,1.8103213,-2.9029143,0.0,619.9891,0.0,8694.714,0,0.008030618,11188454.0,0.02007055,586798.4,224558.4254297
Geo33,2021-11-01,2768670,0,0,503140,-1.5602574,1.6567676,20301.89,0.0,0.0,3920.8896,292626,0.0,11931872.0,0.020105314,586798.4,239894.033167808
Geo33,2021-11-08,993440,1476832,408553,3317762,2.4894943,0.50010765,7284.6206,14238.479,3035.9265,25854.79,770570,0.0,8927090.0,0.020108925,586798.4,179514.18327824998
Geo33,2021-11-15,1243784,1840219,1854660,3198611,1.5617211,1.1084061,9120.324,17741.979,13781.838,24926.266,2733736,0.43527612,11675178.0,0.020082245,586798.4,234463.78501460998
Geo33,2021-11-22,2593386,1033836,2005332,4241437,0.5935088,2.0646386,19016.582,9967.452,14901.471,33052.844,1536122,1.3712349,9422597.0,0.020075396,586798.4,189162.36612341198
Geo33,2021-11-29,953802,531679,0,2663440,-0.029162437,0.3826797,6993.966,5126.0405,0.0,20755.764,481009,1.5419881,15602400.0,0.020080496,586798.4,313303.9307904
Geo33,2021-12-06,1310505,905905,10023,1003492,0.9367268,-0.43691584,9609.57,8734.04,74.480156,7820.053,0,0.63311183,12592984.0,0.019996434,586798.4,251814.773419056
Geo33,2021-12-13,2149796,673065,877619,3703438,-0.09375423,0.5619004,15763.859,6489.1753,6521.5205,28860.303,1579765,3.2834494,14701728.0,0.020252781,586798.4,297750.87750556803
Geo33,2021-12-20,394407,373985,0,2233885,-1.2529533,0.08445951,2892.0771,3605.676,0.0,17408.31,99318,0.061918482,9885899.0,0.019924426,586798.4,196970.863068974
Geo33,2021-12-27,1389497,237408,108793,1751336,-0.6817988,-0.22914168,10188.797,2288.9055,808.43256,13647.882,646,1.0819645,11144824.0,0.019970216,586798.4,222564.54256198398
Geo33,2022-01-03,177488,2065746,0,1737621,1.2723448,0.51131904,1301.4703,19916.336,0.0,13541.003,375610,0.0,14057541.0,0.019868739,586798.4,279305.613110799
Geo33,2022-01-10,1730970,442756,0,3563669,0.18614489,0.46597558,12692.724,4268.713,0.0,27771.104,1470166,0.0,12288486.0,0.019885521,586798.4,244362.946411206
Geo33,2022-01-17,500752,91910,58125,1805538,0.8443802,-0.38418806,3671.8757,886.12555,431.92245,14070.27,979090,0.0,9885864.0,0.019871878,586798.4,196450.683332592
Geo33,2022-01-24,1172992,584493,25945,1890140,-1.1046436,0.76955795,8601.226,5635.2324,192.79533,14729.56,510578,0.0,8505834.0,0.019896857,586798.4,169239.362763738
Geo33,2022-01-31,72555,1181835,0,2014950,-0.60480946,0.14278531,532.02576,11394.345,0.0,15702.184,0,0.0,13874023.0,0.020058353,586798.4,278290.050864119
Geo33,2022-02-07,101980,1031937,0,3039941,-0.5034514,0.7284028,747.79114,9949.144,0.0,23689.775,1321987,1.5433705,11835092.0,0.019982034,586798.4,236489.21073712799
Geo33,2022-02-14,897468,529904,0,1292607,-2.1121483,0.88974243,6580.8843,5108.927,0.0,10073.08,61155,0.0,10022271.0,0.020136302,586798.4,201811.47558184198
Geo33,2022-02-21,391100,908045,730610,2213448,0.21906799,1.2662106,2867.828,8754.672,5429.1074,17249.049,179067,0.0,14746652.0,0.019974574,586798.4,294558.091626248
Geo33,2022-02-28,1547012,0,0,1113826,-1.8193614,-0.50299877,11343.811,0.0,0.0,8679.868,0,0.0,5954106.0,0.019980974,586798.4,118968.83717924399
Geo33,2022-03-07,1076258,1125703,0,611999,-0.1277978,-1.0127151,7891.902,10853.163,0.0,4769.2104,153035,0.0,7335988.5,0.020248365,586798.4,148541.7727838025
Geo33,2022-03-14,2544769,1505145,1037311,2698680,1.1637124,0.36618447,18660.086,14511.451,7708.1797,21030.383,1412453,1.1044655,13348810.0,0.020066919,586798.4,267869.48901639
Geo33,2022-03-21,0,0,0,1393532,0.048529863,-1.6784929,0.0,0.0,0.0,10859.573,506837,0.0,18192558.0,0.019929623,586798.4,362570.822345634
Geo33,2022-03-28,486690,348678,0,1531270,-2.2810688,-0.47089726,3568.763,3361.6853,0.0,11932.943,1183913,0.3694296,10189111.0,0.020004848,586798.4,203831.61681012798
Geo33,2022-04-04,842179,609479,543717,1084248,0.7848797,-0.78961015,6175.4653,5876.128,4040.32,8449.372,151941,0.0,16579568.0,0.020015748,586798.4,331852.455036864
Geo33,2022-04-11,390526,0,0,601468,1.4947188,-1.9698429,2863.619,0.0,0.0,4687.144,420310,0.54995954,11760181.0,0.019942435,586798.4,234526.645180735
Geo33,2022-04-18,0,0,0,968432,0.10292256,-1.9624026,0.0,0.0,0.0,7546.836,0,0.0,11803312.0,0.019949295,586798.4,235467.75306504
Geo33,2022-04-25,1314587,568716,0,2381959,-0.42800987,-1.460484,9639.503,5483.1226,0.0,18562.227,0,1.322969,15786704.0,0.019899094,586798.4,314141.106846176
Geo33,2022-05-02,1389395,0,687009,2383092,-1.0455738,2.4345255,10188.049,0.0,5105.112,18571.057,1030193,0.0,11061920.0,0.02016648,586798.4,223079.9884416
Geo33,2022-05-09,0,0,0,774535,-1.5334655,-1.1326034,0.0,0.0,0.0,6035.8276,0,0.0,7899421.5,0.01986222,586798.4,156900.04770573
Geo33,2022-05-16,2308469,458497,1013669,2433172,-0.54233384,-0.7757342,16927.363,4420.4756,7532.4976,18961.322,0,2.2691555,12424721.0,0.019856222,586798.4,246708.01846406198
Geo33,2022-05-23,0,0,0,2415392,0.18326935,-0.42190337,0.0,0.0,0.0,18822.764,761749,0.0,10904516.0,0.0201931,586798.4,220195.98203959997
Geo33,2022-05-30,888134,941701,106079,1450067,-0.09004073,-0.101039805,6512.4404,9079.157,788.265,11300.141,282229,0.6353365,10095435.0,0.019891169,586798.4,200810.003713515
Geo33,2022-06-06,1291191,97215,0,473228,-1.6345412,0.004547894,9467.946,937.27234,0.0,3687.7903,724716,0.26510763,10063695.0,0.019846777,586798.4,199731.91046101498
Geo33,2022-06-13,2781896,2132930,1677185,3001121,0.7314336,1.0254431,20398.873,20564.072,12463.035,23387.258,2651578,2.915538,9651916.0,0.019894442,586798.4,192019.483050872
Geo33,2022-06-20,1234629,1348192,0,543797,-2.512703,-0.54127336,9053.193,12998.231,0.0,4237.7236,0,0.51663107,12364921.0,0.020085894,586798.4,248360.49252437399
Geo33,2022-06-27,932934,475624,0,0,-3.7703326,-0.752071,6840.9463,4585.601,0.0,0.0,431231,1.3558699,10252929.0,0.020141851,586798.4,206512.968231579
Geo33,2022-07-04,2067325,912375,0,2717316,1.5090302,0.6796173,15159.122,8796.419,0.0,21175.61,1085542,1.3260697,15397098.0,0.019976536,586798.4,307580.682492528
Geo33,2022-07-11,886159,1075882,0,2599156,-0.6062066,-0.18561128,6497.9585,10372.827,0.0,20254.809,466503,1.6460238,9377491.0,0.01995964,586798.4,187171.34446324
Geo33,2022-07-18,1108327,455659,1380503,2633845,0.35115027,0.48935133,8127.055,4393.114,10258.413,20525.135,271867,0.4972574,9128206.0,0.019848157,586798.4,181178.06581634202
Geo33,2022-07-25,611266,0,0,1379088,0.3634838,-0.30423158,4482.2446,0.0,0.0,10747.013,355053,0.0,15554590.0,0.020114243,586798.4,312868.80302537
Geo33,2022-08-01,1954342,198317,66783,1857707,-0.55188245,0.48390165,14330.649,1912.0201,496.25943,14476.814,504298,0.0,13159335.0,0.019985817,586798.4,263000.061151695
Geo33,2022-08-08,1406722,748657,0,1402034,-0.007376678,0.8543851,10315.103,7217.9756,0.0,10925.827,203072,0.0,11051632.0,0.019921582,586798.4,220165.993121824
Geo33,2022-08-15,1623174,0,0,2136348,-0.019820511,-0.03498459,11902.286,0.0,0.0,16648.219,1246885,0.72379243,11621542.0,0.020042863,586798.4,232928.974154746
Geo33,2022-08-22,288562,953615,0,1470251,-1.1969794,0.24101943,2115.9453,9194.023,0.0,11457.432,599404,1.2004719,12428625.0,0.0200908,586798.4,249701.01914999998
Geo33,2022-08-29,2355133,1255010,358945,2492883,0.6255003,1.6282216,17269.537,12099.842,2667.2932,19426.64,1834127,0.47625664,13466446.0,0.019951945,586798.4,268681.78993747
Geo33,2022-09-05,974217,920040,368473,2589328,0.3963046,0.5843731,7143.6636,8870.319,2738.095,20178.22,113237,0.97655284,9826117.0,0.019966261,586798.4,196190.81663853698
Geo33,2022-09-12,1092280,0,0,2915714,-1.5685647,1.2632699,8009.387,0.0,0.0,22721.693,294921,0.36618,9847833.0,0.020061832,586798.4,197565.57121005602
Geo33,2022-09-19,453337,941431,784158,3115854,0.88763255,2.1699924,3324.1948,9076.554,5827.019,24281.354,1030816,0.15576237,9412308.0,0.0199657,586798.4,187923.3178356
Geo33,2022-09-26,1333250,0,0,2831040,1.0037773,-0.64073884,9776.353,0.0,0.0,22061.844,378419,0.7620754,9213505.0,0.020059267,586798.4,184816.156800835
Geo33,2022-10-03,813538,2036589,2294784,3300899,2.7647207,0.5089504,5965.449,19635.227,17052.365,25723.38,1146506,0.7721586,11614101.0,0.020099683,586798.4,233439.748429983
Geo33,2022-10-10,448716,731661,2401512,3353487,3.91587,0.71118873,3290.3103,7054.113,17845.453,26133.19,1503958,0.94934535,14573625.0,0.020143528,586798.4,293564.22324900003
Geo33,2022-10-17,118842,660890,1678842,3906879,2.5731208,0.71075475,871.4355,6371.7935,12475.348,30445.684,825821,0.6553645,10878003.0,0.01996375,586798.4,217165.73239125
Geo33,2022-10-24,0,842358,0,978920,-1.3836229,-1.2697757,0.0,8121.3687,0.0,7628.5674,0,0.0,12779655.0,0.020002732,586798.4,255628.01401746
Geo33,2022-10-31,1567942,573707,0,1918679,0.2627054,0.7693113,11497.285,5531.242,0.0,14951.959,0,0.92172575,9569178.0,0.019971458,586798.4,191110.436521524
Geo33,2022-11-07,684347,1103736,2972033,4862399,3.4131005,1.854764,5018.127,10641.374,22084.951,37891.9,1374504,0.6271097,14641173.0,0.019999564,586798.4,292817.076448572
Geo33,2022-11-14,204517,288455,0,2101782,0.8170299,-0.74551547,1499.6665,2781.0615,0.0,16378.852,530249,0.58357227,13312572.0,0.019665156,586798.4,261793.805141232
Geo33,2022-11-21,1258968,426838,0,2738082,1.4732081,-1.1666644,9231.664,4115.244,0.0,21337.436,1550655,1.1732888,14395352.0,0.019956673,586798.4,287283.332583896
Geo33,2022-11-28,767460,0,0,2931756,0.5548267,0.47356904,5627.5713,0.0,0.0,22846.705,195042,0.0,12050652.0,0.019940576,586798.4,240296.942055552
Geo33,2022-12-05,1086936,2009144,503780,4379897,1.5710142,1.3045446,7970.201,19370.621,3743.551,34131.84,1054797,0.5787605,12361793.0,0.019954136,586798.4,246668.898725848
Geo33,2022-12-12,729429,1569341,0,1705120,-1.1370786,-0.77193534,5348.701,15130.38,0.0,13287.728,1443404,1.7206354,10206257.0,0.020010127,586798.4,204228.498764639
Geo33,2022-12-19,515516,39174,1566720,3251872,1.4823127,-0.46468803,3780.136,377.6856,11642.178,25341.32,661515,0.0,6207196.5,0.020202314,586798.4,125399.73275270099
Geo33,2022-12-26,806591,0,37248,2438812,1.5120018,0.07562399,5914.5083,0.0,276.78705,19005.271,1638794,0.0,12373348.0,0.019989127,586798.4,247332.42458719597
Geo33,2023-01-02,1178422,0,594306,1353356,1.1032012,-0.18588418,8641.042,0.0,4416.243,10546.487,1400128,0.6351777,11892388.0,0.020010533,586798.4,237973.022522804
Geo33,2023-01-09,472554,401523,0,1258938,0.53685015,-1.2789693,3465.1077,3871.1763,0.0,9810.703,271078,0.0,9396769.0,0.019899923,586798.4,186994.979548787
Geo33,2023-01-16,735722,365110,0,1511424,-1.1676477,0.15659294,5394.8457,3520.11,0.0,11778.286,431813,0.0,14568603.0,0.019928167,586798.4,290325.553540701
Geo33,2023-01-23,1230370,200442,195509,3136036,-0.16364256,0.057434738,9021.963,1932.5077,1452.8126,24438.629,636865,0.804966,6251213.5,0.019931132,586798.4,124593.761428682
Geo33,2023-01-30,615995,738575,669405,2943768,0.25304753,1.7059554,4516.921,7120.7725,4974.298,22940.314,807116,0.0,8231354.5,0.019929443,586798.4,164046.3103205435
Geo33,2023-02-06,875232,1228958,0,1861904,-1.9498658,2.234436,6417.834,11848.669,0.0,14509.521,1634180,0.0,2399053.2,0.019857086,586798.4,47638.205710975206
Geo33,2023-02-13,1274600,303230,0,0,-1.1358474,-2.0974581,9346.289,2923.5107,0.0,0.0,0,0.75230455,12382576.0,0.019986365,586798.4,247482.68357624
Geo33,2023-02-20,733806,574964,37419,1800029,-0.12792549,-0.530511,5380.796,5543.361,278.05774,14027.339,557868,1.3338158,8589560.0,0.0199741,586798.4,171568.730396
Geo33,2023-02-27,738117,462077,0,282325,-2.2223773,-0.6028266,5412.4077,4454.9917,0.0,2200.1138,105222,0.0,11172186.0,0.020046134,586798.4,223959.137628924
Geo33,2023-03-06,865136,0,0,906942,-2.2484703,0.6160157,6343.803,0.0,0.0,7067.6543,0,0.0,5144997.5,0.020086313,586798.4,103344.03016921751
Geo33,2023-03-13,741727,447392,0,1294871,0.9709989,-2.0904462,5438.8784,4313.41,0.0,10090.723,0,0.0,10073808.0,0.020026816,586798.4,201746.29923532798
Geo33,2023-03-20,0,0,0,0,-3.935061,-1.1504636,0.0,0.0,0.0,0.0,58216,0.0,7033486.0,0.020055046,586798.4,141056.885270356
Geo33,2023-03-27,140988,123581,0,2199910,-1.5556488,0.5476363,1033.826,1191.473,0.0,17143.549,0,0.0,8336036.0,0.020009436,586798.4,166799.378835696
Geo33,2023-04-03,992347,0,0,0,-3.5140724,-1.394064,7276.606,0.0,0.0,0.0,0,0.006307751,14662974.0,0.020069305,586798.4,294275.69741307
Geo33,2023-04-10,1041737,0,113248,1632579,-1.0208021,0.32486317,7638.769,0.0,841.5373,12722.428,0,2.2459924,8532368.0,0.020076966,586798.4,171304.062235488
Geo33,2023-04-17,688753,0,396695,3345228,0.6350204,0.09522766,5050.435,0.0,2947.8105,26068.828,0,0.15652595,6505286.0,0.019914294,586798.4,129548.177958084
Geo33,2023-04-24,1030318,1423912,0,2060616,-0.3431949,0.0459525,7555.0366,13728.265,0.0,16058.052,391862,0.0,9367224.0,0.01987764,586798.4,186198.30647135997
Geo33,2023-05-01,1139466,0,0,1975239,0.50917244,0.5016327,8355.389,0.0,0.0,15392.722,0,0.0,12282124.0,0.020099808,586798.4,246868.334232192
Geo33,2023-05-08,258088,369205,102477,1060433,-0.40898535,-0.5061841,1892.4879,3559.591,761.49884,8263.785,0,0.0,7158706.5,0.019978076,586798.4,143017.182518694
Geo33,2023-05-15,1747198,0,0,1199562,-1.639452,0.1853224,12811.719,0.0,0.0,9347.995,640511,0.0,13275980.0,0.020098958,586798.4,266833.36442884
Geo33,2023-05-22,1729618,157115,0,1781150,-2.0325582,0.5937657,12682.81,1514.7821,0.0,13880.218,164840,0.0,8891772.0,0.01999236,586798.4,177767.50686192
Geo33,2023-05-29,1412458,0,0,1224762,-0.89671004,0.7755574,10357.163,0.0,0.0,9544.375,0,0.8170202,6274973.5,0.01982725,586798.4,124415.468327875
Geo33,2023-06-05,1171659,622485,0,1932905,0.082625076,-1.4595802,8591.451,6001.522,0.0,15062.82,1063808,1.6527553,10297868.0,0.020009317,586798.4,206053.30523615598
Geo33,2023-06-12,1062088,0,0,17057,-1.9363302,-0.83925474,7787.9976,0.0,0.0,132.92249,0,0.5054086,5805058.5,0.02018397,586798.4,117169.12661224499
Geo33,2023-06-19,0,0,0,574792,-0.57483387,-1.2725096,0.0,0.0,0.0,4479.2627,0,0.0,9361302.0,0.02006262,586798.4,187812.24473124
Geo33,2023-06-26,1493194,0,1598537,1576138,0.8049344,-0.52647084,10949.178,0.0,11878.608,12282.592,495830,0.9833152,9440020.0,0.020085229,586798.4,189604.96346457998
Geo33,2023-07-03,92201,1213640,0,1313285,0.46443078,-0.6448938,676.0844,11700.984,0.0,10234.221,0,0.0,8154824.5,0.019980848,586798.4,162940.308801176
Geo33,2023-07-10,487914,0,0,1242858,-0.37574315,-1.1336212,3577.7383,0.0,0.0,9685.394,0,1.597983,11995658.0,0.019900097,586798.4,238714.757778826
Geo33,2023-07-17,54736,0,0,1415701,-1.873559,-0.14129779,401.36395,0.0,0.0,11032.332,0,0.13352174,12849457.0,0.01991078,586798.4,255842.71144646
Geo33,2023-07-24,828063,0,209200,1067956,-0.5503314,-1.2727268,6071.9565,0.0,1554.5493,8322.41,46437,1.3081205,16206804.0,0.019974757,586798.4,323726.971646628
Geo33,2023-07-31,0,0,0,433401,0.120764285,-1.4004631,0.0,0.0,0.0,3377.4248,0,0.57512623,11369323.0,0.019870704,586798.4,225916.452013392
Geo33,2023-08-07,1568980,882235,0,2388195,-0.17529213,0.47291434,11504.896,8505.832,0.0,18610.822,0,0.82451385,5796419.0,0.019879607,586798.4,115230.531727333
Geo33,2023-08-14,1815342,460888,0,1308623,-1.0383662,0.37374467,13311.4,4443.528,0.0,10197.89,511480,1.0296564,7072437.5,0.02008422,586798.4,142044.39068625
Geo33,2023-08-21,792057,330416,830868,2272710,-0.27463925,0.9708676,5807.9346,3185.6172,6174.1177,17710.865,0,0.0,10994708.0,0.019949513,586798.4,219339.07017720398
Geo33,2023-08-28,811034,636226,1507806,3775876,0.7989766,0.7810695,5947.088,6134.002,11204.392,29424.8,1021851,0.9374681,10064206.0,0.019970277,586798.4,200984.98160506203
Geo33,2023-09-04,762476,1342662,0,2497086,0.25641042,0.298374,5591.0254,12944.915,0.0,19459.393,43297,0.0,7903586.0,0.019970782,586798.4,157840.793024252
Geo33,2023-09-11,1017708,1936555,1868035,3676966,1.2202207,2.5363672,7462.571,18670.775,13881.227,28654.01,2006320,1.6064543,13384983.0,0.020106502,586798.4,269125.187459466
Geo33,2023-09-18,957833,474036,0,3211408,0.9955678,-0.466478,7023.524,4570.291,0.0,25025.99,0,0.0,8658113.0,0.01996658,586798.4,172872.90586354
Geo33,2023-09-25,804478,75851,805443,2508704,1.2655051,0.4125471,5899.0146,731.29706,5985.186,19549.93,0,0.6236668,8824836.0,0.019924138,586798.4,175827.25029136802
Geo33,2023-10-02,1447862,1746067,405417,1518004,0.3931653,1.2609595,10616.771,16834.236,3012.623,11829.563,1079121,0.0,15294176.0,0.019917686,586798.4,304624.595196736
Geo33,2023-10-09,1803864,328485,67139,3111559,-0.4268136,2.165383,13227.235,3167.0,498.90485,24247.883,1358033,0.48496494,9210616.0,0.020060832,586798.4,184772.620192512
Geo33,2023-10-16,1045607,0,0,1392704,-1.2581792,1.0973216,7667.1465,0.0,0.0,10853.12,1272560,0.40165132,12690603.0,0.020057553,586798.4,254542.442274459
Geo33,2023-10-23,584247,345442,56696,1578478,0.4872172,-1.1228502,4284.1216,3330.4863,421.30368,12300.827,0,0.38515356,11093193.0,0.019769412,586798.4,219305.902812516
Geo33,2023-10-30,1036611,384928,0,1414071,-1.3654428,0.2183899,7601.1816,3711.18,0.0,11019.63,151993,0.16779779,7082169.5,0.019999074,586798.4,141636.831911043
Geo33,2023-11-06,511942,1305686,0,2282176,0.24234876,-0.4590153,3753.929,12588.421,0.0,17784.635,1883211,0.9442568,11584508.0,0.0199149,586798.4,230704.3183692
Geo33,2023-11-13,675705,1029281,111748,2792997,0.69010234,1.4141054,4954.7573,9923.536,830.3909,21765.38,959638,0.0,10940787.0,0.01994133,586798.4,218173.84402671
Geo33,2023-11-20,310026,0,433086,2175950,2.039224,0.028541148,2273.3347,0.0,3218.2292,16956.832,392710,0.0,11085380.0,0.019949285,586798.4,221145.4049533
Geo33,2023-11-27,1470885,960537,508496,1690556,0.8509147,0.66213214,10785.592,9260.76,3778.5952,13174.233,896455,0.4758819,16129676.0,0.020039389,586798.4,323228.85180796403
Geo33,2023-12-04,614025,919999,740697,1941694,0.70432365,1.2264484,4502.4756,8869.923,5504.0635,15131.312,489375,0.2937802,10130535.0,0.019980054,586798.4,202408.63634889
Geo33,2023-12-11,1614203,0,604016,2938988,1.1912096,-0.041163713,11836.504,0.0,4488.397,22903.064,325908,1.3157895,12565156.0,0.0200655,586798.4,252126.137718
Geo33,2023-12-18,0,1122418,0,1517827,1.2730068,-0.6410909,0.0,10821.492,0.0,11828.184,796013,0.0,12154794.0,0.020070322,586798.4,243950.62942366803
Geo33,2023-12-25,988331,1038229,610973,2649496,-0.87438333,1.9326553,7247.1577,10009.806,4540.094,20647.1,1089110,0.5977452,11234992.0,0.019979496,586798.4,224469.47772403198
Geo33,2024-01-01,1356791,1041261,1062642,1298692,0.7527677,1.6211312,9948.973,10039.038,7896.4126,10120.5,1759726,0.24775709,10533310.0,0.019873245,586798.4,209331.05029095002
Geo33,2024-01-08,1713909,1216024,0,2593708,0.63595587,-0.57233244,12567.62,11723.969,0.0,20212.352,246305,0.0,8774013.0,0.01993791,586798.4,174935.48153283
Geo33,2024-01-15,290923,0,0,2123330,0.69086736,-0.65258557,2133.2578,0.0,0.0,16546.771,278967,0.0,11605136.0,0.019932702,586798.4,231321.717557472
Geo34,2021-01-25,2535992,193179,0,1226516,-1.3255715,0.9314225,18595.729,1862.4835,0.0,9558.044,1701820,0.0,10265534.0,0.020058183,607054.44,205907.959564722
Geo34,2021-02-01,464436,621309,0,148689,0.18626052,-0.1109857,3405.5806,5990.184,0.0,1158.7096,425990,0.0,8491282.0,0.02000215,607054.44,169843.8962563
Geo34,2021-02-08,595147,575605,717706,2533306,-1.8756195,0.44054493,4364.048,5549.541,5333.219,19741.65,894054,2.428491,12161596.0,0.019955145,607054.44,242686.41161142002
Geo34,2021-02-15,1161628,361209,0,1214652,1.6229843,-1.2581766,8517.897,3482.4995,0.0,9465.589,0,0.0,10752712.0,0.02001907,607054.44,215259.29421784
Geo34,2021-02-22,559445,167973,0,1815909,-0.12930308,-0.83252037,4102.2554,1619.4667,0.0,14151.089,78090,0.41716808,15509235.0,0.019915542,607054.44,308874.82103037
Geo34,2021-03-01,2023358,2049747,721488,2508156,0.42856252,-0.009787262,14836.724,19762.086,5361.323,19545.66,3170,1.4888464,12125346.0,0.020163378,607054.44,244487.93477878798
Geo34,2021-03-08,895454,0,783802,3210249,-1.3784326,0.492015,6566.1167,0.0,5824.3735,25016.957,595584,0.0,15386289.0,0.019986853,607054.44,307523.496458517
Geo34,2021-03-15,1780609,1367911,0,2478487,0.82670665,0.7338128,13056.713,13188.347,0.0,19314.453,891474,0.0,6157523.0,0.019977532,607054.44,123012.11277323599
Geo34,2021-03-22,50450,0,0,1930290,0.9574917,-1.3105354,369.93588,0.0,0.0,15042.442,0,0.01350987,11356520.0,0.020039694,607054.44,227581.18570488002
Geo34,2021-03-29,883638,1105677,353814,1643861,0.32358155,0.73806477,6479.473,10660.088,2629.165,12810.347,0,0.72413194,4905924.0,0.01998651,607054.44,98052.29908524
Geo34,2021-04-05,977551,570370,566483,2475827,0.62428796,0.64519525,7168.111,5499.069,4209.4927,19293.725,1125722,1.0992692,11810840.0,0.02013576,607054.44,237820.2396384
Geo34,2021-04-12,172268,0,484539,962644,0.18469298,-0.13719887,1263.1935,0.0,3600.5728,7501.731,711115,0.04221633,14990406.0,0.019909149,607054.44,298446.226624494
Geo34,2021-04-19,0,553176,0,1991868,0.06722653,-1.6897395,0.0,5333.298,0.0,15522.31,0,0.16846807,14980409.0,0.02008768,607054.44,300921.66226112
Geo34,2021-04-26,966402,0,0,1535208,-1.6995735,-0.8043201,7086.3584,0.0,0.0,11963.631,345371,0.0,12595428.0,0.02010296,607054.44,253205.38526687998
Geo34,2021-05-03,500790,0,281612,3289386,1.6597912,-0.25500908,3672.1545,0.0,2092.6375,25633.66,374183,0.0,4530640.0,0.019903708,607054.44,90176.53561312
Geo34,2021-05-10,855335,2216598,0,1992057,-0.64405304,-0.22653681,6271.9346,21370.734,0.0,15523.782,982964,0.389848,12786868.0,0.020088201,607054.44,256865.174544468
Geo34,2021-05-17,269946,168900,245922,2435396,0.49808913,-0.006042957,1979.4392,1628.404,1827.4277,18978.652,0,0.5864637,6530639.0,0.019936416,607054.44,130197.535849824
Geo34,2021-05-24,1227519,322964,99359,4078733,0.024461687,1.3729224,9001.057,3113.7708,738.3292,31784.916,702446,0.0,16389409.0,0.020026134,607054.44,328216.50081480603
Geo34,2021-05-31,2465165,450501,390336,1886986,-0.9573003,-0.37626368,18076.371,4343.3843,2900.5571,14704.981,447800,2.1475985,14631264.0,0.019993622,607054.44,292531.961798208
Geo34,2021-06-07,0,39948,636429,3170758,1.0388252,-0.7445924,0.0,385.14792,4729.256,24709.213,339608,0.0,17134796.0,0.020013705,607054.44,342930.75237918
Geo34,2021-06-14,108907,0,0,1504829,1.0228207,-2.900051,798.5849,0.0,0.0,11726.892,0,0.0,7924792.0,0.02015987,607054.44,159762.77649704
Geo34,2021-06-21,1382495,393972,0,0,-2.0527005,-1.0739949,10137.453,3798.3752,0.0,0.0,0,0.1518147,12777758.0,0.020071786,607054.44,256472.42413578802
Geo34,2021-06-28,472834,0,0,1416468,0.5723121,-1.6076488,3467.1606,0.0,0.0,11038.309,766489,0.5210395,14446995.0,0.020030959,607054.44,289387.16451820504
Geo34,2021-07-05,1320857,1198577,0,1454354,-0.21520668,-0.4727177,9685.479,11555.758,0.0,11333.549,452380,0.3194956,13375416.0,0.0200174,607054.44,267741.05223840004
Geo34,2021-07-12,138851,23606,0,1823294,0.31223768,-1.0336417,1018.15594,227.59091,0.0,14208.639,0,0.0,8598422.0,0.019878587,607054.44,170924.479789714
Geo34,2021-07-19,0,0,0,402544,-1.5083082,-1.2873045,0.0,0.0,0.0,3136.9612,0,0.0,12106093.0,0.019863576,607054.44,240470.298368568
Geo34,2021-07-26,526921,795938,0,222908,0.16200985,-0.6731552,3863.7659,7673.8223,0.0,1737.0865,0,0.0,12451044.0,0.01999613,607054.44,248972.69445972002
Geo34,2021-08-02,230692,1465662,0,1252493,-2.039815,0.3913055,1691.6006,14130.787,0.0,9760.478,830879,0.0,8464858.0,0.020084906,607054.44,170015.877233348
Geo34,2021-08-09,2132447,0,0,3236196,-1.3141204,-0.24385422,15636.643,0.0,0.0,25219.16,671043,1.0529639,15168069.0,0.02005281,607054.44,304162.40572389
Geo34,2021-08-16,377536,318492,0,3592774,1.4381329,-0.12739037,2768.367,3070.655,0.0,27997.914,1316915,0.0,11607245.0,0.020140287,607054.44,233773.245579315
Geo34,2021-08-23,1044940,1114065,0,3936576,1.172299,-0.018470585,7662.2554,10740.959,0.0,30677.107,1139953,0.3552508,11462885.0,0.0202096,607054.44,231660.320696
Geo34,2021-08-30,2016560,1506136,852232,4843538,1.0165929,2.1534882,14786.876,14521.006,6332.8716,37744.92,1784043,0.0,8890333.0,0.020071654,607054.44,178443.68792078202
Geo34,2021-09-06,261844,1022304,0,1763533,1.3908205,-1.3248609,1920.0295,9856.27,0.0,13742.931,343956,0.60495174,16186789.0,0.0201025,607054.44,325394.9258725
Geo34,2021-09-13,715865,680304,0,820563,0.7963634,-2.1183436,5249.24,6558.9683,0.0,6394.5166,0,1.686358,12219976.0,0.020025957,607054.44,244716.713917032
Geo34,2021-09-20,681067,605831,0,3771132,1.1399251,0.4050694,4994.076,5840.957,0.0,29387.83,1786507,1.3842343,17942626.0,0.019993028,607054.44,358727.42401152797
Geo34,2021-09-27,1095841,585736,284632,1573648,1.0635802,1.2184482,8035.4985,5647.2163,2115.079,12263.188,0,0.0,9596847.0,0.020103812,607054.44,192933.20788076398
Geo34,2021-10-04,2758790,0,662416,2857253,0.6546427,0.031437457,20229.443,0.0,4922.363,22266.115,1013671,0.0,11300455.0,0.020012598,607054.44,226151.46313209
Geo34,2021-10-11,2086469,2658040,0,3021932,0.50641525,-0.09645563,15299.5,25626.78,0.0,23549.434,452880,1.6381078,15296759.0,0.020027418,607054.44,306354.586538262
Geo34,2021-10-18,1525454,0,141224,2407393,0.29088193,-1.4111874,11185.732,0.0,1049.4249,18760.43,371044,2.8047583,16025952.0,0.019983007,607054.44,320246.710997664
Geo34,2021-10-25,0,52218,0,1348221,-0.33718354,-0.8126491,0.0,503.44583,0.0,10506.471,0,0.0,12358370.0,0.020041803,607054.44,247684.01694111
Geo34,2021-11-01,825985,0,0,2806983,-1.029165,0.68363523,6056.7197,0.0,0.0,21874.37,0,0.0,10261289.0,0.020016916,607054.44,205399.359964724
Geo34,2021-11-08,1643227,177197,0,2348775,-0.939107,1.0149364,12049.329,1708.3972,0.0,18303.629,1365102,1.9208016,10519908.0,0.019970365,607054.44,210086.40252642002
Geo34,2021-11-15,1036814,728570,0,2512381,-0.27505893,-0.5826695,7602.67,7024.312,0.0,19578.584,1174944,0.7567668,7436397.0,0.019942714,607054.44,148301.938561458
Geo34,2021-11-22,2100780,1953225,1248966,3506326,0.4413023,2.6111782,15404.438,18831.494,9280.972,27324.24,1046632,0.0,8334601.5,0.019901192,607054.44,165868.50469498802
Geo34,2021-11-29,834604,0,0,1627562,0.2464051,-2.2881615,6119.92,0.0,0.0,12683.331,0,0.0,8379846.0,0.019995132,607054.44,167556.126909672
Geo34,2021-12-06,330556,86083,0,1278300,0.21544099,-0.07600129,2423.8757,829.9461,0.0,9961.588,130132,0.03409314,12960654.0,0.019887712,607054.44,257757.75408364797
Geo34,2021-12-13,313382,2244411,0,3372878,0.7693956,1.3532033,2297.9436,21638.887,0.0,26284.3,1779346,0.011210799,7094234.5,0.019916272,607054.44,141290.70393378398
Geo34,2021-12-20,1812460,0,0,2463280,-1.4560995,-1.7382944,13290.267,0.0,0.0,19195.947,324940,0.7899227,15948589.0,0.01995592,607054.44,318268.76619687997
Geo34,2021-12-27,1325617,892653,603266,2241614,0.9381089,-0.30031842,9720.382,8606.274,4482.824,17468.54,940670,1.3048753,15609189.0,0.019875318,607054.44,310237.595097102
Geo34,2022-01-03,362902,505750,0,1928402,0.42917234,-0.6976717,2661.06,4876.053,0.0,15027.729,319736,0.13497445,15471513.0,0.019882554,607054.44,307613.192684202
Geo34,2022-01-10,2123692,2067482,0,1513754,-1.5076008,0.7092348,15572.445,19933.072,0.0,11796.443,1469249,2.1652958,14099813.0,0.019927198,607054.44,280969.765413974
Geo34,2022-01-17,773233,125708,0,1235415,0.2452628,-0.6347641,5669.9033,1211.9799,0.0,9627.392,342223,0.30315593,15187578.0,0.020235369,607054.44,307326.245046282
Geo34,2022-01-24,879408,1408987,0,465370,-1.2162745,-0.34061968,6448.4556,13584.37,0.0,3626.5542,101953,0.15641536,7777127.0,0.019987302,607054.44,155443.78604135397
Geo34,2022-01-31,0,467219,0,0,-1.6296476,-1.6544285,0.0,4504.5664,0.0,0.0,0,0.0,11928118.0,0.019925455,607054.44,237673.17844369
Geo34,2022-02-07,456387,8253,0,983446,-1.8405083,-1.1549436,3346.5596,79.569084,0.0,7663.838,673455,1.3887274,14742604.0,0.019807344,607054.44,292011.82888377603
Geo34,2022-02-14,2067822,1522570,0,2883041,0.55422604,0.019275486,15162.766,14679.45,0.0,22467.078,1332650,0.0,10269702.0,0.019920416,607054.44,204576.736036032
Geo34,2022-02-21,1348316,858455,1295827,3484165,1.2629013,0.59112203,9886.828,8276.563,9629.192,27151.543,1098886,1.333805,11495083.0,0.020025931,607054.44,230199.738997273
Geo34,2022-02-28,1932819,1066458,0,2455462,-1.3249854,2.4329758,14172.827,10281.969,0.0,19135.023,1488843,0.07851905,10756531.0,0.020173525,607054.44,216997.14704177502
Geo34,2022-03-07,302284,0,0,1038773,-0.6449481,-0.5995941,2216.565,0.0,0.0,8094.9927,0,0.0,12385120.0,0.01999912,607054.44,247691.50109439998
Geo34,2022-03-14,0,579748,0,1123838,-1.3655982,-0.43235403,0.0,5589.4844,0.0,8757.89,1046582,0.0,12717122.0,0.020104526,607054.44,255671.709894172
Geo34,2022-03-21,608125,0,0,1935898,-1.6225945,-0.1292897,4459.2124,0.0,0.0,15086.144,245951,0.0,13752057.0,0.020181369,607054.44,277535.336826033
Geo34,2022-03-28,0,0,0,822141,-1.6864034,-2.405885,0.0,0.0,0.0,6406.8135,0,0.5881557,14745269.0,0.02015245,607054.44,297153.29625904997
Geo34,2022-04-04,882211,244676,0,1035590,-1.1999335,0.6316016,6469.009,2358.978,0.0,8070.1875,1439838,0.22128683,10044260.0,0.01993379,607054.44,200220.1695454
Geo34,2022-04-11,1148216,244359,0,90473,0.37417048,-1.2849324,8419.55,2355.9216,0.0,705.0417,754079,0.0,11338989.0,0.019933632,607054.44,226027.233978048
Geo34,2022-04-18,0,459468,0,1369021,-1.6178293,-1.4009727,0.0,4429.8374,0.0,10668.562,82588,0.0,12394187.0,0.019895874,607054.44,246593.18288443802
Geo34,2022-04-25,0,1383924,0,1119005,-0.702412,-0.7544481,0.0,13342.732,0.0,8720.227,0,0.0,13049557.0,0.020093152,607054.44,262206.73233366397
Geo34,2022-05-02,744906,0,0,1156184,-0.8553428,-0.25418103,5462.1895,0.0,0.0,9009.957,0,0.0,8453043.0,0.01995387,607054.44,168670.92112641
Geo34,2022-05-09,2053787,1418876,1746950,4338464,1.4780544,1.5439744,15059.851,13679.712,12981.453,33808.957,2383020,1.6961236,9881213.0,0.020180007,607054.44,199402.947508491
Geo34,2022-05-16,659264,0,0,1538720,-2.2368946,0.86922765,4834.2007,0.0,0.0,11991.0,98952,0.43620706,12292848.0,0.019847086,607054.44,243977.211440928
Geo34,2022-05-23,0,0,0,290889,-2.3278325,-2.0849133,0.0,0.0,0.0,2266.8516,0,0.0,15597203.0,0.019904455,607054.44,310453.82523936505
Geo34,2022-05-30,1272635,1471270,1285009,2375726,-0.63407505,0.46887088,9331.88,14184.855,9548.805,18513.654,289349,1.0911572,12346739.0,0.02007972,607054.44,247919.06203307997
Geo34,2022-06-06,1012929,540480,0,2408520,0.20654869,-0.99618685,7427.528,5210.893,0.0,18769.213,0,0.95057034,12590476.0,0.020194666,607054.44,254260.457601016
Geo34,2022-06-13,2111924,550508,75514,2166167,-0.3420793,0.52586544,15486.154,5307.575,561.1388,16880.594,101388,0.14859599,9875405.0,0.019901104,607054.44,196531.46194712
Geo34,2022-06-20,259606,1213440,0,1797182,-0.76455176,1.2892132,1903.6189,11699.056,0.0,14005.153,954878,0.25327864,12382390.0,0.02002423,607054.44,247947.8253097
Geo34,2022-06-27,1073520,0,0,1333467,-1.1456587,-1.3350139,7871.825,0.0,0.0,10391.496,302932,1.3503721,15403852.0,0.020090709,607054.44,309474.30801106803
Geo34,2022-07-04,799762,683339,0,1017745,0.8101218,0.436952,5864.4336,6588.2295,0.0,7931.1245,0,0.0,8010463.0,0.019891763,607054.44,159342.231516269
Geo34,2022-07-11,366920,285509,0,1275177,-0.5741505,-0.52212703,2690.5227,2752.6582,0.0,9937.251,175864,1.0551219,6847396.0,0.019768031,607054.44,135359.53639727598
Geo34,2022-07-18,1456130,196088,423135,1026084,-0.024846911,0.31040996,10677.398,1890.5298,3144.2842,7996.109,943464,0.40991133,7454064.0,0.020037597,607054.44,149361.530444208
Geo34,2022-07-25,425448,0,0,426845,-2.921958,-0.3182603,3119.6924,0.0,0.0,3326.335,0,0.0,9628505.0,0.019921934,607054.44,191818.44112866998
Geo34,2022-08-01,317926,0,0,1858435,0.13871363,-0.40809643,2331.2632,0.0,0.0,14482.487,1464182,0.0,8305169.5,0.0198719,607054.44,165039.49778705
Geo34,2022-08-08,982663,25640,0,2336424,-0.43714368,0.9140008,7205.5957,247.20117,0.0,18207.38,987264,1.5277472,3077903.2,0.020062549,607054.44,61750.5837672568
Geo34,2022-08-15,1039773,774866,0,582296,-0.8141348,0.0757041,7624.3677,7470.6626,0.0,4537.74,732984,0.0,9972045.0,0.019994231,607054.44,199383.37127239502
Geo34,2022-08-22,1924270,1768195,984596,3063589,-0.04267125,2.279916,14110.139,17047.578,7316.4585,23874.06,0,0.0,11182040.0,0.020128446,607054.44,225077.08830984
Geo34,2022-08-29,1458915,671159,0,2218542,0.25451946,-0.6520891,10697.82,6470.7993,0.0,17288.744,409530,1.6666417,13795127.0,0.01998998,607054.44,275764.31282746
Geo34,2022-09-05,1674734,1212672,0,2628378,-1.1269256,0.5065745,12280.361,11691.652,0.0,20482.53,761668,1.2180126,12310144.0,0.019963713,607054.44,245756.181804672
Geo34,2022-09-12,1474694,807851,1051877,2595076,1.1726955,2.53733,10813.523,7788.6787,7816.4185,20223.014,2020187,0.11236453,13872154.0,0.020037951,607054.44,277969.542116454
Geo34,2022-09-19,0,440142,1322856,1802934,2.1905742,-0.5043491,0.0,4243.511,9830.043,14049.977,722065,0.3547247,11521414.0,0.019966945,607054.44,230047.43966023
Geo34,2022-09-26,2484585,826086,3317915,4485740,2.71702,3.2538981,18218.773,7964.4863,24655.176,34956.656,1873845,1.533725,6813304.0,0.019930653,607054.44,135793.597807512
Geo34,2022-10-03,1232509,863161,444537,2651407,0.38476813,0.83416474,9037.647,8321.935,3303.3208,20661.992,1430349,1.7166609,15054523.0,0.019890407,607054.44,299440.589660861
Geo34,2022-10-10,1313871,1449541,0,3649881,2.323814,-0.46992695,9634.252,13975.36,0.0,28442.94,1367652,1.7325824,15062974.0,0.02000014,607054.44,301261.58881636
Geo34,2022-10-17,379646,0,0,1759356,-0.45211124,-0.7996181,2783.839,0.0,0.0,13710.381,200079,1.2310796,14758400.0,0.019986128,607054.44,294963.27147519996
Geo34,2022-10-24,1052890,0,495888,2483775,-0.7444041,0.00019956,7720.551,0.0,3684.9062,19355.662,750685,1.9027897,13476027.0,0.020067127,607054.44,270425.145264429
Geo34,2022-10-31,2448673,775149,3227469,3177506,1.2261658,1.763969,17955.441,7473.391,23983.078,24761.799,1188699,1.8890083,14763256.0,0.019843556,607054.44,292955.49717833597
Geo34,2022-11-07,1019669,708145,0,2307831,-0.40767086,-0.52347326,7476.9507,6827.39,0.0,17984.559,0,0.0,12337911.0,0.019950546,607054.44,246148.060949406
Geo34,2022-11-14,593612,607307,0,4514661,2.4551573,-0.64956367,4352.7925,5855.1875,0.0,35182.03,0,0.0,11827009.0,0.019999905,607054.44,236539.056434145
Geo34,2022-11-21,2463119,1423551,1962551,4890541,2.064983,2.0752075,18061.37,13724.785,14583.568,38111.203,1589770,0.9197198,8911693.0,0.02001681,607054.44,178383.66555933
Geo34,2022-11-28,49852,1165641,0,2190752,0.72339666,-0.9813366,365.5509,11238.215,0.0,17072.18,597156,0.0,7097634.0,0.02007016,607054.44,142450.65000144
Geo34,2022-12-05,1567425,0,525535,2394377,1.1456443,0.5726844,11493.494,0.0,3905.2107,18658.998,126998,0.0,15184057.0,0.019949665,607054.44,302916.850490905
Geo34,2022-12-12,0,14498,0,1810830,0.34102088,-0.3938511,0.0,139.77858,0.0,14111.509,462659,1.0944848,13895302.0,0.019919058,607054.44,276781.326465516
Geo34,2022-12-19,714068,795547,650830,1578062,0.41785225,-0.6787065,5236.063,7670.053,4836.2686,12297.585,0,0.4846385,17791880.0,0.019927163,607054.44,354541.69283644
Geo34,2022-12-26,702836,325848,0,2028006,0.35226282,-0.10200916,5153.702,3141.576,0.0,15803.927,511805,0.5069207,10387610.0,0.019967001,607054.44,207409.41925761002
Geo34,2023-01-02,1681646,757294,2125006,3208579,2.8113039,-0.018096544,12331.045,7301.247,15790.759,25003.943,1004053,1.0644441,14482902.0,0.019863853,607054.44,287686.236341406
Geo34,2023-01-09,939543,1406488,268474,2630671,0.21602158,2.2020864,6889.4087,13560.276,1995.01,20500.4,2525878,0.19164798,10032547.0,0.020086227,607054.44,201516.01643016902
Geo34,2023-01-16,911552,1486126,0,1698689,-0.6188686,1.6553005,6684.1587,14328.085,0.0,13237.612,1596332,0.0,13200827.0,0.019855773,607054.44,262112.624324271
Geo34,2023-01-23,493415,0,320756,2277462,0.5225301,-0.2579317,3618.0754,0.0,2383.5134,17747.898,551304,0.9560109,11051413.0,0.019860191,607054.44,219483.17299988298
Geo34,2023-01-30,1195940,414349,453007,3201664,1.0934458,1.6662675,8769.497,3994.8347,3366.2607,24950.057,1706548,0.0,4810120.0,0.019979468,607054.44,96103.63861616
Geo34,2023-02-06,615572,934877,0,883522,-1.305925,-0.9880442,4513.819,9013.366,0.0,6885.146,658463,0.0,12039737.0,0.020173866,607054.44,242888.04091324197
Geo34,2023-02-13,1414602,0,0,809563,-1.1546793,-1.0271249,10372.885,0.0,0.0,6308.7954,0,1.0630456,16878524.0,0.02002056,607054.44,337917.50245344
Geo34,2023-02-20,1487946,1087690,278039,3526913,0.101333275,0.92696184,10910.696,10486.671,2066.0867,27484.67,750119,0.84889597,8504373.0,0.020064745,607054.44,170638.075629885
Geo34,2023-02-27,40218,490752,0,519931,-1.7766112,-0.14919335,294.90747,4731.4536,0.0,4051.7393,652642,0.0,8462225.0,0.020122316,607054.44,170279.5655131
Geo34,2023-03-06,1102986,0,0,1200288,1.2128068,-0.80085564,8087.891,0.0,0.0,9353.653,0,0.0,12325924.0,0.020007124,607054.44,246606.289882576
Geo34,2023-03-13,601958,1624100,0,1721790,-1.1542238,-0.51506674,4413.9917,15658.324,0.0,13417.635,0,0.0,11393603.0,0.020169353,607054.44,229801.600848859
Geo34,2023-03-20,431014,0,0,0,-2.3751287,-1.3758432,3160.5063,0.0,0.0,0.0,194153,0.0,10831931.0,0.020022016,607054.44,216877.095792896
Geo34,2023-03-27,104583,5509,0,1897968,-3.0759497,0.36724624,766.8782,53.113544,0.0,14790.562,115465,0.0,13161764.0,0.02012135,607054.44,264832.4600614
Geo34,2023-04-03,1940392,1878285,0,2949462,0.74881554,0.22962385,14228.357,18108.98,0.0,22984.686,262544,0.51821584,12118574.0,0.02010955,607054.44,243699.0697817
Geo34,2023-04-10,2468665,1420419,0,2189986,-0.4075199,0.58493775,18102.035,13694.588,0.0,17066.213,1517781,1.7747824,11766905.0,0.020101676,607054.44,236534.51183278
Geo34,2023-04-17,941289,134798,0,1698929,-0.17721426,-1.13,6902.2114,1299.6188,0.0,13239.483,0,0.10253222,7603319.5,0.01997926,607054.44,151908.69715356998
Geo34,2023-04-24,610453,203257,0,1963188,-1.7539251,1.6181753,4476.283,1959.6477,0.0,15298.811,1331123,0.0,6597811.0,0.02002126,607054.44,132096.48946186
Geo34,2023-05-01,880167,0,1360699,2492130,1.5508744,0.5250092,6454.021,0.0,10111.251,19420.771,679531,0.0,13003210.0,0.02006311,607054.44,260884.83258309998
Geo34,2023-05-08,0,25726,0,1421966,-1.3440573,-1.2813307,0.0,248.03033,0.0,11081.154,312732,0.14682269,14090506.0,0.019864157,607054.44,279896.023393442
Geo34,2023-05-15,662138,297733,0,755282,0.6348392,-1.6368737,4855.2744,2870.5127,0.0,5885.792,1246040,0.42297763,17857326.0,0.019921433,607054.44,355743.523468158
Geo34,2023-05-22,796353,0,0,2507722,-1.2471248,0.027554244,5839.436,0.0,0.0,19542.277,1144623,0.0,10925901.0,0.0200202,607054.44,218738.72320019998
Geo34,2023-05-29,852837,0,0,587240,-2.079958,-2.27636,6253.6177,0.0,0.0,4576.2676,167040,1.9100847,10261710.0,0.020078292,607054.44,206037.60979932002
Geo34,2023-06-05,400753,446203,0,1131554,-0.7866739,0.5649406,2938.6108,4301.9463,0.0,8818.02,695137,0.15092891,10043258.0,0.019880988,607054.44,199669.89177890398
Geo34,2023-06-12,277334,0,0,750834,-0.82853997,-0.94830406,2033.6135,0.0,0.0,5851.1294,0,0.0,9969417.0,0.019979768,607054.44,199186.638755256
Geo34,2023-06-19,2130869,0,0,806419,-1.4253118,0.67382854,15625.072,0.0,0.0,6284.2944,429990,0.0,13218925.0,0.019884448,607054.44,262851.0267784
Geo34,2023-06-26,844147,1271696,1988866,2736960,1.658844,0.31160972,6189.896,12260.716,14779.113,21328.691,1428662,0.0,10012891.0,0.020023776,607054.44,200495.886496416
Geo34,2023-07-03,256144,0,0,1204539,-0.5378277,-0.6012127,1878.233,0.0,0.0,9386.78,0,1.2236879,6088988.0,0.020151336,607054.44,122701.24308796799
Geo34,2023-07-10,1895202,1376154,1905409,3224060,0.69314516,2.0235684,13896.992,13267.819,14158.95,25124.586,748347,1.6969652,12401437.0,0.019903356,607054.44,246830.21552257202
Geo34,2023-07-17,0,1225737,0,1672526,0.9354988,-0.9217404,0.0,11817.614,0.0,13033.728,0,0.0,11375744.0,0.019953493,607054.44,226985.828273792
Geo34,2023-07-24,548080,597021,26711,1878364,-0.03632682,1.4551364,4018.919,5756.0176,198.48743,14637.791,1012773,0.10740331,8041784.5,0.019844418,607054.44,159584.53308392098
Geo34,2023-07-31,2838270,0,1571850,2812386,1.0407312,0.61050636,20812.248,0.0,11680.299,21916.477,696194,2.1140444,13063816.0,0.02015656,607054.44,263321.59103296
Geo34,2023-08-07,1972654,0,0,1889686,-1.0726678,-0.40289366,14464.926,0.0,0.0,14726.022,1276794,2.7956216,16718325.0,0.020255208,607054.44,338633.1502866
Geo34,2023-08-14,2223282,433952,0,2000868,0.13967812,-0.28824374,16302.711,4183.8315,0.0,15592.445,322007,0.79181,10909647.0,0.02001772,607054.44,218386.25894484
Geo34,2023-08-21,185619,0,0,586439,1.2874267,-1.455226,1361.0928,0.0,0.0,4570.0254,0,0.0,5026419.5,0.02011035,607054.44,101083.055391825
Geo34,2023-08-28,0,222906,0,2164164,0.1318796,-1.5568688,0.0,2149.0881,0.0,16864.984,0,0.19553241,15073957.0,0.01994407,607054.44,300636.05358499003
Geo34,2023-09-04,1351317,2813307,0,3164444,-0.71491826,1.1125247,9908.833,27123.744,0.0,24660.008,696690,2.1988,11613881.0,0.020132469,607054.44,233816.099202189
Geo34,2023-09-11,1699828,1647235,0,2574484,0.16436446,0.7513223,12464.368,15881.374,0.0,20062.545,1786527,0.0,8419854.0,0.019937633,607054.44,167871.958965582
Geo34,2023-09-18,0,260098,0,1109591,0.69463587,-1.064582,0.0,2507.665,0.0,8646.866,511285,0.0,12199255.0,0.019866485,607054.44,242356.316468675
Geo34,2023-09-25,1072115,0,1562431,2653920,0.43057805,1.0448225,7861.5225,0.0,11610.307,20681.576,0,0.68856525,11572969.0,0.02009896,607054.44,232604.64101224
Geo34,2023-10-02,752185,1106857,206122,4332286,0.71480536,0.8227815,5515.5645,10671.465,1531.677,33760.812,1900543,0.0,11538573.0,0.020161685,607054.44,232637.074175505
Geo34,2023-10-09,1967364,800591,1215422,3501593,-0.5840976,2.4409766,14426.136,7718.683,9031.709,27287.355,1078965,0.0,9044879.0,0.019986035,607054.44,180771.268264765
Geo34,2023-10-16,744316,0,0,767368,-0.9865289,-1.3128715,5457.863,0.0,0.0,5979.9766,444869,0.0,14639229.0,0.019927524,607054.44,291723.587238996
Geo34,2023-10-23,2276045,0,0,2708533,0.26222098,0.72180766,16689.607,0.0,0.0,21107.166,1457550,1.667408,15566876.0,0.019789284,607054.44,308057.33015678404
Geo34,2023-10-30,1607004,0,0,2439713,-0.44264486,0.28120163,11783.715,0.0,0.0,19012.295,645152,0.0,12880733.0,0.019943725,607054.44,256889.79675042498
Geo34,2023-11-06,1666317,1168615,0,1521724,-0.53988767,-0.24630252,12218.641,11266.888,0.0,11858.552,0,2.2733965,9761031.0,0.019943796,607054.44,194672.011013676
Geo34,2023-11-13,1920558,1008203,0,2556287,0.54378223,1.4645277,14082.92,9720.319,0.0,19920.736,266759,0.5452289,13299380.0,0.019937575,607054.44,265157.3862035
Geo34,2023-11-20,1808824,998045,43303,3145116,0.28500393,0.2148138,13263.606,9622.383,321.7813,24509.389,2578742,3.163012,10314266.0,0.020021465,607054.44,206506.71571969
Geo34,2023-11-27,541517,1981200,1209986,2769254,2.089066,0.030436814,3970.7942,19101.207,8991.315,21580.354,48999,0.36892545,16350401.0,0.0200076,607054.44,327132.2830476
Geo34,2023-12-04,879805,1582446,734058,2401379,1.3883545,1.1596113,6451.3667,15256.728,5454.7295,18713.564,469684,0.0,10887499.0,0.020030487,607054.44,218081.907182013
Geo34,2023-12-11,2302288,0,611988,2677472,-0.4347337,-0.15207654,16882.04,0.0,4547.6367,20865.111,1696245,1.5152991,22080706.0,0.0200353,607054.44,442393.5689218
Geo34,2023-12-18,254668,1889269,0,2917427,-1.1747674,2.2319381,1867.4099,18214.88,0.0,22735.045,1431841,0.0,11538636.0,0.019932292,607054.44,229991.462033712
Geo34,2023-12-25,0,0,0,1719339,-1.1058834,-1.0449928,0.0,0.0,0.0,13398.535,0,0.17086002,11736625.0,0.01997611,607054.44,234452.11202874998
Geo34,2024-01-01,1834925,1813280,985428,3695992,2.6434677,1.2612126,13454.997,17482.252,7322.641,28802.275,1690266,0.0,5950354.0,0.019985935,607054.44,118923.38827098999
Geo34,2024-01-08,1748412,938337,0,1070502,-0.13606863,0.21985584,12820.621,9046.724,0.0,8342.252,353713,0.11003286,13316061.0,0.019993767,607054.44,266238.220991787
Geo34,2024-01-15,1753762,204427,0,937373,-1.0301762,0.08561292,12859.851,1970.928,0.0,7304.7983,0,0.0,8939905.0,0.020175202,607054.44,180364.38923581
Geo35,2021-01-25,1374688,274596,1247607,4330458,0.71691096,0.4278214,10080.207,2647.4436,9270.873,33746.566,2122382,1.5047959,14521157.0,0.020108582,742166.56,291999.876269374
Geo35,2021-02-01,761682,1447059,0,3589963,0.95290595,0.59139645,5585.203,13951.431,0.0,27976.008,1313860,0.0,16888586.0,0.019975226,742166.56,337353.322170436
Geo35,2021-02-08,1545811,1361217,1037602,3810134,-1.4209523,1.3439689,11335.004,13123.808,7710.342,29691.766,1635631,0.69369465,15372304.0,0.019933969,742166.56,306431.031394576
Geo35,2021-02-15,1689182,0,0,3150880,0.8329896,-0.14097646,12386.304,0.0,0.0,24554.307,0,0.0,9851614.0,0.020025628,742166.56,197284.757163592
Geo35,2021-02-22,2138303,0,0,2547088,-0.7884741,1.5032647,15679.584,0.0,0.0,19849.05,1185450,0.0,16364380.0,0.019973846,742166.56,326859.60600548
Geo35,2021-03-01,326171,0,0,1362411,-0.29579604,-2.0906699,2391.7217,0.0,0.0,10617.052,0,0.30964938,14459829.0,0.019921776,742166.56,288065.474336304
Geo35,2021-03-08,1463757,0,2060109,2974990,-0.46828696,1.7683396,10733.325,0.0,15308.514,23183.621,896249,0.0,11650156.0,0.020272419,742166.56,236176.843847364
Geo35,2021-03-15,1961938,460991,0,2083032,-0.06114161,-0.5237761,14386.348,4444.521,0.0,16232.736,0,0.0,11583768.0,0.020067409,742166.56,232456.210217112
Geo35,2021-03-22,0,1265368,423159,1464718,1.5405483,-2.1974082,0.0,12199.706,3144.4624,11414.314,1564791,0.9741837,5804133.0,0.019950505,742166.56,115795.384437165
Geo35,2021-03-29,800727,1226696,1411852,4636831,0.9377917,0.7547023,5871.5093,11826.86,10491.365,36134.086,804968,1.1271734,6170992.0,0.019786369,742166.56,122101.52480804801
Geo35,2021-04-05,1023956,1056289,3223399,4235800,1.8313732,0.8872609,7508.386,10183.927,23952.834,33008.914,1177048,0.0,9930393.0,0.020086586,742166.56,199467.693008298
Geo35,2021-04-12,0,754356,0,202776,-2.7842207,-0.5859026,0.0,7272.921,0.0,1580.201,0,0.0,8125131.0,0.019998748,742166.56,162492.447335988
Geo35,2021-04-19,850699,0,0,2741231,-1.1216531,-2.3978708,6237.94,0.0,0.0,21361.977,0,1.3810444,17604514.0,0.020042662,742166.56,352841.323776268
Geo35,2021-04-26,0,0,0,925631,1.0808103,-3.5600376,0.0,0.0,0.0,7213.2944,218395,0.0,6352797.5,0.019982403,742166.56,126944.1598223925
Geo35,2021-05-03,1406325,0,0,1503553,0.69938266,-1.2222372,10312.192,0.0,0.0,11716.949,457153,0.61943066,13687577.0,0.020038694,742166.56,274281.167104438
Geo35,2021-05-10,170479,780781,0,3929074,-0.73060226,1.354954,1250.0752,7527.6904,0.0,30618.646,937372,0.0,7632924.0,0.019903306,742166.56,151920.422046744
Geo35,2021-05-17,1380224,625061,443807,2785224,0.14676303,-0.21427698,10120.8,6026.358,3297.8962,21704.807,837868,1.4279937,12949553.0,0.02005636,742166.56,259720.89680708
Geo35,2021-05-24,1266342,270690,0,3797935,0.32340884,1.7284743,9285.735,2609.785,0.0,29596.701,1968823,0.0,15626084.0,0.019934762,742166.56,311502.265532008
Geo35,2021-05-31,170439,0,0,1255234,-2.4853292,-0.65258384,1249.782,0.0,0.0,9781.838,0,0.678288,12507380.0,0.01998137,742166.56,249914.5875106
Geo35,2021-06-07,2710115,1438041,1945854,5181331,0.66115093,2.8562577,19872.521,13864.486,14459.494,40377.285,3395519,1.4163995,7780763.5,0.019989999,742166.56,155537.45458423652
Geo35,2021-06-14,542284,728031,129430,2645876,2.1650763,-0.23794204,3976.4185,7019.1157,961.78455,20618.89,1514214,0.0,9066259.0,0.020128654,742166.56,182491.590485386
Geo35,2021-06-21,2263947,0,0,1161845,-1.5309259,-1.055131,16600.896,0.0,0.0,9054.073,773060,1.5248133,10215510.0,0.020010695,742166.56,204419.45487944997
Geo35,2021-06-28,1735633,590525,576142,3911685,3.7666893,-0.2929628,12726.916,5693.3887,4281.2676,30483.139,736325,0.09465948,8067427.5,0.020114845,742166.56,162275.0537112375
Geo35,2021-07-05,814944,1931409,0,3008993,-0.79966027,0.8728264,5975.7583,18621.162,0.0,23448.602,613306,0.003861606,15599186.0,0.020089297,742166.56,313376.68051224196
Geo35,2021-07-12,2240902,0,0,2922427,-0.25875252,-0.67659295,16431.914,0.0,0.0,22774.008,0,2.2021122,7301525.0,0.020045651,742166.56,146363.821917775
Geo35,2021-07-19,154648,147385,0,3046930,1.1804495,-0.5970672,1133.991,1420.9729,0.0,23744.24,0,0.0,13964632.0,0.01999594,742166.56,279235.94359408
Geo35,2021-07-26,487012,2012018,184731,2297392,-0.165645,1.3488508,3571.1243,19398.332,1372.7222,17903.21,2662540,0.0,12045633.0,0.020037444,742166.56,241363.69668205202
Geo35,2021-08-02,2325932,0,0,1538561,0.6729245,-0.33168417,17055.416,0.0,0.0,11989.76,356147,0.44629908,5884476.0,0.019926304,742166.56,117255.857656704
Geo35,2021-08-09,2720018,849053,0,3774704,0.29342878,2.0136714,19945.139,8185.9165,0.0,29415.666,0,0.0,8800725.0,0.01994529,742166.56,175533.01233525
Geo35,2021-08-16,478549,246156,0,1688028,-0.089853816,-0.633013,3509.0671,2373.247,0.0,13154.533,0,0.0,15751832.0,0.020082073,742166.56,316329.440107736
Geo35,2021-08-23,734607,1891173,0,2395130,1.6015666,-1.0648595,5386.6694,18233.236,0.0,18664.865,0,0.15218599,7312510.5,0.020136045,742166.56,147245.04049097252
Geo35,2021-08-30,113897,1421886,2511078,5225958,0.4279046,2.153438,835.1752,13708.732,18659.63,40725.055,3282995,1.0893439,16472980.0,0.019999206,742166.56,329446.52045387996
Geo35,2021-09-06,1161180,1533230,0,3729160,0.3730448,-0.53893703,8514.611,14782.225,0.0,29060.75,587934,0.15620568,7558348.0,0.020038784,742166.56,151460.102968832
Geo35,2021-09-13,1521846,427586,246156,2829410,0.30408144,0.6288638,11159.275,4122.4556,1829.1666,22049.14,424817,0.0,8640347.0,0.019927384,742166.56,172179.51256224798
Geo35,2021-09-20,0,0,0,1182587,-0.9870834,-1.4776638,0.0,0.0,0.0,9215.712,0,0.18916218,17752110.0,0.020054713,742166.56,356013.47119442996
Geo35,2021-09-27,655693,1895345,0,2616146,0.5954776,1.6333921,4808.015,18273.46,0.0,20387.207,1155755,0.25906438,10533740.0,0.020021917,742166.56,210905.66797958
Geo35,2021-10-04,2817646,534672,2080419,5571504,0.81134236,2.816386,20661.018,5154.8965,15459.436,43417.84,3528184,0.3026269,18734994.0,0.020031907,742166.56,375297.65745355806
Geo35,2021-10-11,1487382,1930358,0,1097577,-0.6836608,-0.2518177,10906.56,18611.027,0.0,8553.242,184653,0.6502078,9058842.0,0.020045275,742166.56,181586.97907155
Geo35,2021-10-18,1565201,274082,1546267,3573429,1.6644619,-0.38323432,11477.186,2642.488,11490.193,27847.162,747879,1.6501269,10627683.0,0.019883664,742166.56,211317.27787051199
Geo35,2021-10-25,1411242,0,0,1891292,0.7370913,-0.8147728,10348.247,0.0,0.0,14738.537,0,0.0,14392751.0,0.02003418,742166.56,288346.96422917995
Geo35,2021-11-01,485477,520340,867153,5536363,1.7027674,0.9750203,3559.8684,5016.7183,6443.7485,43143.992,0,0.11404753,8586127.0,0.02004765,742166.56,172131.66895155
Geo35,2021-11-08,2546216,385320,720925,4914328,0.035210073,1.4085469,18670.695,3714.9592,5357.139,38296.574,294739,1.4565215,5872789.0,0.019875422,742166.56,116724.159691958
Geo35,2021-11-15,330110,541624,0,2246509,0.49399677,-0.08607209,2420.6052,5221.9224,0.0,17506.686,1315799,0.28329065,9210004.0,0.019947033,742166.56,183712.253718132
Geo35,2021-11-22,3700045,3045964,4002902,6557968,2.469067,4.2033124,27131.406,29366.844,29745.262,51105.2,3117097,1.2518712,9307661.0,0.019936932,742166.56,185566.204436052
Geo35,2021-11-29,728811,0,0,1905736,-0.33469692,-1.1102775,5344.1694,0.0,0.0,14851.097,0,0.0,15088798.0,0.020019613,742166.56,302071.896595174
Geo35,2021-12-06,1824611,0,0,1733608,-0.25501543,0.19907892,13379.367,0.0,0.0,13509.731,298315,0.1983515,8473719.0,0.019823918,742166.56,167982.310611042
Geo35,2021-12-13,3197366,791813,1243656,5002783,1.1588359,0.95280486,23445.4,7634.0527,9241.514,38985.887,1251268,2.2126207,12465201.0,0.02005417,742166.56,249979.25993817
Geo35,2021-12-20,564003,3886,0,2646828,0.6210729,-0.9449168,4135.6777,37.465824,0.0,20626.309,0,0.0,12428111.0,0.019859947,742166.56,246821.62577011698
Geo35,2021-12-27,2060090,89205,0,2012479,-0.9833205,-0.16634165,15106.07,860.0461,0.0,15682.928,733625,1.1687431,15874317.0,0.02009343,742166.56,318969.47743731
Geo35,2022-01-03,972699,624021,0,1273399,1.302412,-0.20386858,7132.5327,6016.331,0.0,9923.395,1336119,0.0,12604372.0,0.020043802,742166.56,252639.536702344
Geo35,2022-01-10,494389,0,345987,2873911,0.26234084,-1.284229,3625.2178,0.0,2571.0032,22395.93,0,0.9114065,15614596.0,0.020143785,742166.56,314537.06468586
Geo35,2022-01-17,0,0,563972,3051660,0.2421894,0.70247364,0.0,0.0,4190.833,23781.1,0,0.0,10574137.0,0.019867161,742166.56,210078.08221505702
Geo35,2022-01-24,1998758,0,725210,2428178,-0.5192076,1.5758083,14656.339,0.0,5388.9805,18922.404,971420,1.1739295,15285483.0,0.019842673,742166.56,303304.84081605903
Geo35,2022-01-31,1060988,1318940,0,1687706,-0.254362,-1.0200865,7779.9316,12716.206,0.0,13152.024,0,0.0,17231934.0,0.020080062,742166.56,346018.303099908
Geo35,2022-02-07,2179043,1047855,276161,2605079,1.0154995,-1.0667505,15978.319,10102.613,2052.1316,20300.967,789583,1.1813369,15292684.0,0.020013232,742166.56,306056.03279468796
Geo35,2022-02-14,1297244,695021,0,1337332,-2.0383785,1.3092043,9512.331,6700.8584,0.0,10421.615,226054,0.24405566,16153450.0,0.020030579,742166.56,323562.95634755
Geo35,2022-02-21,476338,742991,1347292,4243357,2.6450882,-1.2894194,3492.8547,7163.3486,10011.625,33067.805,1667996,1.9615206,12333549.0,0.019979501,742166.56,246418.154579049
Geo35,2022-02-28,449173,577880,0,2857685,0.4623918,-2.1609395,3293.6611,5571.475,0.0,22269.484,353866,0.23612863,11482826.0,0.019862983,742166.56,228083.177629958
Geo35,2022-03-07,1040830,258104,0,236195,-0.8802493,-0.9330337,7632.118,2488.4404,0.0,1840.63,0,0.0,14334721.0,0.020058893,742166.56,287538.634723853
Geo35,2022-03-14,2375252,1411241,0,2010592,-2.0522094,1.0795803,17417.066,13606.101,0.0,15668.223,1456749,0.0,16475222.0,0.02005152,742166.56,330353.24343744
Geo35,2022-03-21,1971541,0,0,1826714,-2.5013728,-0.3909784,14456.764,0.0,0.0,14235.291,39634,0.0,17188184.0,0.019956268,742166.56,343012.006337312
Geo35,2022-03-28,154978,0,0,971362,-2.0410895,-2.4018703,1136.4108,0.0,0.0,7569.669,0,0.7092205,18283812.0,0.020075714,742166.56,367060.58054176805
Geo35,2022-04-04,224016,0,0,1399901,-0.80489594,-0.4359844,1642.6472,0.0,0.0,10909.205,0,0.91732556,12429826.0,0.01991366,742166.56,247523.32882316
Geo35,2022-04-11,1234222,1241019,0,1779811,-0.5677165,-0.41046676,9050.208,11964.952,0.0,13869.783,1313550,0.0,12241356.0,0.019883184,742166.56,243397.13375750402
Geo35,2022-04-18,1056420,0,0,2242509,-0.644829,-0.43566138,7746.4355,0.0,0.0,17475.514,345463,0.44621456,17489248.0,0.020120054,742166.56,351884.614179392
Geo35,2022-04-25,0,134469,0,1038996,-1.0189127,-1.6234045,0.0,1296.4468,0.0,8096.73,0,0.86739683,8397141.0,0.020010168,742166.56,168028.202129688
Geo35,2022-05-02,0,290892,0,1475510,-0.76636827,-0.31502473,0.0,2804.557,0.0,11498.414,0,0.0,16547736.0,0.020034365,742166.56,331523.38294763997
Geo35,2022-05-09,0,0,0,2270087,-0.57414794,-1.6296539,0.0,0.0,0.0,17690.426,0,0.0,15669792.0,0.01992223,742166.56,312177.20027616
Geo35,2022-05-16,1149796,274730,0,1638048,-1.4850967,0.76576495,8431.136,2648.7356,0.0,12765.047,317650,0.36429965,9553083.0,0.019951066,742166.56,190594.189436478
Geo35,2022-05-23,307314,0,494878,3623915,0.15596856,-0.59159493,2253.4485,0.0,3677.401,28240.592,0,0.0,14457195.0,0.01997073,742166.56,288720.73790234997
Geo35,2022-05-30,552891,0,0,4487296,-0.75238305,1.510971,4054.1968,0.0,0.0,34968.78,1521245,0.0,12489852.0,0.019891042,742166.56,248436.17070578402
Geo35,2022-06-06,1154616,315435,0,3257004,-0.61166143,-0.08397362,8466.479,3041.1816,0.0,25381.312,67609,0.11823872,16778064.0,0.020051748,742166.56,336429.511255872
Geo35,2022-06-13,1623730,400294,415061,3314165,0.19094741,0.6762718,11906.363,3859.3271,3084.287,25826.76,2479168,0.6572497,16523516.0,0.020034032,742166.56,331032.648296512
Geo35,2022-06-20,933908,0,0,1231310,-0.72541046,0.0660308,6848.089,0.0,0.0,9595.402,0,0.25036392,15343182.0,0.020204807,742166.56,310006.03107587405
Geo35,2022-06-27,2648430,277524,0,2645162,-2.1615644,-0.7153616,19420.203,2675.6733,0.0,20613.326,371745,3.55016,22304190.0,0.02003848,742166.56,446942.0652312
Geo35,2022-07-04,732364,1301585,358872,3328952,0.8378297,-0.13442376,5370.2227,12548.882,2666.7507,25941.992,323324,0.27438742,9274596.0,0.019884173,742166.56,184417.67136910802
Geo35,2022-07-11,822011,1198434,1496056,2339054,0.107789695,-1.2388989,6027.579,11554.38,11117.079,18227.873,0,1.5177093,9572856.0,0.020134002,742166.56,192739.901849712
Geo35,2022-07-18,1958232,294301,0,0,-1.774029,-1.7675189,14359.173,2837.424,0.0,0.0,0,0.7205911,22072132.0,0.019884987,742166.56,438904.057882284
Geo35,2022-07-25,0,484925,0,1110030,-0.94184846,-0.5560478,0.0,4675.274,0.0,8650.287,164091,0.0,21299818.0,0.01998065,742166.56,425584.2085217
Geo35,2022-08-01,1841478,1910637,1363040,5489035,1.9791327,1.9874599,13503.048,18420.895,10128.647,42775.176,1721135,0.0,3553083.0,0.020037716,742166.56,71195.668078428
Geo35,2022-08-08,355274,0,0,1056085,-0.75834954,-1.1116148,2605.126,0.0,0.0,8229.902,171237,0.87389153,15402232.0,0.020257361,742166.56,312008.57382975204
Geo35,2022-08-15,2222963,1446076,545131,2917622,-0.17732334,1.4381933,16300.372,13941.954,4050.8271,22736.562,1983766,0.96209997,13995773.0,0.020036872,742166.56,280431.512142056
Geo35,2022-08-22,1266561,421438,800214,3347224,-0.33519793,1.9533377,9287.341,4063.1812,5946.33,26084.383,968797,0.61084026,14981213.0,0.020189563,742166.56,302464.143679919
Geo35,2022-08-29,1367170,0,0,3560904,0.85758626,0.6512699,10025.079,0.0,0.0,27749.557,593844,0.09420341,12484058.0,0.020039614,742166.56,250175.703473612
Geo35,2022-09-05,3013202,1222859,851846,3925328,0.65469277,0.799488,22094.977,11789.867,6330.003,30589.453,1691953,1.2321973,11060833.0,0.02010548,742166.56,222383.35666484
Geo35,2022-09-12,947410,193241,996358,3004574,0.7303021,0.7100253,6947.095,1863.0813,7403.861,23414.166,389632,0.0,9818826.0,0.019930573,742166.56,195694.828367298
Geo35,2022-09-19,662253,512793,0,2492482,0.6881586,-0.24750197,4856.118,4943.956,0.0,19423.514,0,0.0,13410194.0,0.02011678,742166.56,269769.92245532
Geo35,2022-09-26,1135482,180911,788051,4703943,1.6298783,-0.35890996,8326.175,1744.2048,5855.9473,36657.074,0,0.6276617,10014710.0,0.019988434,742166.56,200178.36986414
Geo35,2022-10-03,1683041,178513,1180470,3564386,-0.78679895,1.5232403,12341.274,1721.0851,8771.983,27776.691,1702532,0.89952475,19298946.0,0.020031424,742166.56,386585.370079104
Geo35,2022-10-10,600527,0,1286567,3284546,3.2487464,-0.18378091,4403.498,0.0,9560.382,25595.943,420680,0.0,13143017.0,0.019793628,742166.56,260147.989295676
Geo35,2022-10-17,887079,0,1738710,5710542,1.3572506,0.5811721,6504.7046,0.0,12920.223,44501.344,325616,0.0,11992623.0,0.020309156,742166.56,243560.051356188
Geo35,2022-10-24,1918354,814727,0,3232988,-0.9789862,0.78847015,14066.759,7854.9717,0.0,25194.16,2304000,1.4035102,21983470.0,0.01997145,742166.56,439041.77193150006
Geo35,2022-10-31,1306739,515073,1718649,2391495,0.9978454,0.7862255,9581.955,4965.938,12771.151,18636.54,1105160,1.1392319,18666432.0,0.020025376,742166.56,373802.319378432
Geo35,2022-11-07,1204823,1478662,3559486,7587806,3.4521286,2.4197545,8834.633,14256.123,26450.271,59130.56,935798,0.0,8000079.0,0.019998308,742166.56,159988.043866332
Geo35,2022-11-14,2589749,854516,0,3276694,0.8331326,0.39863592,18989.912,8238.587,0.0,25534.754,0,0.0,21506120.0,0.019823598,742166.56,426328.67741976003
Geo35,2022-11-21,819323,0,859258,4248796,3.1950588,-1.1048555,6007.8687,0.0,6385.0815,33110.19,0,0.0,12218486.0,0.019905215,742166.56,243211.59080449
Geo35,2022-11-28,1140633,520363,0,4325162,2.0033154,0.14172012,8363.946,5016.94,0.0,33705.297,0,0.0,14333700.0,0.019964276,742166.56,286161.9429012
Geo35,2022-12-05,2141152,2931128,883405,4691546,-0.123075634,2.481551,15700.475,28259.684,6564.516,36560.47,506226,0.33266836,7995434.5,0.019952085,742166.56,159525.58875593252
Geo35,2022-12-12,1089176,0,0,1964363,0.9624846,-0.7843106,7986.626,0.0,0.0,15307.968,883620,1.4605289,15148173.0,0.019957786,742166.56,302323.995024978
Geo35,2022-12-19,753682,1774725,33103,2793657,-0.62198687,0.4795806,5526.5415,17110.533,245.98589,21770.523,0,0.46186304,14453922.0,0.020014022,742166.56,289281.112894284
Geo35,2022-12-26,2977506,2409861,0,2279135,-0.70496845,1.3932923,21833.229,23234.027,0.0,17760.936,981259,2.0280414,17752550.0,0.019932296,742166.56,353849.0813548
Geo35,2023-01-02,2321744,696027,0,1646736,-1.5522745,-1.6805872,17024.705,6710.5576,0.0,12832.751,22071,1.1495794,15408294.0,0.019979175,742166.56,307845.00227745
Geo35,2023-01-09,0,51804,352223,2441022,0.02379489,-0.5583145,0.0,499.45435,2617.3425,19022.496,1354521,0.0,12010158.0,0.019952532,742166.56,239633.06182005597
Geo35,2023-01-16,0,546525,0,1041453,0.014658511,-1.2708076,0.0,5269.174,0.0,8115.877,234579,0.0,9927201.0,0.020177608,742166.56,200307.170315208
Geo35,2023-01-23,874914,890550,1060322,1639004,-0.21385354,-0.42584136,6415.502,8585.999,7879.1724,12772.497,1176250,0.77802455,13457952.0,0.02002349,742166.56,269475.16729248
Geo35,2023-01-30,809967,1028424,0,0,-1.0858088,-0.10393374,5939.264,9915.274,0.0,0.0,0,0.0,11309888.0,0.019966591,742166.56,225819.90795180798
Geo35,2023-02-06,1784231,2026868,610608,2722114,0.9016303,1.7673314,13083.272,19541.504,4537.382,21213.0,1561675,0.04529193,5856605.5,0.020049848,742166.56,117424.05007096399
Geo35,2023-02-13,2024136,231707,0,2130997,0.13804543,-0.3052138,14842.429,2233.9407,0.0,16606.52,611835,0.7968843,13267418.0,0.020017663,742166.56,265582.70240413403
Geo35,2023-02-20,1491876,1071420,0,1843356,-1.2377216,0.34165633,10939.514,10329.808,0.0,14364.979,0,0.0,13248547.0,0.019962458,742166.56,264473.563048526
Geo35,2023-02-27,1504975,1166390,1008852,2245980,0.46869552,-1.2597661,11035.565,11245.436,7496.703,17502.564,801919,1.8794384,20318100.0,0.019942155,742166.56,405186.6995055
Geo35,2023-03-06,96782,0,0,1627748,-0.89938116,-0.1634928,709.6756,0.0,0.0,12684.781,263494,0.0,6042855.5,0.02003459,742166.56,121066.13237174501
Geo35,2023-03-13,1399080,1174248,0,2980735,-0.32526875,0.06101197,10259.066,11321.197,0.0,23228.393,0,0.0,14463786.0,0.019919084,742166.56,288105.368292024
Geo35,2023-03-20,219187,0,0,0,-0.25767326,-1.5072162,1607.2377,0.0,0.0,0.0,601308,0.0,10999013.0,0.019907337,742166.56,218961.058458381
Geo35,2023-03-27,508906,799772,0,1525029,-1.1793711,-0.8187288,3731.6667,7710.787,0.0,11884.308,0,0.4481659,15377308.0,0.019912891,742166.56,306206.658077428
Geo35,2023-04-03,1949334,168414,0,1978468,-2.302803,0.4972831,14293.927,1623.7184,0.0,15417.886,0,0.0,16117516.0,0.020069735,742166.56,323474.27497826
Geo35,2023-04-10,1957112,1087023,542224,2194305,0.14793083,0.5910714,14350.96,10480.24,4029.2256,17099.867,399473,1.4570367,15976733.0,0.019862397,742166.56,317336.213609001
Geo35,2023-04-17,839828,0,0,1780853,-2.1521673,-0.2668599,6158.226,0.0,0.0,13877.903,170718,0.0,16022220.0,0.019965624,742166.56,319893.62016528
Geo35,2023-04-24,0,1137331,0,1832443,-0.64947534,-0.23637667,0.0,10965.272,0.0,14279.936,217925,0.0,11736877.0,0.020012394,742166.56,234883.00685353798
Geo35,2023-05-01,1411970,0,597003,2123319,0.8866054,-1.3441463,10353.585,0.0,4436.284,16546.686,666346,0.54176867,14894872.0,0.019873023,742166.56,296006.133838056
Geo35,2023-05-08,1343476,1582739,0,1880410,0.010649294,-0.61834276,9851.338,15259.553,0.0,14653.735,375916,1.3792584,17602302.0,0.019983945,742166.56,351763.43504139
Geo35,2023-05-15,811343,841560,0,1708495,-1.0933172,1.1202165,5949.3535,8113.675,0.0,13314.029,833826,0.21963133,10126499.0,0.01992369,742166.56,201757.22686131002
Geo35,2023-05-22,2387541,759136,557301,3890324,-0.67663276,0.46778524,17507.178,7319.006,4141.2617,30316.674,0,0.6600613,16861830.0,0.019923115,742166.56,335940.17820045
Geo35,2023-05-29,617075,797991,0,2141720,0.7975378,-0.028081834,4524.84,7693.616,0.0,16690.082,680084,0.8929548,17594606.0,0.02012624,742166.56,354113.26306144
Geo35,2023-06-05,2707835,1277272,0,3590756,0.5484501,-0.2667217,19855.805,12314.475,0.0,27982.188,2505753,1.2405455,11660661.0,0.019724175,742166.56,229996.918179675
Geo35,2023-06-12,1071975,148722,70486,1922329,0.18437982,-0.002912357,7860.496,1433.8633,523.7761,14980.403,0,0.4102069,13948715.0,0.019983925,742166.56,278750.074406375
Geo35,2023-06-19,3458624,22236,0,2596000,-0.6773002,0.16723877,25361.133,214.38242,0.0,20230.215,191711,0.5860785,19779972.0,0.01997533,742166.56,395111.46809076
Geo35,2023-06-26,738164,1323261,0,3219069,0.19525266,-0.1948883,5412.752,12757.866,0.0,25085.691,592636,0.9050796,16969438.0,0.02010474,742166.56,341166.13893611997
Geo35,2023-07-03,0,0,419442,1469082,-0.33107322,-0.6953058,0.0,0.0,3116.8418,11448.322,496278,0.0,9032016.0,0.019905638,742166.56,179788.04090620799
Geo35,2023-07-10,330227,1072600,0,676831,-1.5354872,-2.348797,2421.4631,10341.185,0.0,5274.436,0,0.98048294,20815990.0,0.01981056,742166.56,412376.41885440005
Geo35,2023-07-17,1625471,0,0,1229642,-0.061934114,-0.51169735,11919.129,0.0,0.0,9582.404,0,0.0,11699168.0,0.019955069,742166.56,233457.70468259198
Geo35,2023-07-24,0,0,0,1959855,-0.29879308,-2.5247912,0.0,0.0,0.0,15272.837,0,0.007890046,10577472.0,0.019992068,742166.56,211465.53949209602
Geo35,2023-07-31,620606,0,0,1581939,0.9417585,-1.4862196,4550.732,0.0,0.0,12327.798,0,0.0,12659231.0,0.020056793,742166.56,253903.575706183
Geo35,2023-08-07,1587370,0,0,3079921,0.16291928,-1.3421677,11639.745,0.0,0.0,24001.334,1445412,1.1609359,17665582.0,0.019854534,742166.56,350741.898448788
Geo35,2023-08-14,1073711,2306249,0,4075762,0.9828975,0.24704772,7873.2256,22235.08,0.0,31761.764,2685327,2.2521086,14297629.0,0.02010547,742166.56,287460.55093063
Geo35,2023-08-21,1326798,3649,0,693012,-0.20794511,-0.49054956,9729.042,35.180855,0.0,5400.532,0,1.3531227,13193243.0,0.020114163,742166.56,265371.040200609
Geo35,2023-08-28,0,0,0,2546260,-2.2186925,-0.15075877,0.0,0.0,0.0,19842.598,239303,0.29725575,10330327.0,0.019919163,742166.56,205771.467356301
Geo35,2023-09-04,1726969,1044242,136064,4593610,1.4778328,0.25045806,12663.386,10067.779,1011.0813,35797.27,1529311,0.0,9848627.0,0.019974971,742166.56,196726.038714817
Geo35,2023-09-11,1485242,701984,556812,1903614,1.1427349,-0.22173354,10890.868,6767.9907,4137.628,14834.56,592402,0.0,15453121.0,0.020060962,742166.56,310004.47316240205
Geo35,2023-09-18,0,1501656,0,2419480,0.77724504,-0.99025047,0.0,14477.813,0.0,18854.621,728671,0.0,6270060.0,0.019992724,742166.56,125355.57904344
Geo35,2023-09-25,2331956,735706,3680313,4400270,3.628428,0.2742617,17099.588,7093.112,27348.129,34290.605,406603,0.40062055,8554810.0,0.01992821,742166.56,170482.05019009998
Geo35,2023-10-02,3183778,904815,1148462,3375999,1.6624541,1.9205306,23345.762,8723.531,8534.134,26308.621,829885,0.0,12967106.0,0.02011064,742166.56,260776.80060783998
Geo35,2023-10-09,2018360,1371113,669294,2636201,-0.8234425,0.99884367,14800.075,13219.218,4973.473,20543.494,465319,0.0,15712513.0,0.020017067,742166.56,314518.425459371
Geo35,2023-10-16,2838929,1246273,0,4510782,0.719975,1.7862204,20817.08,12015.607,0.0,35151.805,475658,0.0,12445229.0,0.020011669,742166.56,249049.803377201
Geo35,2023-10-23,1319544,68013,2227100,3601506,1.369908,0.50972754,9675.851,655.72906,16549.412,28065.963,1225096,1.2788836,15519306.0,0.020167116,742166.56,312979.644341496
Geo35,2023-10-30,1434034,117663,0,472272,0.8624864,-1.8204693,10515.374,1134.4163,0.0,3680.3403,0,0.3093295,16358430.0,0.019927066,742166.56,325975.51426638
Geo35,2023-11-06,1406122,0,0,3145192,2.8058138,-2.0345142,10310.703,0.0,0.0,24509.98,0,0.93464214,12315223.0,0.019967107,742166.56,245899.37536986102
Geo35,2023-11-13,0,0,10655,2359509,1.068325,-0.4481004,0.0,0.0,79.1765,18387.277,1462196,0.26924253,12640675.0,0.020065138,742166.56,253636.88828815
Geo35,2023-11-20,1018948,403153,0,2075176,-0.2557383,-0.2582131,7471.6636,3886.8916,0.0,16171.516,0,0.18826684,10204712.0,0.019953972,742166.56,203624.537516064
Geo35,2023-11-27,1005560,2174478,1120370,1194636,0.059063494,-0.08806294,7373.493,20964.646,8325.385,9309.608,897267,0.8412533,16790548.0,0.020061107,742166.56,336836.980016636
Geo35,2023-12-04,2104134,2936373,1646947,3038316,-0.3063534,1.047894,15429.032,28310.252,12238.339,23677.111,0,1.7479742,12794280.0,0.02009917,742166.56,257154.40874759998
Geo35,2023-12-11,2463073,186138,774560,2372052,-0.9638516,-0.88154113,18061.031,1794.5995,5755.697,18485.021,1197404,3.1428058,14523928.0,0.020014733,742166.56,290692.541031224
Geo35,2023-12-18,1015246,1450751,1924003,4572054,1.3728305,0.025732681,7444.518,13987.026,14297.121,35629.29,1894747,0.0,12648722.0,0.019905722,742166.56,251781.94378728402
Geo35,2023-12-25,603276,0,0,2374457,-1.6424274,0.1616857,4423.656,0.0,0.0,18503.764,0,0.6979893,15381629.0,0.020005781,742166.56,307721.501197249
Geo35,2024-01-01,1710352,146544,0,1588575,0.6319368,-1.5118665,12541.538,1412.8646,0.0,12379.512,0,0.57385474,10066609.0,0.019879,742166.56,200114.120311
Geo35,2024-01-08,1515085,0,0,1240286,-0.634251,0.03582591,11109.699,0.0,0.0,9665.351,0,0.2795927,21755122.0,0.019900765,742166.56,432943.57046833
Geo35,2024-01-15,378170,0,0,661974,-1.7289574,0.14343083,2773.016,0.0,0.0,5158.658,533165,0.30834863,18988566.0,0.019988192,742166.56,379547.103012672
Geo36,2021-01-25,1160943,986186,0,1112452,0.42701188,-0.9396528,8512.874,9508.048,0.0,8669.161,8778,0.0,16035769.0,0.019930167,969886.5,319595.554143423
Geo36,2021-02-01,1748619,1239302,0,4227343,1.354293,0.4117387,12822.139,11948.398,0.0,32943.01,2339277,0.16041744,19625448.0,0.019998971,969886.5,392488.765414008
Geo36,2021-02-08,0,1050906,0,3153010,-0.32151687,-0.88284004,0.0,10132.028,0.0,24570.904,0,0.0,17878922.0,0.019821921,969886.5,354394.579449162
Geo36,2021-02-15,1661518,94134,1165534,4282764,-0.041591495,-0.42503843,12183.451,907.5677,8660.995,33374.895,218143,2.0212674,19251070.0,0.019999487,969886.5,385011.52420109
Geo36,2021-02-22,1288632,1366148,1126492,5136231,1.3867857,-0.036766976,9449.182,13171.349,8370.877,40025.83,590532,0.0,17043852.0,0.020018816,969886.5,341197.73711923196
Geo36,2021-03-01,458412,1784069,0,2545662,-0.4857525,-0.16182917,3361.4082,17200.621,0.0,19837.938,1380382,0.8705037,24822604.0,0.01987604,969886.5,493375.07000816
Geo36,2021-03-08,1178760,459727,0,3885470,-0.41354224,-1.4343351,8643.521,4432.3345,0.0,30278.848,0,0.0,20991138.0,0.01992475,969886.5,418243.17686550005
Geo36,2021-03-15,1513492,1711164,0,3030264,-2.0601308,1.7461417,11098.018,16497.729,0.0,23614.363,2092856,0.0,23156562.0,0.020234328,969886.5,468557.470860336
Geo36,2021-03-22,0,1591600,0,3349546,0.45369375,-2.5546968,0.0,15344.984,0.0,26102.479,1096567,2.1945882,27020398.0,0.020029776,969886.5,541212.519370848
Geo36,2021-03-29,2828876,4208919,0,2907363,-0.72095025,1.3177272,20743.363,40579.164,0.0,22656.615,0,0.0,20315524.0,0.019919792,969886.5,404681.01245100796
Geo36,2021-04-05,583505,0,0,1801535,-0.30776712,-1.1791924,4278.6807,0.0,0.0,14039.075,0,0.0,24801592.0,0.020065371,969886.5,497653.144870632
Geo36,2021-04-12,47723,1674294,0,2208215,-1.2876024,0.9112837,349.93954,16142.256,0.0,17208.268,628375,0.0,15736535.0,0.020049658,969886.5,315512.14485503
Geo36,2021-04-19,135826,1637871,0,0,-3.4609604,-1.2965105,995.9744,15791.094,0.0,0.0,0,0.0,34680640.0,0.020043323,969886.5,695115.26936672
Geo36,2021-04-26,2069267,941849,0,666964,-0.30433005,-2.2086632,15173.362,9080.584,0.0,5197.544,1838092,1.270745,20215586.0,0.019885972,969886.5,402006.57715959195
Geo36,2021-05-03,913204,0,0,2025498,-0.74099666,-1.2806983,6696.272,0.0,0.0,15784.383,0,0.0,17824542.0,0.020075478,969886.5,357836.20078107604
Geo36,2021-05-10,0,630550,552929,4717898,0.9737628,0.5355574,0.0,6079.2783,4108.7734,36765.83,288380,0.0,12572370.0,0.020073758,969886.5,252374.71286646
Geo36,2021-05-17,0,1405898,0,3062907,-2.023607,0.053615466,0.0,13554.588,0.0,23868.746,1687050,0.078582376,25890810.0,0.020133937,969886.5,521283.93741897005
Geo36,2021-05-24,2924580,0,0,0,-2.593402,-0.7385838,21445.137,0.0,0.0,0.0,0,0.0,20643918.0,0.019983005,969886.5,412527.51661359
Geo36,2021-05-31,2551666,2899914,0,4091396,-0.7272374,1.0759573,18710.66,27958.742,0.0,31883.596,1204544,0.9574299,23721176.0,0.020028397,969886.5,475097.130234872
Geo36,2021-06-07,548496,1176527,0,3968068,-0.77419317,0.75898147,4021.9692,11343.169,0.0,30922.52,1412841,0.0,16398859.0,0.020028517,969886.5,328444.826262103
Geo36,2021-06-14,1209598,269727,0,1990326,-0.100120425,-0.3125102,8869.647,2600.5005,0.0,15510.293,34104,0.0,22168746.0,0.019848512,969886.5,440016.62100595195
Geo36,2021-06-21,1907194,1869010,0,3816458,-0.7301763,0.49190852,13984.926,18019.559,0.0,29741.049,0,0.24161388,24814328.0,0.020008188,969886.5,496489.73971766396
Geo36,2021-06-28,1253387,307561,0,3905961,0.18056166,-0.75968295,9190.74,2965.2668,0.0,30438.53,0,0.10047716,10592607.0,0.02001521,969886.5,212013.25355246998
Geo36,2021-07-05,133984,1081062,0,2705497,0.1673652,-0.848926,982.4676,10422.769,0.0,21083.506,2650643,0.0,16068324.0,0.019842716,969886.5,318839.189727984
Geo36,2021-07-12,1754469,245719,0,2901142,-0.12302928,-1.399534,12865.035,2369.0337,0.0,22608.137,0,0.0,14044200.0,0.02011344,969886.5,282477.174048
Geo36,2021-07-19,0,0,0,1317906,-2.1416717,-1.0913627,0.0,0.0,0.0,10270.231,0,0.729621,24848394.0,0.020080132,969886.5,498959.031508008
Geo36,2021-07-26,0,3123278,694383,2707045,0.035903532,0.16998027,0.0,30112.246,5159.9077,21095.57,2063683,0.0,23989984.0,0.019856982,969886.5,476368.68046828796
Geo36,2021-08-02,155238,0,641630,3080397,1.2531562,-1.5896592,1138.3173,0.0,4767.904,24005.043,0,0.0,18014590.0,0.02006879,969886.5,361531.0236461
Geo36,2021-08-09,4062470,0,431146,6075616,0.49369216,0.97671694,29788.969,0.0,3203.8132,47346.31,824802,0.31180948,14940512.0,0.020035997,969886.5,299348.053610464
Geo36,2021-08-16,720971,1824956,0,1433561,-2.1098154,0.7110295,5286.6807,17594.824,0.0,11171.512,2916920,0.0,22845962.0,0.020111317,969886.5,459462.383951954
Geo36,2021-08-23,1876928,399183,0,3794122,-1.4508985,-0.042521477,13762.993,3848.6157,0.0,29566.988,0,0.001603216,21448048.0,0.02004737,969886.5,429976.95403375995
Geo36,2021-08-30,1226507,2615904,4822958,6602060,2.7238371,1.8084627,8993.636,25220.535,35839.035,51448.8,3530949,1.2960014,22494686.0,0.020168314,969886.5,453679.890579404
Geo36,2021-09-06,1486004,2446714,0,3719486,0.3342461,-0.428454,10896.456,23589.336,0.0,28985.361,0,0.0,12634882.0,0.02003204,969886.5,253102.46161928002
Geo36,2021-09-13,1425144,1975774,502179,4529632,0.53023225,0.50928706,10450.186,19048.895,3731.6543,35298.7,0,0.0,23267874.0,0.020015446,969886.5,465716.87558180396
Geo36,2021-09-20,176952,13000,0,2380628,-0.96693265,-1.2104983,1297.54,125.336006,0.0,18551.854,0,0.07632746,22502632.0,0.019908274,969886.5,447988.563577168
Geo36,2021-09-27,929876,0,0,763044,-1.404858,-0.6930652,6818.5234,0.0,0.0,5946.28,166147,0.7812637,27584774.0,0.0199284,969886.5,549720.4101816
Geo36,2021-10-04,2410094,1790176,1206736,5746145,0.6530025,0.85954565,17672.553,17259.502,8967.164,44778.793,0,0.037554443,22385656.0,0.020165145,969886.5,451409.99916012
Geo36,2021-10-11,3538936,1910483,0,5724344,-0.4337216,1.0528104,25950.037,18419.408,0.0,44608.9,1597820,0.0,25432468.0,0.020208044,969886.5,513940.43237259204
Geo36,2021-10-18,3391594,825217,257335,2002639,-1.0379748,-0.77440166,24869.62,7956.108,1912.2368,15606.246,787987,2.3513825,22232060.0,0.019980062,969886.5,444197.93718772
Geo36,2021-10-25,1162211,792393,0,2632161,-0.0484246,-1.2083418,8522.171,7639.6445,0.0,20512.01,0,0.29849952,24717730.0,0.020152729,969886.5,498129.71418517
Geo36,2021-11-01,3653888,0,0,2364511,-0.6267403,-0.56881243,26792.95,0.0,0.0,18426.258,202309,0.0,17846358.0,0.020058312,969886.5,357967.816827696
Geo36,2021-11-08,0,0,0,2887298,-0.7979451,-0.5370066,0.0,0.0,0.0,22500.252,2394593,0.0,14684634.0,0.02009601,969886.5,295102.55171034
Geo36,2021-11-15,1220270,1778566,0,3948314,0.20317164,1.082557,8947.902,17147.566,0.0,30768.582,1857838,0.0,23418198.0,0.01991961,969886.5,466481.37106278003
Geo36,2021-11-22,2533046,2185565,4160359,7625789,3.6128526,3.0226483,18574.127,21071.537,30915.314,59426.555,2969190,0.0,19731798.0,0.020251011,969886.5,399588.858347778
Geo36,2021-11-29,2168558,0,0,6756267,-0.35828033,1.7423654,15901.435,0.0,0.0,52650.51,2538783,1.1388354,24634820.0,0.020149535,969886.5,496380.1678087
Geo36,2021-12-06,0,679396,0,2048227,0.913309,-1.5624354,0.0,6550.214,0.0,15961.506,0,0.21306205,17869440.0,0.019990047,969886.5,357210.94546368
Geo36,2021-12-13,1724586,2094186,2088259,4940010,0.85518956,1.8820181,12645.912,20190.531,15517.695,38496.707,2213668,0.14850378,27193268.0,0.01996561,969886.5,542930.18351348
Geo36,2021-12-20,2066157,590627,0,2984383,-1.1462317,0.12065528,15150.557,5694.3716,0.0,23256.82,0,1.1138399,22121738.0,0.01992895,969886.5,440863.01051510003
Geo36,2021-12-27,1705530,180712,283853,1678349,-0.70725524,0.16427648,12506.179,1742.2863,2109.2903,13079.106,0,0.50215584,21606740.0,0.02003901,969886.5,432977.6789274
Geo36,2022-01-03,1346678,1791154,1367712,4487158,1.1636454,0.7028799,9874.817,17268.93,10163.364,34967.707,1107186,0.0,24773998.0,0.019898793,969886.5,492972.657984414
Geo36,2022-01-10,4088132,1680966,0,3058853,-1.1210957,0.08829289,29977.14,16206.582,0.0,23837.154,0,0.0,18670318.0,0.020064577,969886.5,374612.033125486
Geo36,2022-01-17,699397,331401,1784810,3198001,0.8096144,1.0205717,5128.4844,3195.1138,13262.788,24921.512,1026710,0.0,20561034.0,0.019866904,969886.5,408484.088618736
Geo36,2022-01-24,5192032,2434972,0,2118106,-0.8884622,0.61550385,38071.73,23476.129,0.0,16506.062,153775,1.7415636,15429656.0,0.020089865,969886.5,309979.70603644
Geo36,2022-01-31,1823164,100948,0,2816328,1.6940407,0.06855285,13368.757,973.26306,0.0,21947.193,224002,0.19745165,23405486.0,0.01991235,969886.5,466058.2291521
Geo36,2022-02-07,2393930,835986,0,2744190,0.98643345,0.15650177,17554.025,8059.9346,0.0,21385.033,689052,0.18124187,15849884.0,0.02000973,969886.5,317151.89937132
Geo36,2022-02-14,1553325,956298,0,2923297,0.13110161,0.26129732,11390.102,9219.89,0.0,22780.787,1477322,0.0,9630621.0,0.019935008,969886.5,191986.506679968
Geo36,2022-02-21,961464,290841,0,4829844,0.6164048,-0.66678643,7050.1494,2804.0654,0.0,37638.203,1414415,1.7072785,23200724.0,0.019807272,969886.5,459543.050864928
Geo36,2022-02-28,813519,265800,0,1075241,-2.361592,0.6245859,5965.3096,2562.6392,0.0,8379.182,1290948,0.42765796,26746110.0,0.019975347,969886.5,534262.82815017
Geo36,2022-03-07,1241140,1043188,0,371184,-0.49751958,-0.9955595,9100.936,10057.617,0.0,2892.5776,429137,0.0,20748504.0,0.020036595,969886.5,415729.37150388
Geo36,2022-03-14,828685,828504,592428,3217104,0.859791,0.97896147,6076.5176,7987.799,4402.2876,25070.379,3190605,0.0,20643324.0,0.01974636,969886.5,407630.50730064005
Geo36,2022-03-21,0,1984956,0,2905726,-0.5662036,0.33567998,0.0,19137.42,0.0,22643.86,2021286,0.0,22769024.0,0.019972516,969886.5,454754.696144384
Geo36,2022-03-28,557090,703403,0,333537,-2.1632507,-1.2255361,4084.9868,6781.671,0.0,2599.2007,182111,0.65012634,27905836.0,0.02004955,969886.5,559499.4541738
Geo36,2022-04-04,696451,1056235,245798,2649432,-1.433856,0.19315457,5106.8823,10183.406,1826.5063,20646.6,1017078,0.4831298,24754722.0,0.019981654,969886.5,494640.28987018805
Geo36,2022-04-11,1323309,0,0,3627366,-0.5174981,-1.3294307,9703.459,0.0,0.0,28267.484,282711,0.0,26294026.0,0.019914249,969886.5,523625.78097647394
Geo36,2022-04-18,0,0,0,168992,-0.87795806,-1.6812291,0.0,0.0,0.0,1316.9277,0,0.0,14130205.0,0.020079654,969886.5,283729.62734907
Geo36,2022-04-25,639123,0,0,0,-2.06571,-0.18780732,4686.512,0.0,0.0,0.0,0,0.0,26316872.0,0.020068625,969886.5,528143.435341
Geo36,2022-05-02,1090517,879551,1023545,3148306,0.6109433,0.09619099,7996.459,8479.955,7605.8857,24534.246,1650844,0.20783176,18684482.0,0.019967888,969886.5,373089.64391401596
Geo36,2022-05-09,1376810,818072,0,3830889,-0.85224843,0.28739733,10095.767,7887.2217,0.0,29853.506,0,0.0,15486409.0,0.019847149,969886.5,307361.066897941
Geo36,2022-05-16,2537274,1003624,0,1225339,-1.9775074,-0.38624203,18605.129,9676.171,0.0,9548.871,265027,0.6888809,28485832.0,0.020008981,969886.5,569972.471257192
Geo36,2022-05-23,324465,1571265,2682720,2825928,1.0606043,0.3031181,2379.212,15148.93,19935.09,22022.006,1808449,0.0,18798226.0,0.02002712,969886.5,376474.32788912
Geo36,2022-05-30,0,922330,0,5266914,1.6659703,-0.61230654,0.0,8892.397,0.0,41044.22,229378,0.47343713,12614200.0,0.020159567,969886.5,254296.8100514
Geo36,2022-06-06,0,0,0,0,-1.8628485,-2.9311938,0.0,0.0,0.0,0.0,1664340,0.8488523,21754458.0,0.01996882,969886.5,434410.85599956004
Geo36,2022-06-13,2674104,82731,0,2400676,-0.75038296,-0.19562978,19608.465,797.6287,0.0,18708.086,2505094,1.4254485,15707282.0,0.0200106,969886.5,314312.1371892
Geo36,2022-06-20,2946225,2640886,0,4272078,0.18450847,0.61547905,21603.852,25461.395,0.0,33291.62,654853,0.0,19399020.0,0.01985409,969886.5,385149.8889918
Geo36,2022-06-27,2989129,2479893,314703,2969762,-0.04691732,0.23820233,21918.455,23909.223,2338.5342,23142.883,502545,1.1124179,26233412.0,0.019971605,969886.5,523923.34226626
Geo36,2022-07-04,2426551,1071760,1720753,4191004,1.2763582,-0.6088602,17793.227,10333.086,12786.785,32659.826,274614,2.167496,32615246.0,0.019925695,969886.5,649881.44414597
Geo36,2022-07-11,1701350,0,0,3683768,-0.27250463,-0.689705,12475.529,0.0,0.0,28707.016,2028632,1.8027198,20817290.0,0.019964011,969886.5,415596.60655019
Geo36,2022-07-18,1159448,0,0,2369462,-0.7035469,-1.0216188,8501.911,0.0,0.0,18464.84,261093,0.0,28681858.0,0.019887548,969886.5,570411.827704184
Geo36,2022-07-25,393243,1734821,0,756786,-4.8256345,0.36238343,2883.542,16725.81,0.0,5897.5127,0,0.0,29937032.0,0.02001047,969886.5,599054.0807250399
Geo36,2022-08-01,2944073,1021077,929733,5098078,1.2082438,0.22355258,21588.072,9844.44,6908.7754,39728.508,2764658,0.0,22871294.0,0.020088144,969886.5,459441.847338336
Geo36,2022-08-08,5012579,936950,0,2896691,0.7727089,0.66369766,36755.855,9033.352,0.0,22573.45,114814,0.6177071,23795576.0,0.019981254,969886.5,475465.448132304
Geo36,2022-08-15,1571079,0,0,2027591,-0.27255276,-0.31259868,11520.287,0.0,0.0,15800.693,330852,0.0,18015684.0,0.019919232,969886.5,358858.58923468797
Geo36,2022-08-22,34329,1191020,0,975208,1.1185654,-2.145217,251.72505,11482.9,0.0,7599.6406,0,0.0,24394500.0,0.020118348,969886.5,490777.040286
Geo36,2022-08-29,1474164,1791518,2803798,5976953,2.4324083,-0.32954854,10809.636,17272.44,20834.812,46577.44,3345522,1.9334695,21313902.0,0.02010649,969886.5,428547.75742398005
Geo36,2022-09-05,2398912,4397540,0,3046528,-0.7746128,1.6460147,17590.559,42397.7,0.0,23741.105,796593,0.739111,21372448.0,0.020109791,969886.5,429795.46243836795
Geo36,2022-09-12,787467,1233526,0,2397132,0.4586314,0.26532584,5774.2773,11892.71,0.0,18680.469,82694,0.0,20084200.0,0.01991881,969886.5,400053.36380199995
Geo36,2022-09-19,0,910421,2350166,3441914,2.0438247,0.8396449,0.0,8777.58,17463.906,26822.285,2611136,0.0,11464450.0,0.019760633,969886.5,226544.78899685
Geo36,2022-09-26,2762718,1308466,2298362,5191356,-0.108398974,1.5175264,20258.246,12615.224,17078.953,40455.406,2284772,1.9523597,24204212.0,0.0198834,969886.5,481262.0288808
Geo36,2022-10-03,767486,1120014,0,2448998,-0.14789522,-1.1608946,5627.7627,10798.314,0.0,19084.65,0,0.0,21782652.0,0.020173118,969886.5,439424.009148936
Geo36,2022-10-10,921301,862365,611149,4879816,0.89079344,-0.10116857,6755.645,8314.261,4541.402,38027.63,51765,1.3989781,23093976.0,0.019986082,969886.5,461558.098042032
Geo36,2022-10-17,2130739,0,0,5451322,-1.0454669,2.1314948,15624.119,0.0,0.0,42481.285,2235654,0.37038302,33257838.0,0.019986758,969886.5,664716.359709204
Geo36,2022-10-24,4333412,2817228,830098,5750524,-0.68215275,1.6061767,31775.71,27161.549,6168.3955,44812.914,0,1.3133895,24605608.0,0.019733993,969886.5,485566.89603274397
Geo36,2022-10-31,2399804,446062,1215418,2987052,0.55825436,1.0624329,17597.098,4300.587,9031.679,23277.62,0,0.06396556,16606228.0,0.02010608,969886.5,333886.14866624
Geo36,2022-11-07,1485158,405503,0,4355696,1.3409601,-0.24308223,10890.252,3909.5483,0.0,33943.242,57428,0.49409944,19191342.0,0.020174699,969886.5,387179.548256058
Geo36,2022-11-14,1874405,0,0,1546235,-0.72396284,-0.82379293,13744.493,0.0,0.0,12049.563,1334035,1.8064451,18376456.0,0.020117896,969886.5,369695.630656576
Geo36,2022-11-21,4161775,1849767,4862704,6396127,2.4364524,1.9844842,30517.145,17834.031,36134.383,49843.996,2412204,0.54233277,19043524.0,0.019937173,969886.5,379674.03251765197
Geo36,2022-11-28,2779816,1760395,0,3877806,-0.6050658,0.3684554,20383.621,16972.377,0.0,30219.123,42430,0.0,26983268.0,0.02004417,969886.5,540857.21094756
Geo36,2022-12-05,0,273524,12923,4472439,0.4786752,0.7593228,0.0,2637.1082,96.02984,34853.004,0,0.2515484,16876712.0,0.020074097,969886.5,338784.75372906396
Geo36,2022-12-12,1228641,1690728,0,1781336,-1.1836411,-1.085317,9009.284,16300.7,0.0,13881.667,0,1.4043897,15506528.0,0.020012716,969886.5,310327.741010048
Geo36,2022-12-19,301267,0,53888,3267017,-0.39844075,0.46000314,2209.1074,0.0,400.43765,25459.342,0,0.0,29563306.0,0.020022057,969886.5,591918.197840442
Geo36,2022-12-26,2350117,2236600,3067975,3260793,1.9902164,0.57191014,17232.758,21563.578,22797.89,25410.84,1725010,0.12159305,22858320.0,0.019789005,969886.5,452343.4087716
Geo36,2023-01-02,3034638,1617335,0,3946282,-0.24835247,0.65450716,22252.16,15593.101,0.0,30752.746,1078222,1.4578061,26721474.0,0.019918038,969886.5,532239.334548012
Geo36,2023-01-09,1390885,0,0,4552996,0.030499995,-1.2994237,10198.975,0.0,0.0,35480.773,0,0.0,21434312.0,0.0199643,969886.5,427921.03506160004
Geo36,2023-01-16,1016671,828249,830779,940555,-0.70353717,0.5962521,7454.967,7985.3403,6173.456,7329.595,811812,0.0,25908580.0,0.020000776,969886.5,518191.70505808
Geo36,2023-01-23,1252572,0,1955426,2852634,-0.12515545,0.8754668,9184.764,0.0,14530.623,22230.121,1669094,0.0,12543085.0,0.020098833,969886.5,252101.370719805
Geo36,2023-01-30,2100874,0,0,3385666,0.37669402,-0.45007157,15405.127,0.0,0.0,26383.955,0,0.0,19783322.0,0.019983798,969886.5,395345.910616956
Geo36,2023-02-06,1658555,1701650,375578,2446984,1.0448017,0.29497036,12161.725,16406.002,2790.8918,19068.955,2250692,0.20555228,23201848.0,0.019913021,969886.5,462018.886462808
Geo36,2023-02-13,1757010,1316479,0,2711677,-0.007958114,0.63167524,12883.668,12692.479,0.0,21131.666,561559,0.0,16565166.0,0.020042088,969886.5,332000.51470660797
Geo36,2023-02-20,0,0,0,3536038,1.5052338,-0.90884113,0.0,0.0,0.0,27555.78,1212917,0.0,17722738.0,0.019955307,969886.5,353662.67767056596
Geo36,2023-02-27,827814,757173,0,372682,-2.5736113,-0.7448974,6070.131,7300.08,0.0,2904.2515,571402,0.0,23718300.0,0.02003161,969886.5,475115.73546299996
Geo36,2023-03-06,1985822,19996,0,2900909,0.067794636,-0.51696455,14561.483,192.78606,0.0,22606.322,182167,0.0,11245228.0,0.020062516,969886.5,225607.566673648
Geo36,2023-03-13,1333752,0,0,338274,-1.8233749,-2.69113,9780.034,0.0,0.0,2636.1152,0,0.5942279,24765856.0,0.02000546,969886.5,495452.34157376
Geo36,2023-03-20,1569977,0,0,416950,-2.068432,-1.8535955,11512.207,0.0,0.0,3249.2249,0,0.0,18063814.0,0.020086002,969886.5,362829.80413162796
Geo36,2023-03-27,2701164,773403,827921,5389148,0.3406769,0.9428309,19806.889,7456.5576,6152.2183,41996.773,960188,0.23365247,25399970.0,0.020127777,969886.5,511244.93196669
Geo36,2023-04-03,3435382,2340027,0,3996617,-1.276701,0.3440808,25190.705,22560.742,0.0,31144.998,811440,1.74069,23611978.0,0.020004781,969886.5,472352.448866818
Geo36,2023-04-10,3478577,0,0,3648880,-0.7628661,-0.124880314,25507.441,0.0,0.0,28435.14,0,0.0,23275792.0,0.02002905,969886.5,466192.0017576
Geo36,2023-04-17,2062697,792046,0,1759008,-1.3292065,-0.2673625,15125.186,7636.299,0.0,13707.669,0,0.0,27258582.0,0.020115657,969886.5,548324.285818374
Geo36,2023-04-24,1371012,1219042,0,2796365,-0.24923068,-0.26440403,10053.251,11753.066,0.0,21791.627,175734,0.0,21855696.0,0.019984003,969886.5,436764.294431088
Geo36,2023-05-01,1788863,692683,3159969,4956820,2.3891935,0.2283014,13117.237,6678.317,23481.49,38627.707,2343040,0.0,22943944.0,0.019868653,969886.5,455865.261787432
Geo36,2023-05-08,1021178,587686,0,235084,-1.7450211,-0.8324127,7488.0156,5666.017,0.0,1831.9722,309933,0.0,16024834.0,0.020162644,969886.5,323103.023101096
Geo36,2023-05-15,2976111,0,0,1390126,-1.4759701,-0.8075181,21822.998,0.0,0.0,10833.03,497680,2.0348299,25963218.0,0.020088816,969886.5,521570.309169888
Geo36,2023-05-22,782383,2307384,2562006,5795788,0.7182954,0.37733275,5736.998,22246.023,19038.072,45165.652,1671169,0.0,20500402.0,0.019918539,969886.5,408338.056752678
Geo36,2023-05-29,1016314,0,0,17557,-3.054814,-1.8062251,7452.349,0.0,0.0,136.81891,0,1.6038796,29318586.0,0.01987148,969886.5,582603.69532728
Geo36,2023-06-05,3327932,0,0,1762466,-0.7650831,0.10100524,24402.805,0.0,0.0,13734.616,82153,0.0,22901740.0,0.019925917,969886.5,456338.17039558
Geo36,2023-06-12,2655049,441059,0,1408521,-1.8239868,-1.071545,19468.74,4252.352,0.0,10976.379,0,0.61140543,17693434.0,0.019907469,969886.5,352231.488858546
Geo36,2023-06-19,1058400,558822,0,182024,-3.3721185,-0.6898047,7760.954,5387.7324,0.0,1418.484,0,0.0,29462440.0,0.019960498,969886.5,588084.97469512
Geo36,2023-06-26,926069,1762448,0,2203763,1.0418524,-0.46901977,6790.6074,16992.17,0.0,17173.574,1452852,0.6666408,4166830.8,0.020042654,969886.5,83514.3480009432
Geo36,2023-07-03,1387608,0,0,1708478,0.013176534,-0.92776835,10174.945,0.0,0.0,13313.897,0,0.0,19825598.0,0.019920487,969886.5,394935.56722622603
Geo36,2023-07-10,3395617,532165,2426216,3452734,0.20690376,2.393032,24899.12,5130.726,18029.027,26906.605,1151376,0.7170191,30902182.0,0.019945458,969886.5,616358.173189356
Geo36,2023-07-17,0,232646,0,0,0.12965739,-2.0582986,0.0,2242.994,0.0,0.0,0,0.0,13078441.0,0.020129832,969886.5,263266.820151912
Geo36,2023-07-24,1655839,0,0,318217,-2.069341,0.61527795,12141.809,0.0,0.0,2479.8142,2557772,0.0,25099932.0,0.020000158,969886.5,502002.605789256
Geo36,2023-07-31,1638901,52889,1732825,3147071,0.042842947,1.7918856,12017.607,509.9151,12876.492,24524.621,2375974,0.91369617,23287226.0,0.019990174,969886.5,465515.699717324
Geo36,2023-08-07,2096435,431708,989343,4174971,1.2384422,-0.3807509,15372.577,4162.197,7351.733,32534.885,1313874,0.0,22831174.0,0.019892192,969886.5,454162.096793408
Geo36,2023-08-14,3161581,11681,109578,3997418,-1.6641542,0.45014852,23182.998,112.619225,814.2658,31151.24,1539200,2.2323627,34850496.0,0.020069042,969886.5,699416.0679448319
Geo36,2023-08-21,3206200,1652856,0,3153870,1.1201957,-0.3020954,23510.176,15935.567,0.0,24577.605,111300,0.0,16486089.0,0.020211507,969886.5,333208.703226123
Geo36,2023-08-28,240814,0,0,3046178,-0.33715546,-1.7275898,1765.8224,0.0,0.0,23738.38,0,0.71237195,16833836.0,0.020117102,969886.5,338647.995863272
Geo36,2023-09-04,3210266,0,87282,4606172,-0.07564098,1.0881019,23539.992,0.0,648.58594,35895.164,1135374,0.025983807,16642473.0,0.020042859,969886.5,333562.739750307
Geo36,2023-09-11,3355858,1709147,1464180,5850372,3.282673,-0.22945336,24607.578,16478.281,10880.211,45591.016,2114158,1.3274157,15813378.0,0.020194367,969886.5,319341.158841726
Geo36,2023-09-18,0,1691653,0,2364270,1.1674485,-0.73056084,0.0,16309.618,0.0,18424.379,1038585,0.06327243,20574386.0,0.0198462,969886.5,408323.37943320005
Geo36,2023-09-25,872834,0,1294866,2982125,1.5441167,-0.3698038,6400.25,0.0,9622.051,23239.225,949034,0.9477732,19408506.0,0.019948041,969886.5,387161.673436746
Geo36,2023-10-02,3955010,1060363,2330907,5549143,-0.3420857,2.4369376,29000.994,10223.205,17320.795,43243.59,1223019,1.8898258,36644916.0,0.020029498,969886.5,733979.271732168
Geo36,2023-10-09,3399521,733740,3744202,4625052,1.1722853,2.09933,24927.746,7074.157,27822.883,36042.293,4083109,1.5256057,23950908.0,0.020080447,969886.5,480944.93869587604
Geo36,2023-10-16,1340371,0,0,2720030,1.7709435,-0.46283114,9828.569,0.0,0.0,21196.76,1781895,0.32533878,16532328.0,0.020105906,969886.5,332397.432729168
Geo36,2023-10-23,4658004,358843,2203295,5863142,-0.16377985,3.374263,34155.85,3459.6885,16372.519,45690.53,2638621,0.41536614,25073602.0,0.02008088,969886.5,503499.99292975996
Geo36,2023-10-30,178082,1341294,0,2553208,-0.2749994,-1.3630152,1305.826,12931.726,0.0,19896.742,0,0.30772632,25477968.0,0.019900626,969886.5,507027.51240796805
Geo36,2023-11-06,2412694,2462952,0,4127443,0.45244008,-0.65727913,17691.617,23745.89,0.0,32164.504,0,1.1846998,18311566.0,0.020008048,969886.5,366378.691483168
Geo36,2023-11-13,3220812,1280160,0,4741140,-0.008431591,1.5874645,23617.322,12342.319,0.0,36946.95,578055,1.0974791,24412170.0,0.01997198,969886.5,487559.3709966
Geo36,2023-11-20,0,700976,663233,2205170,0.3263275,-0.6455724,0.0,6758.272,4928.4346,17184.537,0,0.0,13163104.0,0.019835742,969886.5,261099.934863168
Geo36,2023-11-27,0,1852025,0,2225628,-0.0955126,-0.39258146,0.0,17855.803,0.0,17343.965,0,1.8379997,20110348.0,0.020014172,969886.5,402491.963851856
Geo36,2023-12-04,1563353,1486114,3458448,3412205,1.1148798,0.06963217,11463.635,14327.969,25699.467,26590.77,0,1.5428777,15497662.0,0.02004624,969886.5,310669.85189088
Geo36,2023-12-11,2096230,1048137,0,6805127,1.4839648,-1.3839935,15371.074,10105.331,0.0,53031.27,1451203,2.113863,10354577.0,0.02006407,969886.5,207754.95774839
Geo36,2023-12-18,595379,0,0,5147940,1.36075,-0.82322377,4365.7495,0.0,0.0,40117.074,2699721,0.0,11386201.0,0.020020729,969886.5,227960.044560529
Geo36,2023-12-25,3601028,109007,2516426,6472930,0.64528155,2.5387006,26405.342,1050.9618,18699.371,50442.51,4457710,1.2657382,30048836.0,0.020005163,969886.5,601131.862140268
Geo36,2024-01-01,1325966,446054,1459291,4427368,0.992585,1.5232714,9722.942,4300.51,10843.881,34501.773,1047189,0.0,7606600.0,0.019993871,969886.5,152085.3791486
Geo36,2024-01-08,2861252,2500559,0,275301,-0.02510479,0.000155121,20980.768,24108.469,0.0,2145.3767,266905,0.0,13565165.0,0.01995405,969886.5,270679.98066825
Geo36,2024-01-15,0,0,0,5474916,-0.7823376,1.1865946,0.0,0.0,0.0,42665.15,1147507,0.24915972,19674148.0,0.019975735,969886.5,393005.56679878006
Geo37,2021-01-25,1897638,230933,420245,1685284,1.0477024,1.3681945,13914.854,2226.4785,3122.8088,13133.149,1008762,0.587573,4331589.5,0.019911319,327985.06,86247.6603115505
Geo37,2021-02-01,890439,888235,265140,1861923,1.0430461,1.31633,6529.3423,8563.679,1970.2352,14509.669,643252,0.9991083,6689492.0,0.019941304,327985.06,133397.193577568
Geo37,2021-02-08,849723,418290,927258,2099528,0.58622193,2.128373,6230.7837,4032.8308,6890.384,16361.287,299057,0.0,5670751.5,0.019890856,327985.06,112796.10149828398
Geo37,2021-02-15,373327,0,0,354152,0.968603,-2.4031062,2737.5034,0.0,0.0,2759.85,0,0.0,2992790.5,0.020060332,327985.06,60036.371036446
Geo37,2021-02-22,1352138,229099,578955,1141835,0.12723134,0.60977566,9914.854,2208.7964,4302.171,8898.138,803658,2.7613642,7776757.0,0.019969175,327985.06,155295.421465475
Geo37,2021-03-01,282087,0,0,477244,-1.588481,-0.75076246,2068.4658,0.0,0.0,3719.0862,0,0.3454592,9032444.0,0.0199183,327985.06,179910.9293252
Geo37,2021-03-08,722310,0,0,1841877,-1.0805454,0.5786578,5296.4995,0.0,0.0,14353.454,0,0.0,7214817.0,0.019859772,327985.06,143284.620641724
Geo37,2021-03-15,535856,226883,162303,1187490,0.81823194,-0.24010569,3929.2837,2187.4314,1206.0614,9253.92,914408,0.0,4390870.5,0.020088416,327985.06,88205.63320612801
Geo37,2021-03-22,227440,0,0,967887,1.0869517,-1.6331811,1667.7545,0.0,0.0,7542.589,889831,0.2997852,6899548.5,0.019934896,327985.06,137541.781794456
Geo37,2021-03-29,703151,111069,0,892615,0.22862121,-0.29834712,5156.0117,1070.842,0.0,6956.0063,52471,0.0,6374430.0,0.020135326,327985.06,128351.22611418
Geo37,2021-04-05,457513,0,289063,1510771,-0.73533785,0.000503778,3354.8162,0.0,2148.0054,11773.197,384458,0.7675766,9345665.0,0.02014548,327985.06,188272.9073442
Geo37,2021-04-12,266437,351329,107058,995857,0.76429117,0.80375755,1953.7087,3387.2441,795.53986,7760.5547,744315,0.20580558,6448065.0,0.019768186,327985.06,127466.54826009
Geo37,2021-04-19,9934,0,0,230748,-2.9053354,-1.2048163,72.84328,0.0,0.0,1798.1824,0,0.0,12076863.0,0.019993527,327985.06,241459.086465801
Geo37,2021-04-26,1293311,375717,0,1539614,1.1571913,-0.48682094,9483.491,3622.3745,0.0,11997.966,425263,0.1922928,2332030.2,0.020003194,327985.06,46648.0525044588
Geo37,2021-05-03,873127,0,0,880300,-0.526715,0.5528609,6402.3984,0.0,0.0,6860.0376,252906,0.88663965,5891456.0,0.020046912,327985.06,118105.499983872
Geo37,2021-05-10,327489,387600,0,1431848,-0.7084398,-1.0022624,2401.3862,3736.9412,0.0,11158.163,157664,1.7306337,9043800.0,0.020060072,327985.06,181419.27915360001
Geo37,2021-05-17,352413,565487,0,477044,-1.220243,-0.111238375,2584.147,5451.991,0.0,3717.5278,283824,1.695379,8690786.0,0.02012969,327985.06,174942.82803633998
Geo37,2021-05-24,449987,0,0,691711,-1.9681567,-0.003742665,3299.63,0.0,0.0,5390.3936,124089,0.0,9658702.0,0.019983152,327985.06,193011.310188704
Geo37,2021-05-31,0,846272,0,634667,-0.8935852,0.9042009,0.0,8159.1045,0.0,4945.8584,0,0.0,8455572.0,0.019855784,327985.06,167892.011228448
Geo37,2021-06-07,551442,40658,155693,1301220,1.8038386,-0.5466696,4043.5715,391.9932,1156.9429,10140.2,124167,0.0,6458616.0,0.020092575,327985.06,129770.22637620001
Geo37,2021-06-14,819475,562326,0,1131376,-0.04497713,-0.29435423,6008.9834,5421.515,0.0,8816.633,0,0.68392086,8559938.0,0.020019758,327985.06,171367.887255004
Geo37,2021-06-21,1180042,540721,280297,1263864,-0.7366457,0.5620097,8652.921,5213.2163,2082.866,9849.091,279984,1.9626303,7521253.0,0.01983697,327985.06,149198.87012341
Geo37,2021-06-28,661208,504599,1143690,1582488,2.0081425,0.44489586,4848.455,4864.956,8498.674,12332.077,794060,0.0,3124811.5,0.019905819,327985.06,62201.932128118504
Geo37,2021-07-05,533214,62007,0,910999,-1.338093,-0.673963,3909.9106,597.82385,0.0,7099.27,237834,0.0,5786851.0,0.020007942,327985.06,115782.97917064201
Geo37,2021-07-12,868477,310489,0,881336,-0.10340235,-0.43389475,6368.3013,2993.4963,0.0,6868.111,0,0.0,4772367.0,0.02016663,327985.06,96242.55951321001
Geo37,2021-07-19,0,0,0,440470,-1.0836364,-1.4332192,0.0,0.0,0.0,3432.5125,0,0.0,6176032.5,0.020060912,327985.06,123896.84449164
Geo37,2021-07-26,179737,480692,642389,1098886,0.4610947,0.7095518,1317.9617,4634.463,4773.544,8563.443,0,0.0,7638566.0,0.019926535,327985.06,152210.15274880998
Geo37,2021-08-02,332884,712018,0,349482,0.21319306,-0.8707012,2440.9463,6864.7305,0.0,2723.4575,0,0.0,3998312.0,0.02007247,327985.06,80255.99767063999
Geo37,2021-08-09,1236331,240619,487521,1869378,0.012723491,0.8396511,9065.673,2319.8635,3622.7317,14567.765,113307,0.15973343,2451505.8,0.020022752,327985.06,49085.8926599616
Geo37,2021-08-16,473553,259155,0,762896,-0.1950603,-0.39587262,3472.433,2498.5732,0.0,5945.127,0,0.0,8392320.0,0.020002117,327985.06,167864.16654144
Geo37,2021-08-23,997067,541166,0,1000547,-1.2443173,0.31787997,7311.2163,5217.5063,0.0,7797.103,0,0.8876709,6981114.5,0.019972356,327985.06,139429.304070762
Geo37,2021-08-30,459242,757136,506679,1814952,1.6268938,1.4783905,3367.4944,7299.7236,3765.0933,14143.631,1295698,0.12096292,7696971.0,0.02001283,327985.06,154038.17213793
Geo37,2021-09-06,45099,1200619,0,867249,-2.2598102,-0.024327815,330.69846,11575.446,0.0,6758.333,225366,0.0,9804779.0,0.019927848,327985.06,195388.14558559202
Geo37,2021-09-13,470257,0,68007,642684,0.29160827,-0.472067,3448.2644,0.0,505.3549,5008.334,0,0.0,4836422.5,0.020015938,327985.06,96805.532901805
Geo37,2021-09-20,1032078,980787,0,2089860,0.25105804,0.86442214,7567.942,9455.995,0.0,16285.946,646889,0.8047098,3904386.8,0.020056471,327985.06,78308.22062698279
Geo37,2021-09-27,103935,700618,0,829121,0.3957855,-0.37607044,762.1266,6754.8203,0.0,6461.2075,200476,0.0,5313354.5,0.020159345,327985.06,107113.7464728025
Geo37,2021-10-04,998056,738146,103266,1418272,0.7725134,1.2952857,7318.4683,7116.6367,767.3618,11052.367,292042,0.7634261,4683234.0,0.019896677,327985.06,93180.794213418
Geo37,2021-10-11,805936,1090257,398703,1064634,0.1559391,0.3351966,5909.7056,10511.42,2962.7317,8296.523,464396,0.0,6235950.0,0.019890727,327985.06,124037.57903565001
Geo37,2021-10-18,588115,0,1110620,1309438,2.0233371,-1.1325119,4312.4844,0.0,8252.934,10204.241,326707,1.7090715,4250954.5,0.01998886,327985.06,84971.73436687
Geo37,2021-10-25,319337,384211,70764,804823,1.5250853,-0.48436657,2341.6099,3704.2673,525.8419,6271.8574,448177,0.0,6387701.5,0.02014348,327985.06,128670.53741122
Geo37,2021-11-01,850714,390601,398592,1475628,1.0335653,2.80084,6238.05,3765.8748,2961.907,11499.334,697571,0.44168985,1848880.2,0.020017993,327985.06,37010.870901438604
Geo37,2021-11-08,736928,541181,454434,1660048,0.9648614,1.3293447,5403.689,5217.6514,3376.8647,12936.489,745669,0.0,6097297.5,0.019879917,327985.06,121213.7682243075
Geo37,2021-11-15,652831,522848,321268,2182247,-0.22987634,2.1588418,4787.029,5040.8984,2387.3184,17005.902,1378141,2.5194888,6129131.0,0.019836359,327985.06,121579.64287402901
Geo37,2021-11-22,1271330,1392548,1564341,3096002,3.07265,3.035625,9322.311,13425.878,11624.5,24126.65,1285324,0.0,4812140.0,0.020049045,327985.06,96478.81140630001
Geo37,2021-11-29,616808,36851,324418,1000030,0.11450458,-0.016966853,4522.8823,355.28903,2410.7258,7793.0747,204112,0.0,2898431.5,0.020014532,327985.06,58010.750006558
Geo37,2021-12-06,40416,0,0,0,-0.38041586,-1.7085532,296.35934,0.0,0.0,0.0,343558,0.55933553,7138446.5,0.019911874,327985.06,142139.847263741
Geo37,2021-12-13,433321,817650,548156,1577782,-0.16805363,1.9610355,3177.423,7883.153,4073.3057,12295.403,129758,0.32339758,7949948.0,0.019975895,327985.06,158807.32650346
Geo37,2021-12-20,816376,0,0,666660,-2.7353616,0.02888915,5986.259,0.0,0.0,5195.175,161903,1.893243,11615221.0,0.019963427,327985.06,231879.616522367
Geo37,2021-12-27,729684,0,0,694029,-1.8320369,-0.7055795,5350.571,0.0,0.0,5408.4575,0,1.0180173,7315792.0,0.019924555,327985.06,145763.90007256
Geo37,2022-01-03,786706,828724,0,1178264,0.36439914,-0.19345145,5768.6973,7989.92,0.0,9182.023,313356,2.229563,5609661.5,0.01985384,327985.06,111373.32187516
Geo37,2022-01-10,633301,0,0,580690,-1.4882832,0.04514447,4643.821,0.0,0.0,4525.2246,0,0.0,6544377.0,0.020003565,327985.06,130910.870704005
Geo37,2022-01-17,0,0,0,245241,-1.5186813,-1.189699,0.0,0.0,0.0,1911.124,0,0.0,8058902.5,0.020002222,327985.06,161195.956881355
Geo37,2022-01-24,0,0,0,384819,-0.08731413,-1.5742049,0.0,0.0,0.0,2998.833,0,0.0,7383694.5,0.019980693,327985.06,147531.3330102885
Geo37,2022-01-31,449179,153070,0,830194,0.596308,0.18402106,3293.7053,1475.7832,0.0,6469.5693,0,0.043581545,7771477.0,0.01990975,327985.06,154728.16420075
Geo37,2022-02-07,0,447289,0,724629,0.8125235,-0.22821411,0.0,4312.417,0.0,5646.918,380114,0.0,3784836.5,0.019984365,327985.06,75637.55408132251
Geo37,2022-02-14,793716,182253,0,1148426,-1.0016181,-0.57157534,5820.0996,1757.1434,0.0,8949.501,99783,0.0,4794585.5,0.020196334,327985.06,96833.050149557
Geo37,2022-02-21,0,0,158000,1489366,1.8203247,-1.4010026,0.0,0.0,1174.086,11606.392,0,0.0,6507508.5,0.020079613,327985.06,130668.25227421049
Geo37,2022-02-28,751199,455866,0,2052808,0.46832377,0.8871985,5508.3345,4395.1094,0.0,15997.205,660157,0.0,5805559.0,0.019926028,327985.06,115681.731189652
Geo37,2022-03-07,1220706,824457,70430,366906,-1.155766,0.3026839,8951.099,7948.781,523.36,2859.24,819511,2.736159,11293589.0,0.020032076,327985.06,226234.033160764
Geo37,2022-03-14,279647,294753,0,130093,-0.50232905,-2.463061,2050.574,2841.782,0.0,1013.794,0,0.82735264,7291362.5,0.019958248,327985.06,145522.8210329
Geo37,2022-03-21,232118,0,0,832439,-0.35248646,-1.6309543,1702.057,0.0,0.0,6487.0645,0,0.0,4161169.5,0.020018311,327985.06,83299.5851747145
Geo37,2022-03-28,56861,188733,0,345630,-1.0224571,-2.0858157,416.94598,1819.6185,0.0,2693.4395,0,1.5546603,7381685.0,0.019990202,327985.06,147561.37425037
Geo37,2022-04-04,622851,0,0,601584,-1.4973977,-2.0381367,4567.194,0.0,0.0,4688.048,0,0.5109276,8301716.5,0.020301992,327985.06,168541.381969268
Geo37,2022-04-11,783131,0,0,689455,-0.61252487,-0.31173217,5742.483,0.0,0.0,5372.813,652318,0.0,10403486.0,0.019954223,327985.06,207593.479621378
Geo37,2022-04-18,486964,0,0,969720,-0.81876993,-0.9365018,3570.7722,0.0,0.0,7556.8735,0,0.21738541,11429588.0,0.020048816,327985.06,229149.706767808
Geo37,2022-04-25,0,281130,0,163635,-0.013784602,-2.4730217,0.0,2710.4395,0.0,1275.1815,0,0.0,6502459.5,0.019896122,327985.06,129373.72751205899
Geo37,2022-05-02,539172,27147,0,880648,0.49660683,-1.1986469,3953.599,261.73053,0.0,6862.7495,763179,1.2648578,8140982.0,0.020067757,327985.06,163371.24851737398
Geo37,2022-05-09,348306,398263,286121,877281,1.2290988,-0.8799506,2554.0315,3839.7458,2126.1436,6836.511,0,0.0,5136705.5,0.020025454,327985.06,102864.859701797
Geo37,2022-05-16,1156672,0,0,157891,-2.7880192,0.2829218,8481.556,0.0,0.0,1230.4194,177257,1.2942252,8978449.0,0.020057363,327985.06,180084.010769987
Geo37,2022-05-23,0,625147,0,0,-1.6119795,-1.9694294,0.0,6027.187,0.0,0.0,0,0.0,6304532.0,0.020099444,327985.06,126717.58788020801
Geo37,2022-05-30,257690,106236,0,1198572,-0.41141212,0.5445914,1889.5693,1024.2458,0.0,9340.28,0,0.39757973,5712823.5,0.019913834,327985.06,113764.21885029899
Geo37,2022-06-06,806892,634009,0,889436,0.7088975,-1.3478124,5916.7153,6112.6274,0.0,6931.233,505446,0.91445065,7126205.5,0.019922972,327985.06,141975.192642746
Geo37,2022-06-13,966640,0,0,538182,-1.6949052,-0.24454427,7088.1035,0.0,0.0,4193.9663,768491,0.0,7692696.5,0.020137882,327985.06,154914.61437881298
Geo37,2022-06-20,671653,660585,333891,947412,1.6365862,-0.24684565,4925.0454,6368.853,2481.1187,7383.0303,0,0.0,5119286.0,0.020037182,327985.06,102576.06529205201
Geo37,2022-06-27,615458,727606,1345,678523,-1.8008535,1.2903291,4512.983,7015.018,9.994594,5287.6216,703519,0.7625113,8711294.0,0.019865822,327985.06,173057.01599366803
Geo37,2022-07-04,692773,0,70901,1179982,-0.050383776,-0.26462692,5079.9126,0.0,526.86,9195.411,0,0.0,5088029.5,0.020063048,327985.06,102081.380083916
Geo37,2022-07-11,135794,0,0,797221,-0.28036553,-1.2485439,995.7398,0.0,0.0,6212.616,318915,1.2188604,9038368.0,0.019982545,327985.06,180609.59528656
Geo37,2022-07-18,370660,652618,0,568824,-1.2518282,0.13238752,2717.9473,6292.041,0.0,4432.7544,0,0.0,7950372.0,0.020012602,327985.06,159107.630587944
Geo37,2022-07-25,417956,0,0,463688,-1.2580664,0.2938236,3064.7559,0.0,0.0,3613.4465,189632,0.3342754,8837462.0,0.02007542,327985.06,177415.76138404
Geo37,2022-08-01,893311,261533,458318,1435784,0.7006477,0.9623687,6550.402,2521.5002,3405.7266,11188.836,524332,0.0,7826228.5,0.020004945,327985.06,156563.2706999325
Geo37,2022-08-08,758849,0,0,599461,-2.198828,0.96645224,5564.4297,0.0,0.0,4671.504,405660,0.030926466,9262845.0,0.020075662,327985.06,185957.74537839
Geo37,2022-08-15,843319,478140,0,1356440,1.7162938,-0.8353652,6183.8247,4609.8584,0.0,10570.521,146169,0.17083693,5465207.5,0.020044196,327985.06,109545.69031067
Geo37,2022-08-22,106195,513198,96320,1463347,0.30377325,1.889312,778.69855,4947.8604,715.74664,11403.63,607125,0.3138334,4765226.0,0.019964358,327985.06,95134.677814908
Geo37,2022-08-29,349834,295104,0,787653,0.8554126,-0.097308636,2565.2358,2845.166,0.0,6138.054,0,0.0,4410476.5,0.020147257,327985.06,88859.0035379605
Geo37,2022-09-05,544137,286585,295011,1949106,-0.20615768,0.66040057,3990.006,2763.0322,2192.2046,15189.072,653758,2.1336129,3462946.0,0.020041343,327985.06,69402.088576478
Geo37,2022-09-12,265690,0,0,1086047,-0.3985477,1.0685471,1948.2312,0.0,0.0,8463.391,763643,0.0,9161780.0,0.020037547,327985.06,183579.59735366
Geo37,2022-09-19,0,117354,0,1073809,1.087102,-0.049650848,0.0,1131.4371,0.0,8368.022,390582,0.21199983,1260367.2,0.02006365,327985.06,25287.566372279998
Geo37,2022-09-26,563553,0,0,1301377,-0.6775491,-0.31701732,4132.378,0.0,0.0,10141.423,0,1.1659405,7448048.0,0.020123139,327985.06,149878.105182672
Geo37,2022-10-03,535858,194841,0,1464426,0.34490186,-0.39285827,3929.2983,1878.5072,0.0,11412.038,29067,1.2394292,6305960.0,0.019961191,327985.06,125874.47199836
Geo37,2022-10-10,1257006,589218,672874,1903255,1.7794551,0.05398822,9217.277,5680.787,5000.076,14831.763,268253,1.1040308,5102150.5,0.019980304,327985.06,101942.518043752
Geo37,2022-10-17,1389602,565626,580475,1865310,0.96312594,1.4013478,10189.567,5453.331,4313.466,14536.063,538428,0.55146396,4590972.5,0.019962737,327985.06,91648.3765917325
Geo37,2022-10-24,269383,793869,903792,2027205,1.6840193,0.8062669,1975.311,7653.875,6716.01,15797.685,471622,0.6121434,5000375.0,0.020069467,327985.06,100354.86105012501
Geo37,2022-10-31,286706,495387,481226,1093796,0.37226427,1.3595271,2102.3357,4776.141,3575.954,8523.778,196377,0.0,6659533.0,0.020081593,327985.06,133734.031276069
Geo37,2022-11-07,1359672,1064023,175768,1955168,2.0760841,2.610557,9970.098,10258.492,1306.1188,15236.312,1261651,0.64664334,4095772.8,0.020042071,327985.06,82087.7692574688
Geo37,2022-11-14,956446,1120022,1696983,2194206,2.9944022,1.8271297,7013.3535,10798.391,12610.152,17099.098,1288481,0.77852315,2582265.8,0.01993873,327985.06,51487.100574434
Geo37,2022-11-21,494787,410581,13063,1217387,0.28824878,0.08276868,3628.136,3958.5066,97.07017,9486.903,304176,0.75274545,6300963.5,0.020033197,327985.06,126228.4430853095
Geo37,2022-11-28,0,0,0,1399932,0.11558354,-0.34490165,0.0,0.0,0.0,10909.447,0,0.43067586,7904375.5,0.020088378,327985.06,158786.082897939
Geo37,2022-12-05,533963,146226,621706,1713313,0.5034398,1.2557623,3915.4028,1409.7987,4619.8506,13351.575,527443,0.0,7478862.5,0.02003177,327985.06,149814.853461625
Geo37,2022-12-12,490828,604258,0,1102925,0.8685677,-1.0000939,3599.1057,5825.7915,0.0,8594.919,316445,0.517327,5626608.5,0.020011133,327985.06,112594.8110324305
Geo37,2022-12-19,213203,295424,939229,1792474,2.060004,-0.12535033,1563.3586,2848.2512,6979.3394,13968.464,57920,0.0,6124451.5,0.019954545,327985.06,122210.6430570675
Geo37,2022-12-26,246623,56117,0,658492,1.6140089,-2.2650223,1808.4181,541.037,0.0,5131.523,271022,0.7229237,5914860.0,0.01992529,327985.06,117855.3008094
Geo37,2023-01-02,689167,0,0,862238,-0.57400674,-0.9337501,5053.471,0.0,0.0,6719.283,0,1.2558105,7094401.0,0.019958204,327985.06,141591.502415804
Geo37,2023-01-09,684038,211853,0,1715788,0.17259543,0.08799848,5015.8613,2042.5239,0.0,13370.862,293214,1.0489917,6508941.5,0.020017497,327985.06,130292.71694942549
Geo37,2023-01-16,1215186,252629,0,1122569,-0.90526366,-0.41357383,8910.623,2435.6548,0.0,8748.001,252809,1.168292,7938879.0,0.02001374,327985.06,158886.66019745998
Geo37,2023-01-23,504271,217011,354491,1838394,0.5284102,1.206598,3697.6797,2092.2532,2634.1958,14326.311,396687,1.5181196,5754189.5,0.020121468,327985.06,115782.739890186
Geo37,2023-01-30,290418,111579,0,1693753,-0.196977,1.1963166,2129.5547,1075.759,0.0,13199.147,0,0.0,9024746.0,0.019964509,327985.06,180174.622739714
Geo37,2023-02-06,380706,194986,0,886361,-1.3070371,1.2481012,2791.6118,1879.9052,0.0,6907.27,293646,0.0,6425615.5,0.019914994,327985.06,127966.09412880699
Geo37,2023-02-13,681700,821999,0,536233,0.16849625,-0.08797228,4998.7173,7925.0825,0.0,4178.7783,0,0.6895965,4398152.0,0.020138372,327985.06,88571.62108854401
Geo37,2023-02-20,449596,0,45154,1010566,0.13288054,0.04409364,3296.763,0.0,335.53598,7875.1797,194103,0.0,6066698.5,0.020058464,327985.06,121688.65346110401
Geo37,2023-02-27,617788,34077,528328,1443199,-0.011149883,0.29687023,4530.0684,328.54425,3925.9656,11246.62,150263,0.0,7965716.5,0.020068793,327985.06,159862.31553518452
Geo37,2023-03-06,514894,0,0,1279727,0.40150884,-0.96612805,3775.5752,0.0,0.0,9972.708,0,0.0,4333529.5,0.020093095,327985.06,87074.01992880249
Geo37,2023-03-13,753278,35092,0,822654,-2.0314775,-0.43717754,5523.579,338.3301,0.0,6410.8115,0,0.58432794,10791981.0,0.019765161,327985.06,213305.241973941
Geo37,2023-03-20,0,0,0,81410,-1.5914894,-2.766957,0.0,0.0,0.0,634.4151,0,0.35581428,11619919.0,0.02012401,327985.06,233839.36615519001
Geo37,2023-03-27,263809,584249,45082,1308992,-1.627353,1.3029975,1934.4384,5632.88,335.00095,10200.766,138455,0.31333655,5387005.5,0.020195069,327985.06,108790.9477758795
Geo37,2023-04-03,114206,0,0,134833,-3.0984902,-2.7667248,837.441,0.0,0.0,1050.732,0,0.72027934,9650676.0,0.019913945,327985.06,192183.03107681999
Geo37,2023-04-10,448379,24307,0,1043215,-0.39800572,-1.8331144,3287.839,234.34943,0.0,8129.608,170089,1.9975725,8588905.0,0.019804977,327985.06,170103.065980185
Geo37,2023-04-17,1327427,544814,0,2103655,0.91304255,-0.17520033,9733.655,5252.678,0.0,16393.447,329782,2.37593,5260066.0,0.020115055,327985.06,105806.51689363
Geo37,2023-04-24,205809,0,0,0,-0.3252136,-2.076723,1509.1404,0.0,0.0,0.0,0,0.24572337,5694384.0,0.020228423,327985.06,115188.40827643199
Geo37,2023-05-01,1236116,0,517161,1462663,2.1303082,0.25583053,9064.096,0.0,3842.9841,11398.299,1069826,0.65854883,5506739.0,0.019968012,327985.06,109958.630432868
Geo37,2023-05-08,184028,0,0,0,-2.0653172,-1.2164669,1349.4264,0.0,0.0,0.0,49526,0.0,7642004.0,0.01989492,327985.06,152037.05821968
Geo37,2023-05-15,406815,0,0,228061,-0.6028904,-2.6500473,2983.0618,0.0,0.0,1777.243,0,0.0,7515538.0,0.020012863,327985.06,150407.432365294
Geo37,2023-05-22,1170842,65394,0,531935,-0.9775371,-0.4856693,8585.46,630.4787,0.0,4145.2847,0,0.24905205,8148922.0,0.020117065,327985.06,163932.39355393
Geo37,2023-05-29,197742,4478,0,824770,0.001226157,-1.7220666,1449.9874,43.173435,0.0,6427.301,77595,2.2657423,6898454.0,0.020106321,327985.06,138702.530527734
Geo37,2023-06-05,773750,408715,0,718112,-1.1368998,-1.4248252,5673.6943,3940.516,0.0,5596.1323,403975,1.0540514,10201712.0,0.020055752,327985.06,204603.005847424
Geo37,2023-06-12,383408,199401,20658,511566,-2.1446705,1.7498032,2811.4248,1922.4712,153.50803,3986.5522,601874,0.0,7089362.5,0.01992759,327985.06,141273.909261375
Geo37,2023-06-19,316434,0,0,316876,-0.4024508,-1.282038,2320.323,0.0,0.0,2469.364,0,0.0,10601227.0,0.020013109,327985.06,212163.511484743
Geo37,2023-06-26,144274,0,0,1277036,0.5221252,-0.53380364,1057.9213,0.0,0.0,9951.738,833717,0.16605723,5697378.5,0.020030895,327985.06,114123.5905087575
Geo37,2023-07-03,356718,0,0,378623,0.01301153,-1.4381809,2615.7144,0.0,0.0,2950.5488,0,0.0,6779507.0,0.019909427,327985.06,134976.099712489
Geo37,2023-07-10,667127,0,55077,750333,-0.36209425,0.0745329,4891.8574,0.0,409.27304,5847.2256,0,0.96988386,8211245.0,0.019966858,327985.06,163952.76291821
Geo37,2023-07-17,536836,472929,167866,801498,-0.6617076,0.85350114,3936.4697,4559.618,1247.3995,6245.946,149440,0.0,8073481.5,0.019986216,327985.06,161358.345131004
Geo37,2023-07-24,0,92501,0,1315924,0.84764254,-0.3943534,0.0,891.82355,0.0,10254.786,709084,0.4258634,7996166.5,0.019915778,327985.06,159249.876865037
Geo37,2023-07-31,0,70410,0,941644,0.48439646,0.20766403,0.0,678.8391,0.0,7338.0815,98444,0.0,2600657.2,0.020055652,327985.06,52157.8757744944
Geo37,2023-08-07,728816,621204,403188,2259026,0.5038425,0.92326504,5344.206,5989.1714,2996.0596,17604.23,526128,1.3158677,5016600.5,0.01992815,327985.06,99971.567254075
Geo37,2023-08-14,222222,77336,0,1061957,0.066447616,-1.7786243,1629.4924,745.6143,0.0,8275.661,638327,1.9785385,7629729.0,0.019940758,327985.06,152142.579594582
Geo37,2023-08-21,664694,748022,0,1262179,1.257526,0.60191107,4874.017,7211.8535,0.0,9835.96,647682,0.0,3949467.8,0.020007387,327985.06,79018.5307186386
Geo37,2023-08-28,104832,0,0,1232639,0.73795193,-1.2395403,768.70404,0.0,0.0,9605.759,0,0.0,3594517.8,0.019874666,327985.06,71439.84070605479
Geo37,2023-09-04,1261828,820836,107156,1779470,0.84896284,0.30685508,9252.635,7913.87,796.2681,13867.126,295531,1.0295315,5738610.0,0.019946683,327985.06,114466.23453063
Geo37,2023-09-11,741545,499541,0,619792,-0.99298763,-0.09898938,5437.544,4816.1904,0.0,4829.94,311119,0.3726338,9506294.0,0.019934744,327985.06,189505.537278736
Geo37,2023-09-18,0,503567,0,496358,-0.9927334,-0.37737072,0.0,4855.006,0.0,3868.0388,0,0.0,7718187.0,0.019937327,327985.06,153880.018066149
Geo37,2023-09-25,533405,0,252853,1027976,0.9335318,-0.27388698,3911.3113,0.0,1878.9315,8010.853,2209,0.0,5257519.0,0.019990457,327985.06,105100.207496183
Geo37,2023-10-02,542947,341969,840482,1516317,1.492459,1.0693009,3981.28,3297.0022,6245.558,11816.416,388511,0.52447885,3514655.5,0.020065399,327985.06,70522.9649550445
Geo37,2023-10-09,372120,315485,0,1056711,-0.19302446,-1.0200707,2728.653,3041.664,0.0,8234.78,85936,1.2548158,7173919.0,0.019864589,327985.06,142506.952454291
Geo37,2023-10-16,828802,731291,202124,1967364,1.1550386,2.4753642,6077.3755,7050.546,1501.9681,15331.354,1454722,0.68535495,7113328.5,0.019854099,327985.06,141228.7282585215
Geo37,2023-10-23,1287584,380951,0,2119914,1.7698048,0.9376631,9441.497,3672.8367,0.0,16520.152,1142978,1.9584221,3979468.8,0.0200393,327985.06,79745.76912384
Geo37,2023-10-30,876600,391459,0,1025232,-0.018497985,-0.30562344,6427.865,3774.1467,0.0,7989.4697,334650,0.23789866,6458448.5,0.020045174,327985.06,129460.72395253899
Geo37,2023-11-06,1215101,899320,0,1027366,0.28161055,-1.5348761,8909.999,8670.552,0.0,8006.0996,508296,2.3813477,7297861.0,0.020232039,327985.06,147650.608368579
Geo37,2023-11-13,488331,541276,0,1543160,-0.0461817,0.08306807,3580.796,5218.567,0.0,12025.6,70259,1.0311038,6778951.0,0.019775543,327985.06,134057.43699539299
Geo37,2023-11-20,360046,0,143177,1114269,0.7887034,-0.059778333,2640.1177,0.0,1063.9375,8683.321,160064,0.7656493,6588250.5,0.019998802,327985.06,131757.117275901
Geo37,2023-11-27,606634,258889,262209,955012,1.2467524,-1.4369744,4448.279,2496.0088,1948.4552,7442.256,0,1.4804635,6376818.5,0.02007999,327985.06,128046.451711815
Geo37,2023-12-04,934141,314834,0,1253469,-1.7790294,0.6882118,6849.7974,3035.3875,0.0,9768.084,443878,0.0,11479880.0,0.020177621,327985.06,231636.66776548
Geo37,2023-12-11,1331733,971476,0,1619265,-0.3994946,-0.04075125,9765.229,9366.225,0.0,12618.674,621880,2.4541364,3244732.2,0.019939486,327985.06,64698.292275649204
Geo37,2023-12-18,109055,1358520,0,1533884,0.15537556,1.4618008,799.6701,13097.806,0.0,11953.313,957229,0.03253603,7184359.0,0.020039514,327985.06,143971.062761526
Geo37,2023-12-25,1304877,307167,0,932738,-1.9313293,1.7977895,9568.302,2961.4683,0.0,7268.6787,438926,1.5181046,8675614.0,0.020046744,327985.06,173917.81290081597
Geo37,2024-01-01,611268,599605,0,695646,-0.96433824,-0.63731825,4482.259,5780.9307,0.0,5421.0586,509629,0.46480697,7212133.0,0.020006942,327985.06,144292.726627286
Geo37,2024-01-08,0,0,0,884345,-0.12067039,-2.5233142,0.0,0.0,0.0,6891.5596,80151,0.0,8938466.0,0.0199609,327985.06,178419.8259794
Geo37,2024-01-15,1332999,217678,0,1325792,-1.4640529,1.4353802,9774.513,2098.684,0.0,10331.686,502019,0.0,7642596.5,0.019972883,327985.06,152644.6857107095
Geo38,2021-01-25,386312,97295,0,800095,-0.19440103,0.40281698,2832.719,938.04364,0.0,6235.0127,376688,0.0,2533360.8,0.020051783,243833.56,50798.401022306396
Geo38,2021-02-01,992762,430655,328504,1345814,1.1256336,2.5684693,7279.649,4152.0444,2441.0884,10487.714,331232,0.0,5416024.0,0.019750094,243833.56,106966.983106256
Geo38,2021-02-08,0,205352,0,1010598,-0.17726332,-1.4813921,0.0,1979.8461,0.0,7875.429,0,0.2540716,5401174.5,0.020013966,243833.56,108098.922803067
Geo38,2021-02-15,356818,0,0,247287,0.7246022,-1.9697866,2616.4475,0.0,0.0,1927.0681,18917,0.31278214,5474309.5,0.01992012,243833.56,109048.90215714
Geo38,2021-02-22,499500,0,209100,1050111,-0.6842509,0.2476103,3662.6953,0.0,1553.8063,8183.3477,621074,1.9329736,3894866.0,0.019943329,243833.56,77676.59404891399
Geo38,2021-03-01,0,446932,345151,929052,1.2773528,-0.39681512,0.0,4308.975,2564.791,7239.954,0,0.3710446,5874233.5,0.020149685,243833.56,118363.9546414475
Geo38,2021-03-08,396935,0,0,877386,-2.291181,-0.43861997,2910.6145,0.0,0.0,6837.329,0,0.65312386,6430070.5,0.019916512,243833.56,128064.576274096
Geo38,2021-03-15,501534,0,574534,1405603,2.0243993,1.1133472,3677.61,0.0,4269.3184,10953.64,295393,0.0,4901478.0,0.019956438,243833.56,97816.041815364
Geo38,2021-03-22,453804,588687,0,755639,0.4204942,-1.4155335,3327.619,5675.6675,0.0,5888.574,214299,1.6013469,2855041.0,0.020258443,243833.56,57838.685361163
Geo38,2021-03-29,300049,137805,0,614434,-0.84362125,0.03787607,2200.1763,1328.6099,0.0,4788.186,0,0.0,3408442.5,0.020110253,243833.56,68544.6410109525
Geo38,2021-04-05,0,269646,88730,1238536,0.89713615,0.12625486,0.0,2599.7195,659.34595,9651.713,0,0.0,4513667.5,0.019827368,243833.56,89494.14655214001
Geo38,2021-04-12,0,0,0,532391,-1.2134776,-0.9244368,0.0,0.0,0.0,4148.8384,415353,0.0,6070014.5,0.020022344,243833.56,121535.918403988
Geo38,2021-04-19,399573,52224,0,430843,-1.0161926,-0.8236533,2929.9583,503.5037,0.0,3357.4907,0,1.2019349,4290129.5,0.020131653,243833.56,86367.3984190635
Geo38,2021-04-26,0,0,0,436521,-0.4585443,-2.1542392,0.0,0.0,0.0,3401.7385,0,0.08654074,5459429.5,0.020168163,243833.56,110106.6640430085
Geo38,2021-05-03,421025,0,167903,999215,0.21149161,0.15117228,3087.2598,0.0,1247.6746,7786.723,0,0.0,3437160.5,0.019991333,243833.56,68713.4201299465
Geo38,2021-05-10,6260,613789,0,1789430,0.5900058,2.4813066,45.902847,5917.682,0.0,13944.743,695540,0.0,2826571.5,0.019968765,243833.56,56443.1420391975
Geo38,2021-05-17,218841,518741,0,1000656,-1.7308323,1.124957,1604.7004,5001.302,0.0,7797.9526,262008,0.9096963,6028717.0,0.020304386,243833.56,122409.397052762
Geo38,2021-05-24,371461,0,0,304718,-0.37534165,-1.5574609,2723.8208,0.0,0.0,2374.6187,0,0.0,4981619.5,0.0199926,243833.56,99595.5260157
Geo38,2021-05-31,201848,625807,0,1118637,-0.5111618,-0.64993554,1480.0955,6033.55,0.0,8717.36,78509,1.5080507,8827654.0,0.020075602,243833.56,177220.46829770802
Geo38,2021-06-07,532899,823078,0,1101391,0.7595076,-0.054764688,3907.6008,7935.4854,0.0,8582.964,622569,0.0,3123118.0,0.019971032,243833.56,62371.889517776
Geo38,2021-06-14,256654,139661,0,267748,-0.013400435,-1.2803583,1881.9728,1346.504,0.0,2086.5176,0,0.0,4276609.5,0.019932464,243833.56,85243.364900808
Geo38,2021-06-21,5261,0,0,120782,-1.2495701,-1.1537788,38.577457,0.0,0.0,941.23486,26891,0.0,2672857.0,0.01999577,243833.56,53445.83381489
Geo38,2021-06-28,99018,94408,135286,1090637,1.8794737,-0.51459754,726.07153,910.20935,1005.30005,8499.16,904581,0.46772218,4092026.2,0.019991647,243833.56,81806.34330515141
Geo38,2021-07-05,469313,107280,397445,1562161,1.4577312,0.067757726,3441.3423,1034.3113,2953.3838,12173.671,607967,2.1371517,5696967.0,0.020047441,243833.56,114209.609811447
Geo38,2021-07-12,86441,623214,0,842849,0.81588984,-1.0190158,633.84796,6008.5503,0.0,6568.188,0,0.0,4770193.0,0.02000603,243833.56,95432.62426379
Geo38,2021-07-19,208117,235100,0,382677,-0.28899518,-1.9192805,1526.0643,2266.6536,0.0,2982.1409,0,0.0,5288323.0,0.020111866,243833.56,106358.04354071799
Geo38,2021-07-26,0,0,0,106467,-1.7377243,-1.4612114,0.0,0.0,0.0,829.68036,55319,0.0,3020782.8,0.019986486,243833.56,60374.8331412408
Geo38,2021-08-02,619006,0,321836,561675,1.0554202,-0.684453,4538.9995,0.0,2391.539,4377.0435,0,0.0,2539752.2,0.020012263,243833.56,50826.1889812286
Geo38,2021-08-09,1055974,76199,0,1302071,-0.3986073,0.27229092,7743.165,734.65216,0.0,10146.832,0,0.46266794,5244684.0,0.020161707,243833.56,105741.78211558801
Geo38,2021-08-16,18826,634659,0,266538,0.033565514,-0.10395981,138.04584,6118.8945,0.0,2077.0881,189849,0.0,4288721.5,0.0200939,243833.56,86177.14094885
Geo38,2021-08-23,0,436614,0,1020647,0.14614436,-0.65283716,0.0,4209.4966,0.0,7953.7393,78232,1.0189059,5058012.5,0.020064425,243833.56,101486.1124553125
Geo38,2021-08-30,511223,425196,0,488504,0.09682691,0.56029564,3748.6567,4099.413,0.0,3806.8337,710306,0.060970545,4465713.5,0.019975338,243833.56,89204.136573663
Geo38,2021-09-06,595591,0,424573,731676,0.15117466,-0.2707731,4367.304,0.0,3154.9697,5701.8345,0,0.0,5166592.0,0.019951893,243833.56,103083.29075865599
Geo38,2021-09-13,0,450016,0,1174205,-0.10561895,0.42984584,0.0,4338.7085,0.0,9150.392,0,0.0,5555740.5,0.020076262,243833.56,111538.50188201101
Geo38,2021-09-20,0,0,0,959242,-0.78262526,0.21843992,0.0,0.0,0.0,7475.22,90320,0.0,3297598.8,0.020012164,243833.56,65992.08799180319
Geo38,2021-09-27,0,0,0,47974,-1.1154363,-2.1639426,0.0,0.0,0.0,373.85373,0,0.0,6795859.0,0.019784017,243833.56,134449.38998560302
Geo38,2021-10-04,430723,0,35181,1347020,1.3487585,-0.41171175,3158.3726,0.0,261.42737,10497.112,0,0.0,4710373.0,0.020105626,243833.56,94704.99785849801
Geo38,2021-10-11,617743,950150,333772,1416902,1.6294081,0.47762498,4529.7383,9160.616,2480.2346,11041.691,32910,0.55703455,3822043.5,0.019968772,243833.56,76321.515225582
Geo38,2021-10-18,759259,34789,0,770340,-0.8765692,-0.45718774,5567.436,335.4088,0.0,6003.1367,112664,1.3452715,4665727.0,0.01996699,243833.56,93160.52435173
Geo38,2021-10-25,552181,324971,0,1061920,-0.61622626,1.661583,4048.9905,3133.1208,0.0,8275.373,298563,0.0,3320431.0,0.019971458,243833.56,66313.84825839801
Geo38,2021-11-01,126677,0,0,471273,1.4690671,-0.78610426,928.8874,0.0,0.0,3672.5552,359346,0.0,5196698.0,0.019916024,243833.56,103497.562088752
Geo38,2021-11-08,497250,373101,426021,1456597,1.5077014,2.5229564,3646.1965,3597.1533,3165.7297,11351.028,421556,0.29544008,5287482.5,0.019836519,243833.56,104885.2470734175
Geo38,2021-11-15,596260,463320,0,1409696,-0.15563983,0.75119835,4372.2095,4466.9756,0.0,10985.536,556964,0.0,4944793.5,0.01995433,243833.56,98670.041280855
Geo38,2021-11-22,1258360,878846,0,1820141,-1.1763065,2.755237,9227.205,8473.158,0.0,14184.068,778620,2.5752208,6822247.0,0.02000038,243833.56,136447.53245386
Geo38,2021-11-29,211126,0,550444,1280554,1.219346,1.0518616,1548.1285,0.0,4090.3079,9979.153,446130,0.4059255,5558567.0,0.019925978,243833.56,110759.883753526
Geo38,2021-12-06,709083,80220,0,552904,-0.4990521,-0.14230987,5199.5093,773.4196,0.0,4308.6924,68526,0.14228076,5417058.5,0.020056693,243833.56,108648.2792975405
Geo38,2021-12-13,540974,437563,299349,1729300,0.17552343,3.1072788,3966.8125,4218.646,2224.4397,13476.159,949014,0.36770475,5959377.0,0.019806458,243833.56,118034.15025666599
Geo38,2021-12-20,336639,656859,0,1153552,-0.2678506,0.639834,2468.4805,6332.9297,0.0,8989.447,556064,1.1564565,5741546.0,0.020017235,243833.56,114929.87554531
Geo38,2021-12-27,584302,731,0,606350,-0.4149896,0.4566179,4284.525,7.0477405,0.0,4725.189,496001,0.50328743,4551293.0,0.020079905,243833.56,91389.531067165
Geo38,2022-01-03,620677,121765,117072,763779,0.6370518,0.15630624,4551.2524,1173.9645,869.9532,5952.008,166216,0.92356694,4817546.5,0.020014504,243833.56,96420.80369443599
Geo38,2022-01-10,372546,97071,793927,1460350,0.8150719,0.79939383,2731.7769,935.884,5899.6113,11380.275,144300,0.8467028,5508379.0,0.019920344,243833.56,109728.804562376
Geo38,2022-01-17,638834,610508,838386,1586188,0.9471556,0.8938043,4684.393,5886.049,6229.983,12360.91,176232,0.9717577,5932299.0,0.019948496,243833.56,118340.442872304
Geo38,2022-01-24,119061,147142,0,0,-1.27162,-0.65694654,873.0414,1418.6301,0.0,0.0,0,0.0,3850511.2,0.020156726,243833.56,77613.6992183312
Geo38,2022-01-31,294193,0,0,883780,1.1556555,0.08961493,2157.2358,0.0,0.0,6887.1567,543140,0.0,5909077.0,0.020025792,243833.56,118333.94691398401
Geo38,2022-02-07,305396,373634,0,1336174,1.0855821,0.062714815,2239.3843,3602.292,0.0,10412.591,387023,0.0,6111016.0,0.020047016,243833.56,122507.63552825601
Geo38,2022-02-14,559375,301605,168271,1010129,0.005553484,1.0450246,4101.742,2907.8438,1250.4092,7871.774,120075,0.0,4703398.0,0.02007191,243833.56,94406.18135017999
Geo38,2022-02-21,434289,261987,0,641986,0.053551495,0.6223615,3184.521,2525.8772,0.0,5002.8945,25918,0.13366416,3681857.0,0.019827072,243833.56,73000.443832704
Geo38,2022-02-28,338019,0,18194,560477,-0.79035616,-0.4404701,2478.5999,0.0,135.19823,4367.708,0,0.41855574,6067707.5,0.019914135,243833.56,120833.1462955125
Geo38,2022-03-07,347406,161944,0,0,-0.77919817,-0.94043136,2547.432,1561.3396,0.0,0.0,343871,0.5219774,5622494.0,0.020170087,243833.56,113406.19313697799
Geo38,2022-03-14,0,0,0,410467,-0.14791276,-1.9872056,0.0,0.0,0.0,3198.7039,86833,0.0,6081225.5,0.020197893,243833.56,122827.9419578715
Geo38,2022-03-21,116562,72050,0,580900,-0.06253523,0.2550147,854.71686,694.65076,0.0,4526.861,0,0.22908968,7513823.0,0.019977817,243833.56,150109.78086439098
Geo38,2022-03-28,0,156216,0,217458,0.5431396,-0.58016473,0.0,1506.1146,0.0,1694.6155,610323,0.0,3173600.8,0.019866196,243833.56,63047.37551855679
Geo38,2022-04-04,487998,139124,0,570910,-1.8599806,0.06931068,3578.3542,1341.3268,0.0,4449.0107,604951,0.0,7435068.5,0.019912543,243833.56,148051.1212141955
Geo38,2022-04-11,144008,0,0,104194,-0.7442196,-2.6098173,1055.9707,0.0,0.0,811.9672,0,0.0,3811962.5,0.019921562,243833.56,75940.24728542501
Geo38,2022-04-18,0,170010,0,510283,-0.516072,-1.9701822,0.0,1639.1057,0.0,3976.554,139602,0.5180656,2523742.8,0.019924408,243833.56,50284.0812342624
Geo38,2022-04-25,432750,0,0,917318,-0.88552153,-0.13807374,3173.236,0.0,0.0,7148.513,0,0.0,3894747.0,0.019979496,243833.56,77815.082107512
Geo38,2022-05-02,453833,323456,187456,1121457,1.2695595,0.6867945,3327.8318,3118.5142,1392.9714,8739.336,385351,0.4295832,5381808.5,0.019868977,243833.56,106931.0293049045
Geo38,2022-05-09,499402,0,0,876501,-0.003153861,0.34768766,3661.9766,0.0,0.0,6830.4326,263419,0.11480361,3897428.8,0.019974612,243833.56,77849.62807762559
Geo38,2022-05-16,207271,237334,0,681677,-2.3333964,0.6635698,1519.8608,2288.192,0.0,5312.2,0,0.42518473,5596708.0,0.019927876,243833.56,111530.503032208
Geo38,2022-05-23,72155,132880,0,695708,-0.4691803,-0.99167514,529.09265,1281.1268,0.0,5421.5415,0,0.0,4895725.0,0.020094747,243833.56,98378.355256575
Geo38,2022-05-30,31404,473004,22335,732740,0.32394597,-0.39019245,230.27684,4560.341,165.9697,5710.126,0,1.1603336,2306777.5,0.020054953,243833.56,46262.3143439575
Geo38,2022-06-06,866514,222293,133753,1239165,0.79625666,0.13650602,6353.9077,2143.1782,993.90845,9656.615,640181,0.34073037,3395189.8,0.019969424,243833.56,67799.9846766752
Geo38,2022-06-13,911243,159014,0,1149735,0.41004807,1.312637,6681.8926,1533.0907,0.0,8959.701,406510,0.08139399,4599262.0,0.019866847,243833.56,91372.834466914
Geo38,2022-06-20,680889,138852,149496,590360,0.17454761,-0.7457676,4992.7705,1338.7042,1110.8936,4600.5815,0,1.0518206,4505420.5,0.02002431,243833.56,90217.936772355
Geo38,2022-06-27,798238,110234,0,516694,-1.2147967,-0.33822083,5853.2583,1062.7915,0.0,4026.514,15773,1.5064683,4052032.2,0.020029945,243833.56,81161.982104229
Geo38,2022-07-04,0,0,255831,489563,0.7858964,-0.7201023,0.0,0.0,1901.0609,3815.0862,0,0.0,5507236.0,0.02007606,243833.56,110563.60037016
Geo38,2022-07-11,530937,544039,0,604738,-1.2125281,0.23990473,3893.214,5245.206,0.0,4712.627,299326,0.5536902,4076849.0,0.020027159,243833.56,81647.70314199099
Geo38,2022-07-18,62461,676992,0,926835,0.18742609,-1.295007,458.00922,6527.0366,0.0,7222.6777,0,0.0,5842893.5,0.020061683,243833.56,117218.2771997605
Geo38,2022-07-25,528134,0,0,289056,-1.3392547,0.421237,3872.6604,0.0,0.0,2252.5671,21281,0.9756086,5095268.0,0.02005908,243833.56,102206.38843344
Geo38,2022-08-01,457139,148196,0,1091623,0.18967132,1.3693719,3352.0737,1428.792,0.0,8506.844,665663,0.21453893,6311150.0,0.020022461,243833.56,126364.75474014999
Geo38,2022-08-08,523617,597493,477784,783657,-0.08470783,0.92113775,3839.5386,5760.5684,3550.3767,6106.914,205136,0.08472689,3547152.2,0.020047588,243833.56,71111.84587889361
Geo38,2022-08-15,868572,56456,181595,938302,0.4063197,-0.19425017,6368.998,544.30536,1349.4187,7312.038,103947,2.1803777,4682951.5,0.01994747,243833.56,93413.03455770499
Geo38,2022-08-22,215978,858774,435661,982624,1.3726549,-0.22198838,1583.7069,8279.639,3237.364,7657.432,109706,0.0,4888837.5,0.019989185,243833.56,97723.8772224375
Geo38,2022-08-29,331380,138201,0,997301,-0.9997697,0.29666173,2429.9177,1332.4279,0.0,7771.8076,0,1.1890409,7716958.0,0.020022208,243833.56,154510.538203264
Geo38,2022-09-05,373818,469349,0,981382,1.1020195,0.20377529,2741.104,4525.1025,0.0,7647.7534,198809,0.0,5179862.5,0.020023461,243833.56,103718.7747541125
Geo38,2022-09-12,304771,376278,897633,1490992,2.7295935,0.5761459,2234.8013,3627.7832,6670.243,11619.063,660438,0.7717237,4684626.5,0.020053132,243833.56,93941.43357519801
Geo38,2022-09-19,0,231614,0,746323,-0.03247595,-1.3130826,0.0,2233.0442,0.0,5815.976,0,0.10537535,4379227.5,0.019968225,243833.56,87445.4000461875
Geo38,2022-09-26,354538,0,0,909651,1.0931504,0.5256269,2599.729,0.0,0.0,7088.765,333938,0.0,4263062.5,0.020056877,243833.56,85503.7202058125
Geo38,2022-10-03,287636,608749,72768,1028864,0.37919444,0.2722823,2109.1553,5869.09,540.7335,8017.773,0,0.0,5133750.0,0.019973354,243833.56,102538.20609749999
Geo38,2022-10-10,426567,543272,154151,1628526,0.99241734,1.4601402,3127.8977,5237.811,1145.4844,12690.843,319192,0.0,5370262.5,0.020053137,243833.56,107690.6096384625
Geo38,2022-10-17,1100950,422255,96565,1117266,0.4631065,1.5792383,8072.9614,4071.0583,717.5672,8706.676,409323,0.35732317,7175321.5,0.019943776,243833.56,143103.004723984
Geo38,2022-10-24,273351,121258,0,844296,-1.0656065,0.27467862,2004.4072,1169.0765,0.0,6579.464,269017,0.0,3389443.8,0.02001112,243833.56,67826.566615056
Geo38,2022-10-31,1126060,771708,111340,1092561,-0.8755533,2.0841994,8257.086,7440.2153,827.35913,8514.154,142711,0.89554656,6638749.5,0.019883987,243833.56,132004.8087542565
Geo38,2022-11-07,117020,0,0,1241863,2.3721614,-0.62457836,858.07526,0.0,0.0,9677.64,0,0.0,4029990.0,0.019917978,243833.56,80269.25216022
Geo38,2022-11-14,120371,255985,260643,1167230,0.03305298,1.0435281,882.6472,2468.0107,1936.8184,9096.037,880672,0.35613304,4711728.0,0.020011805,243833.56,94290.18194904001
Geo38,2022-11-21,273951,125570,0,829908,1.4844728,-0.47847655,2008.8069,1210.6495,0.0,6467.3403,481836,0.49892777,4558336.0,0.020019565,243833.56,91255.90384384
Geo38,2022-11-28,247577,38029,0,814496,1.0975332,-0.6389581,1815.4136,366.6464,0.0,6347.2373,0,0.0,4984664.5,0.019917063,243833.56,99279.87688036349
Geo38,2022-12-05,441674,278029,0,308598,0.1182946,-0.6810259,3238.6733,2680.542,0.0,2404.855,0,0.062006198,5952188.5,0.020114994,243833.56,119728.235964369
Geo38,2022-12-12,326899,742233,0,1085038,-0.23954058,0.7157359,2397.0598,7156.04,0.0,8455.528,557872,0.76407325,5407376.5,0.019958297,243833.56,107922.0261778205
Geo38,2022-12-19,287688,34973,53477,734817,-0.2969394,-0.37240162,2109.5366,337.18277,397.38354,5726.3115,0,0.0,5886486.0,0.019912368,243833.56,117213.875458848
Geo38,2022-12-26,383945,537332,350783,633749,-0.14163223,0.8539886,2815.3625,5180.542,2606.642,4938.705,130364,0.0,4254291.5,0.019776808,243833.56,84136.306171532
Geo38,2023-01-02,280387,186278,0,260964,-0.6263353,-0.000824921,2056.0002,1795.9493,0.0,2033.6509,651103,0.0,3735241.5,0.019930648,243833.56,74445.783531492
Geo38,2023-01-09,291850,0,0,1337836,-0.565559,0.33457574,2140.0552,0.0,0.0,10425.543,521047,1.1774738,4708736.5,0.019794164,243833.56,93205.50251378599
Geo38,2023-01-16,39549,0,0,0,-1.5374023,-0.49697113,290.00186,0.0,0.0,0.0,168125,0.0,6901633.5,0.019874368,243833.56,137165.603980128
Geo38,2023-01-23,240682,0,0,461013,-0.21669659,-1.2655778,1764.8545,0.0,0.0,3592.6008,0,0.0,6373588.0,0.019807411,243833.56,126244.277060668
Geo38,2023-01-30,667508,510636,0,749758,-2.361112,1.2557092,4894.6514,4923.16,0.0,5842.7446,15428,0.0,4604201.0,0.020127436,243833.56,92670.76095863599
Geo38,2023-02-06,365569,199706,0,513674,-1.6039946,0.19802849,2680.6162,1925.4117,0.0,4002.9795,257726,1.2210237,3835991.0,0.020110104,243833.56,77142.177953064
Geo38,2023-02-13,651290,215610,0,582255,0.94451284,-1.0510741,4775.7295,2078.7458,0.0,4537.4204,0,1.3143073,3662612.2,0.019895466,243833.56,72869.3764962852
Geo38,2023-02-20,615011,0,267858,991769,0.6893375,-0.724053,4509.7056,0.0,1990.4325,7728.6973,223209,1.0166202,3661728.0,0.01992383,243833.56,72955.64617824
Geo38,2023-02-27,0,290169,0,429622,-2.1163132,-1.5515687,0.0,2797.5864,0.0,3347.9758,0,0.3549814,4972456.5,0.020079946,243833.56,99846.658007349
Geo38,2023-03-06,267430,65659,0,33003,-1.1537594,-2.0120342,1960.9901,633.0336,0.0,257.1871,0,0.8043145,3678765.0,0.020142151,243833.56,74098.240123515
Geo38,2023-03-13,728143,37948,0,1010428,-0.64237237,0.7002218,5339.271,365.86548,0.0,7874.104,0,0.0,4398191.0,0.020067655,243833.56,88261.379612105
Geo38,2023-03-20,352190,203789,0,375069,-1.5285795,0.07044351,2582.5117,1964.7769,0.0,2922.853,769762,0.2921738,3288091.0,0.020140111,243833.56,66222.517718101
Geo38,2023-03-27,1248106,668383,486225,1502943,0.038630784,1.5416616,9152.016,6444.0356,3613.1013,11712.195,0,1.0481434,5608713.5,0.019886574,243833.56,111538.096062549
Geo38,2023-04-03,225577,3297,0,740616,-0.78663003,0.90790397,1654.0938,31.78714,0.0,5771.5024,0,0.14355649,6041444.0,0.020090826,243833.56,121377.600192744
Geo38,2023-04-10,490496,0,0,1192032,0.61686444,-1.1975048,3596.6711,0.0,0.0,9289.315,274405,1.4876564,5201521.0,0.020044722,243833.56,104263.042422162
Geo38,2023-04-17,491754,16617,0,1090835,-2.3967328,-0.3955436,3605.896,160.20834,0.0,8500.703,0,0.44643033,4503499.0,0.019987766,243833.56,90014.884193234
Geo38,2023-04-24,155833,344075,0,584333,-1.0347874,-0.410784,1142.6803,3317.3066,0.0,4553.614,0,0.0,4385688.0,0.020115376,243833.56,88219.76313868801
Geo38,2023-05-01,203376,189626,149641,1426998,0.685588,-0.40273795,1491.2999,1828.2281,1111.971,11120.368,380960,1.9122726,2037206.2,0.020149454,243833.56,41048.592615414804
Geo38,2023-05-08,412785,376288,0,524730,0.9002236,-0.122968316,3026.838,3627.8796,0.0,4089.1372,0,0.0,5304149.0,0.020017058,243833.56,106173.45817364201
Geo38,2023-05-15,0,0,0,179943,-1.9888761,-1.2463627,0.0,0.0,0.0,1402.2671,0,0.0,5453160.0,0.019857049,243833.56,108283.66532484001
Geo38,2023-05-22,0,201736,0,954169,-0.37647504,-0.6472662,0.0,1944.9835,0.0,7435.687,201622,0.0,3335684.2,0.020173293,243833.56,67291.7347220706
Geo38,2023-05-29,565414,0,0,593803,0.16937676,-1.7138791,4146.0244,0.0,0.0,4627.412,0,1.6838506,4046602.5,0.019988302,243833.56,80884.712843955
Geo38,2023-06-05,385927,0,0,744494,-0.4600146,-0.21560532,2829.8958,0.0,0.0,5801.723,97996,0.32027018,4300586.5,0.019810108,243833.56,85195.083028342
Geo38,2023-06-12,409506,35257,356694,671338,0.33362377,0.56460786,3002.794,339.9209,2650.5662,5231.63,0,0.0,4786066.0,0.020040369,243833.56,95914.528698354
Geo38,2023-06-19,26664,0,0,64921,-1.7645776,-0.19287807,195.51973,0.0,0.0,505.919,138846,0.0,6801492.5,0.020182941,243833.56,137274.1218394425
Geo38,2023-06-26,0,106314,82638,829018,1.406216,-0.6509827,0.0,1024.9979,614.0767,6460.405,66812,0.0,3633207.5,0.019967338,243833.56,72545.482176635
Geo38,2023-07-03,0,0,0,260523,-0.8594327,-0.22461668,0.0,0.0,0.0,2030.2141,243334,0.41812736,3112206.5,0.0198436,243833.56,61757.3809034
Geo38,2023-07-10,613514,427937,0,1453580,-0.8375341,2.207074,4498.7285,4125.84,0.0,11327.517,0,1.0176125,6306628.5,0.019839872,243833.56,125122.70219155202
Geo38,2023-07-17,0,306156,0,0,-1.1760933,-2.9277046,0.0,2951.721,0.0,0.0,0,0.07508063,6491183.0,0.019926503,243833.56,129346.57752304901
Geo38,2023-07-24,282038,0,0,283124,-1.4628669,0.124395885,2068.1067,0.0,0.0,2206.3403,610978,0.28530735,5632390.5,0.019961586,243833.56,112431.447351333
Geo38,2023-07-31,606035,0,0,407774,-0.210181,-0.34471983,4443.887,0.0,0.0,3177.7178,321917,1.0930686,6268916.0,0.020010248,243833.56,125442.56385116802
Geo38,2023-08-07,182754,134042,30009,1327662,1.6046622,-0.8869329,1340.0845,1292.33,222.99461,10346.258,0,0.6269199,4301479.0,0.020021854,243833.56,86123.584522066
Geo38,2023-08-14,336828,0,187058,580487,0.60356534,-2.5617604,2469.8665,0.0,1390.0139,4523.6426,0,1.5164337,5763726.0,0.020040633,243833.56,115508.717478558
Geo38,2023-08-21,349020,0,342467,864014,2.7670777,-0.1772697,2559.267,0.0,2544.8464,6733.1235,872603,0.11102455,4818380.5,0.020060431,243833.56,96658.7895519955
Geo38,2023-08-28,128876,11225,0,934708,-0.7716029,-1.1158965,945.012,108.222824,0.0,7284.0303,0,0.0,2699930.0,0.019987606,243833.56,53965.137067580006
Geo38,2023-09-04,742173,393699,0,765186,-0.56597435,1.191304,5442.149,3795.7432,0.0,5962.9727,710499,0.0,5584021.0,0.020036377,243833.56,111883.549931917
Geo38,2023-09-11,168325,38977,56545,1311360,2.6895142,-0.60610235,1234.2806,375.7863,420.1816,10219.219,149955,0.0,6083380.5,0.020096447,243833.56,122254.3337990835
Geo38,2023-09-18,51158,205758,0,433204,0.14175342,-1.7416357,375.12744,1983.7605,0.0,3375.8896,0,0.0,4352501.0,0.020043315,243833.56,87238.548580815
Geo38,2023-09-25,598502,0,114318,1391273,-0.21883118,-0.45785493,4388.6494,0.0,849.48846,10841.969,122631,1.162303,5317913.5,0.020135496,243833.56,107078.826007596
Geo38,2023-10-02,584642,8374,0,1030518,-0.077463776,0.73204356,4287.018,80.73567,0.0,8030.6626,0,0.0,5739756.0,0.020109572,243833.56,115424.03654443199
Geo38,2023-10-09,429601,0,0,838133,0.10052903,-0.7695439,3150.1453,0.0,0.0,6531.437,106905,0.0,3154690.8,0.020013798,243833.56,63137.3444236584
Geo38,2023-10-16,410429,0,6182,1087523,1.6046358,0.021172345,3009.5623,0.0,45.937977,8474.893,492349,1.5811862,5057064.0,0.020043403,243833.56,101360.771748792
Geo38,2023-10-23,952979,135611,167074,984010,-1.5646245,0.7421394,6987.931,1307.457,1241.5143,7668.233,357970,2.577551,5712235.5,0.019868303,243833.56,113492.4257213565
Geo38,2023-10-30,299007,219984,313593,651736,1.3374505,0.019855887,2192.5354,2120.9167,2330.286,5078.8745,0,0.30661422,4800872.5,0.020018665,243833.56,96107.05828521251
Geo38,2023-11-06,202821,303170,0,175120,1.1372871,-1.8544238,1487.2302,2922.9321,0.0,1364.6823,439277,1.1799071,3515793.5,0.019955507,243833.56,70159.44179980451
Geo38,2023-11-13,717151,233239,926651,940406,1.6231675,1.22727,5258.6694,2248.7112,6885.8735,7328.434,791192,0.58044934,6056063.0,0.020075714,243833.56,121579.78875398201
Geo38,2023-11-20,227652,367065,0,257505,0.3536273,0.23846602,1669.3091,3538.9587,0.0,2006.6954,90021,0.044608176,6776850.0,0.020093726,243833.56,136172.1670431
Geo38,2023-11-27,429513,327292,224552,592968,1.5461136,0.33349288,3149.5,3155.498,1668.629,4620.905,124362,0.0,4870029.5,0.020012343,243833.56,97460.7007741185
Geo38,2023-12-04,450867,862879,589933,1193492,0.8005754,0.22232217,3306.083,8319.216,4383.7476,9300.693,0,0.79065984,5002354.0,0.020030303,243833.56,100198.666333262
Geo38,2023-12-11,514617,385130,624795,1385037,0.27266517,0.93652606,3773.544,3713.1274,4642.8047,10793.372,349580,1.399738,5653134.0,0.019848121,243833.56,112204.087661214
Geo38,2023-12-18,135950,162976,0,975870,-0.46577168,0.0394482,996.88367,1571.2894,0.0,7604.799,204879,0.0,3901002.5,0.020098792,243833.56,78405.43783898
Geo38,2023-12-25,377850,264961,134362,792035,0.65079486,0.9791903,2770.6694,2554.5503,998.4339,6172.2026,251331,0.0,7307883.0,0.019971054,243833.56,145946.126018682
Geo38,2024-01-01,207127,540254,79394,1240752,1.3938932,1.3732995,1518.805,5208.714,589.9708,9668.982,138790,0.14623457,5226927.5,0.019956091,243833.56,104309.0408404025
Geo38,2024-01-08,410136,669386,88836,634912,-0.35963193,0.55993587,3007.4138,6453.7056,660.1336,4947.768,518834,0.7146146,7011296.5,0.020006979,243833.56,140274.8618382735
Geo38,2024-01-15,211257,109991,0,706413,-0.8348294,0.37341028,1549.0891,1060.4487,0.0,5504.964,461635,0.0,5087181.0,0.019978646,243833.56,101634.98833692599
Geo39,2021-01-25,1586765,0,0,3304166,-0.5983815,-0.4278625,11635.308,0.0,0.0,25748.838,0,0.0,23340344.0,0.020032642,798939.1,467568.755508848
Geo39,2021-02-01,2227638,1215742,0,4055698,0.85848147,0.37035966,16334.653,11721.25,0.0,31605.408,939533,0.7745687,12332298.0,0.019915001,798939.1,245597.72700229802
Geo39,2021-02-08,1986178,1559644,0,1453529,-1.6427724,-1.0663906,14564.093,15036.889,0.0,11327.12,0,0.6673527,17399116.0,0.020024009,798939.1,348400.055376044
Geo39,2021-02-15,1380381,0,0,2514320,-0.12874973,-0.81935656,10121.952,0.0,0.0,19593.693,0,0.0,15885079.0,0.019956294,798939.1,317007.30673722597
Geo39,2021-02-22,1679176,504262,964913,4748067,0.45688543,1.3811811,12312.933,4861.7065,7170.1953,37000.93,2181464,1.0213969,19760116.0,0.02011848,798939.1,397543.49854368
Geo39,2021-03-01,909442,499763,0,1809282,-0.25822943,-0.556834,6668.6865,4818.331,0.0,14099.446,290474,0.0,21830556.0,0.019858854,798939.1,433529.824342824
Geo39,2021-03-08,472137,0,0,1195333,-1.8502758,-1.844249,3462.05,0.0,0.0,9315.039,0,0.0,22409706.0,0.02009494,798939.1,450321.69748763996
Geo39,2021-03-15,361410,0,0,1861679,-0.40333438,0.030198246,2650.1194,0.0,0.0,14507.767,1701446,0.0,13401493.0,0.019941626,798939.1,267247.561247618
Geo39,2021-03-22,0,1828490,0,2040661,0.20213504,-2.6905167,0.0,17628.896,0.0,15902.546,420247,0.0,19922962.0,0.02003579,798939.1,399172.28280998004
Geo39,2021-03-29,1906228,94450,190277,1203356,0.8074049,0.070767105,13977.842,910.6143,1413.934,9377.561,0,0.0,16263326.0,0.01985638,798939.1,322930.78111988
Geo39,2021-04-05,0,0,0,2529494,1.4438066,-0.8584511,0.0,0.0,0.0,19711.943,366132,0.0,19893174.0,0.019943021,798939.1,396729.986838654
Geo39,2021-04-12,0,0,615877,3159612,0.72315896,-1.2193816,0.0,0.0,4576.5356,24622.352,591690,0.8779488,15588340.0,0.020012762,798939.1,311965.73839507997
Geo39,2021-04-19,1107982,1116753,328331,2636734,-1.4259406,1.197471,8124.5254,10766.874,2439.8027,20547.648,1406565,0.0,23221592.0,0.020022148,798939.1,464946.151819616
Geo39,2021-04-26,2335158,2470600,0,971113,-1.432286,-1.7955742,17123.068,23819.627,0.0,7567.7285,0,0.0,25786770.0,0.02013405,798939.1,519192.1165185
Geo39,2021-05-03,1806032,0,0,2461792,0.14512008,0.15900129,13243.133,0.0,0.0,19184.352,3216161,1.7054297,23284890.0,0.019951882,798939.1,464577.37766298
Geo39,2021-05-10,0,2476329,0,3402418,-0.33228847,-0.48342282,0.0,23874.861,0.0,26514.5,917976,0.0,23738898.0,0.020003406,798939.1,474858.814686588
Geo39,2021-05-17,1218466,889592,727576,4337702,-0.28654912,1.6695688,8934.674,8576.762,5406.5625,33803.02,2231040,0.7314066,23276862.0,0.020038702,798939.1,466438.101113124
Geo39,2021-05-24,0,0,0,0,-1.2071497,-2.000205,0.0,0.0,0.0,0.0,0,0.0,19669302.0,0.020029351,798939.1,393963.353683002
Geo39,2021-05-31,509541,236852,0,1705550,-0.22278142,-0.56818557,3736.323,2283.545,0.0,13291.079,0,0.38018227,21194684.0,0.019996027,798939.1,423809.473520468
Geo39,2021-06-07,2238156,2109369,0,4019328,-1.3975228,2.0000646,16411.777,20336.914,0.0,31321.982,2622604,1.0288877,20428266.0,0.019987607,798939.1,408312.152499462
Geo39,2021-06-14,1304751,0,0,2124424,1.1172767,0.3366114,9567.378,0.0,0.0,16555.297,0,0.0,16361157.0,0.02019155,798939.1,330357.11962335
Geo39,2021-06-21,0,0,0,1057062,-1.1117008,-1.0241312,0.0,0.0,0.0,8237.516,0,1.3406589,19103204.0,0.019822646,798939.1,378676.05035778397
Geo39,2021-06-28,962057,0,0,4328959,1.1652019,-1.0332623,7054.4976,0.0,0.0,33734.887,0,0.21750551,17273796.0,0.020040657,798939.1,346178.220723972
Geo39,2021-07-05,3222924,764346,2903639,3879648,1.2004707,1.3293552,23632.81,7369.237,21576.723,30233.479,3782597,1.9582793,17543594.0,0.02003609,798939.1,351505.02830746
Geo39,2021-07-12,658288,0,0,2334598,0.8469924,-1.1650534,4827.0435,0.0,0.0,18193.15,0,0.0,18271450.0,0.020063272,798939.1,366585.0711844
Geo39,2021-07-19,2267165,0,0,4219589,-0.90934587,2.0342247,16624.492,0.0,0.0,32882.586,190514,0.0,28099578.0,0.01997521,798939.1,561294.97146138
Geo39,2021-07-26,71451,1216197,0,1042695,-0.31682292,0.70738155,523.9304,11725.637,0.0,8125.556,816286,0.0,16332027.0,0.019914966,798939.1,325251.76241608197
Geo39,2021-08-02,1297810,652579,335582,555847,-0.86458737,0.38887876,9516.481,6291.665,2493.6846,4331.627,1574110,0.0,21789220.0,0.019819083,798939.1,431842.35968526005
Geo39,2021-08-09,2006601,2065334,0,4249224,-0.36686027,2.2580652,14713.85,19912.363,0.0,33113.523,1147270,0.0,20861902.0,0.019936189,798939.1,415906.821171478
Geo39,2021-08-16,0,363194,0,1908128,-0.43117613,-1.6768763,0.0,3501.6375,0.0,14869.737,1379323,0.37955296,21560112.0,0.019997716,798939.1,431152.99670419196
Geo39,2021-08-23,1031118,997580,0,1966705,0.6278639,-1.9264295,7560.903,9617.9,0.0,15326.218,0,0.0,13179105.0,0.019848397,798939.1,261584.10814468501
Geo39,2021-08-30,917690,1290959,1940943,4815344,1.0320117,1.1844733,6729.1665,12446.435,14423.001,37525.207,1823225,1.18559,21187170.0,0.020002175,798939.1,423789.48209475
Geo39,2021-09-06,1043726,1592240,0,1498033,-1.0546098,-1.7129711,7653.354,15351.155,0.0,11673.932,0,0.0,25026780.0,0.020041939,798939.1,501585.19812642003
Geo39,2021-09-13,2323895,391495,1010856,4198536,0.88517517,1.3851275,17040.479,3774.494,7511.5947,32718.521,0,0.0,21582678.0,0.01983531,798939.1,428099.10876017995
Geo39,2021-09-20,2685586,0,0,1600535,-2.0166488,0.1858732,19692.658,0.0,0.0,12472.714,71815,0.0,21744902.0,0.020072753,798939.1,436480.04685520596
Geo39,2021-09-27,705085,1015649,0,2038194,-0.5676291,1.130506,5170.193,9792.107,0.0,15883.321,632858,0.0,30060602.0,0.020029321,798939.1,602093.446911242
Geo39,2021-10-04,1140949,360358,0,2939724,2.3064926,-1.0413507,8366.263,3474.295,0.0,22908.8,696176,0.0,28038234.0,0.02007468,798939.1,562858.57531512
Geo39,2021-10-11,3388801,2632518,916462,3739872,0.027932435,1.9257542,24849.14,25380.717,6810.16,29144.227,1261564,0.5592133,22479334.0,0.019993676,798939.1,449444.520691784
Geo39,2021-10-18,2497448,0,1416624,4286186,0.9160081,0.24564397,18313.094,0.0,10526.826,33401.562,1867126,2.49213,24881456.0,0.019937256,798939.1,496067.957924736
Geo39,2021-10-25,1330284,0,0,921212,0.9170703,-0.9376115,9754.604,0.0,0.0,7178.858,0,0.0,17096350.0,0.019983469,798939.1,341644.38023815
Geo39,2021-11-01,2071758,1212698,0,3458666,0.677599,0.9037205,15191.628,11691.902,0.0,26952.832,776385,0.0,22319390.0,0.020145182,798939.1,449628.17367898003
Geo39,2021-11-08,2194024,0,0,1824529,-0.24048525,0.73478866,16088.171,0.0,0.0,14218.263,459265,0.0,17328968.0,0.020017447,798939.1,346881.698504696
Geo39,2021-11-15,1930807,658186,976497,3774000,0.52672505,1.3544382,14158.073,6345.7236,7256.2754,29410.18,2343718,0.16841872,26486338.0,0.02009496,798939.1,532241.90265648
Geo39,2021-11-22,3402484,1833464,999576,5944067,1.1434798,1.9874656,24949.475,17676.85,7427.7734,46321.164,2880691,0.0,27100608.0,0.020020105,798939.1,542557.01772384
Geo39,2021-11-29,1274143,0,0,1420998,-0.020600736,-0.84036696,9342.938,0.0,0.0,11073.611,0,0.44581842,28282398.0,0.019921899,798939.1,563439.076433802
Geo39,2021-12-06,2692814,581424,1360697,2819043,1.5514381,-0.027217746,19745.66,5605.6436,10111.237,21968.352,0,0.6239851,24182898.0,0.020124825,798939.1,486676.59024284995
Geo39,2021-12-13,580658,1317825,0,2261802,-1.6779484,1.9858049,4257.8047,12705.456,0.0,17625.861,1021144,0.81580365,24536896.0,0.019991817,798939.1,490537.13458003197
Geo39,2021-12-20,1335480,1088697,247313,4255611,-0.59123677,1.3573766,9792.705,10496.38,1837.7643,33163.297,1233439,0.56715214,25747360.0,0.020029025,798939.1,515694.51712399995
Geo39,2021-12-27,2125634,0,0,2828197,-1.810769,-0.23234943,15586.686,0.0,0.0,22039.688,48748,0.19894892,17300316.0,0.019992622,798939.1,345878.678268552
Geo39,2022-01-03,900911,1647160,0,1774971,0.9340908,-1.2209613,6606.131,15880.651,0.0,13832.066,188309,0.73152643,20323210.0,0.019987512,798939.1,406210.40375352
Geo39,2022-01-10,647588,984745,0,3819618,-0.620359,0.61566454,4748.5835,9494.155,0.0,29765.674,0,1.1177856,22844456.0,0.019931128,798939.1,455315.776626368
Geo39,2022-01-17,277570,0,0,3367678,0.89739203,-0.503152,2035.344,0.0,0.0,26243.777,0,0.0,15635421.0,0.019881217,798939.1,310851.19778735697
Geo39,2022-01-24,2002295,772457,0,2693007,-1.1423621,1.2752676,14682.275,7447.437,0.0,20986.174,2507736,0.42838567,18084800.0,0.019985303,798939.1,361430.2076944
Geo39,2022-01-31,2703669,757300,0,3570281,-0.3993274,1.4636662,19825.256,7301.3047,0.0,27822.63,0,0.0,23699444.0,0.020057973,798939.1,475362.807867012
Geo39,2022-02-07,0,1012364,1019621,1964148,2.0826027,-1.3793848,0.0,9760.436,7576.7266,15306.292,777600,0.010414124,17135222.0,0.02021183,798939.1,346334.19407626
Geo39,2022-02-14,615063,0,0,3495266,-0.57269496,0.27939564,4510.0864,0.0,0.0,27238.05,1055615,1.2956866,20513730.0,0.02008597,798939.1,412038.16536810005
Geo39,2022-02-21,0,0,193587,2745560,-0.26318777,-0.88597906,0.0,0.0,1438.5304,21395.713,0,0.0,18938958.0,0.019981777,798939.1,378434.035368366
Geo39,2022-02-28,1849772,1923827,0,4135262,0.53728396,-0.3600279,13563.866,18548.062,0.0,32225.438,2138498,1.8847874,26108480.0,0.020039465,798939.1,523199.9711632
Geo39,2022-03-07,0,371315,0,673980,-0.8859192,-1.6054313,0.0,3579.934,0.0,5252.2183,0,0.0,21722240.0,0.020081943,798939.1,436224.78551232006
Geo39,2022-03-14,0,313260,0,0,-0.07059738,-3.060274,0.0,3020.2122,0.0,0.0,381864,0.0,14707082.0,0.019906119,798939.1,292760.924434758
Geo39,2022-03-21,0,1377972,0,1287370,-0.5302482,-0.717138,0.0,13285.347,0.0,10032.269,669734,0.0,13420126.0,0.01998174,798939.1,268157.46849924
Geo39,2022-03-28,0,0,0,2745816,-1.8709573,0.961457,0.0,0.0,0.0,21397.705,2264578,0.0,13350732.0,0.020059602,798939.1,267810.37032866396
Geo39,2022-04-04,1870065,0,0,1151792,-3.79745,1.0510012,13712.669,0.0,0.0,8975.731,0,0.0,21431932.0,0.01994898,798939.1,427545.18282936
Geo39,2022-04-11,0,0,0,1559847,1.5602474,-1.8442409,0.0,0.0,0.0,12155.639,0,0.04102778,14414670.0,0.020019798,798939.1,288578.78163666
Geo39,2022-04-18,1428546,253796,0,898062,0.80206996,-1.5559669,10475.132,2446.906,0.0,6998.454,0,0.0,6550282.0,0.019957459,798939.1,130726.984453438
Geo39,2022-04-25,498452,84530,0,1491113,-0.5672722,-2.1242976,3655.0105,814.9733,0.0,11620.006,0,0.0,11716216.0,0.020145968,798939.1,236034.512617088
Geo39,2022-05-02,1405036,0,0,545003,-0.5489356,-1.1692592,10302.74,0.0,0.0,4247.1216,0,0.98142236,8195326.0,0.020019712,798939.1,164068.066266112
Geo39,2022-05-09,875969,516054,0,0,0.004027814,-0.10380088,6423.238,4975.396,0.0,0.0,1728121,0.0,24734898.0,0.020157147,798939.1,498584.975016006
Geo39,2022-05-16,1988705,0,0,2658328,-1.2033024,-1.6780407,14582.623,0.0,0.0,20715.926,956386,1.0780802,21558896.0,0.020115443,798939.1,433666.743630928
Geo39,2022-05-23,0,539919,0,751433,-2.2251782,-1.6797303,0.0,5205.484,0.0,5855.7974,0,0.75604916,26359950.0,0.019995196,798939.1,527072.3668002
Geo39,2022-05-30,1154226,532390,1497811,5220998,0.08277419,2.0344687,8463.62,5132.8955,11130.12,40686.402,1484057,1.0390922,20011504.0,0.019964015,798939.1,399509.96602856
Geo39,2022-06-06,2497486,50337,0,1796911,-1.4389772,-0.7898263,18313.373,485.31067,0.0,14003.041,499892,0.1829069,14991876.0,0.02003794,798939.1,300406.31177544
Geo39,2022-06-13,1632101,0,0,62229,-1.697079,-0.8471004,11967.745,0.0,0.0,484.94064,514002,0.0,16577155.0,0.019852392,798939.1,329096.17930476
Geo39,2022-06-20,1507764,1577692,749377,1488275,0.14405423,-0.75536335,11056.016,15210.894,5568.564,11597.89,0,1.6009228,21299296.0,0.020246737,798939.1,431241.24439715204
Geo39,2022-06-27,2545288,2229348,405670,3950220,-0.005284071,2.2427368,18663.893,21493.66,3014.503,30783.434,2155196,2.0285099,22033046.0,0.02002306,798939.1,441169.00204075995
Geo39,2022-07-04,278028,0,1659576,2451666,1.4891949,-0.066886425,2038.7024,0.0,12332.184,19105.441,0,0.0,25825716.0,0.02004928,798939.1,517787.01128448
Geo39,2022-07-11,110119,1012490,0,4181092,0.07868624,1.7075999,807.4721,9761.651,0.0,32582.582,618189,0.0,22119026.0,0.020004367,798939.1,442477.113786542
Geo39,2022-07-18,0,223316,45272,827721,-1.2437452,0.82503086,0.0,2153.0413,336.4128,6450.2974,44170,0.0,18215076.0,0.01994081,798939.1,363223.36965156
Geo39,2022-07-25,3049260,470912,0,1353099,-0.77618253,0.27410638,22359.38,4540.1714,0.0,10544.485,1251400,0.2280398,21103952.0,0.020059478,798939.1,423334.26085705595
Geo39,2022-08-01,577421,0,397337,3089044,-0.51614726,0.16661578,4234.0684,0.0,2952.5813,24072.428,855819,0.0,19162680.0,0.019921217,798939.1,381743.90658156003
Geo39,2022-08-08,2411497,0,0,2139317,0.76696223,1.7270904,17682.84,0.0,0.0,16671.355,1589216,0.42123163,23774942.0,0.02003398,798939.1,476306.71252916
Geo39,2022-08-15,496881,984572,0,2133910,-1.3934002,-1.850776,3643.4907,9492.487,0.0,16629.22,0,0.6078959,22055562.0,0.019940255,798939.1,439793.53044831
Geo39,2022-08-22,2317605,439669,0,693169,-1.3651593,-0.6137027,16994.355,4238.9507,0.0,5401.7554,681357,1.1058252,18576582.0,0.019841854,798939.1,368593.827863028
Geo39,2022-08-29,1428860,0,1493844,2793696,1.4164432,0.37029597,10477.435,0.0,11100.642,21770.828,936967,0.0,22887520.0,0.019952457,798939.1,456662.25863664
Geo39,2022-09-05,1701303,2185423,0,2198852,-1.2797496,0.58910847,12475.184,21070.17,0.0,17135.303,0,0.0,27060324.0,0.01986587,798939.1,537576.8787418801
Geo39,2022-09-12,0,0,0,2794882,-0.15225846,0.19202772,0.0,0.0,0.0,21780.07,0,0.28585848,12799584.0,0.01998522,798939.1,255802.50214848
Geo39,2022-09-19,862391,0,61636,1495985,0.9542892,-1.4018649,6323.6743,0.0,458.01248,11657.972,905621,0.0,19507994.0,0.020089293,798939.1,391901.807308242
Geo39,2022-09-26,127303,0,0,2767795,-0.928998,-0.13124841,933.4776,0.0,0.0,21568.984,0,0.0,20955548.0,0.019993557,798939.1,418975.943404236
Geo39,2022-10-03,679842,2212343,0,5178332,0.9552579,1.2472694,4985.093,21329.713,0.0,40353.914,851835,0.0,18176252.0,0.02003075,798939.1,364083.959749
Geo39,2022-10-10,408971,2629236,2028149,4292050,1.5632398,1.7500634,2998.871,25349.074,15071.022,33447.26,1178981,0.0,22888842.0,0.01989357,798939.1,455340.78054594
Geo39,2022-10-17,2131176,1276034,2290754,4113045,1.8742404,0.96351135,15627.324,12302.539,17022.42,32052.305,1734068,0.6891299,20968980.0,0.020090539,798939.1,421278.11048022
Geo39,2022-10-24,306011,0,0,1952454,-0.054671705,0.17239475,2243.894,0.0,0.0,15215.163,372876,0.0,17419278.0,0.020062005,798939.1,349465.64233239
Geo39,2022-10-31,3112389,654472,2247044,4597913,0.60205936,1.7795503,22822.285,6309.916,16697.613,35830.805,1346128,0.8160149,19436778.0,0.020076592,798939.1,390224.261700576
Geo39,2022-11-07,932041,927309,1098158,3364562,2.1084902,0.45682287,6834.3984,8940.401,8160.329,26219.494,846004,0.40389603,23120544.0,0.019856842,798939.1,459100.989162048
Geo39,2022-11-14,3132756,0,314751,4054683,-0.79753226,1.7373405,22971.633,0.0,2338.891,31597.498,1209414,2.4625106,28623984.0,0.019942181,798939.1,570824.669869104
Geo39,2022-11-21,2561724,2342034,0,4823556,0.7704035,0.47787562,18784.412,22580.092,0.0,37589.203,859746,0.9919069,18538048.0,0.020012422,798939.1,370991.239632256
Geo39,2022-11-28,0,763954,0,2327216,-1.5278255,-1.0474485,0.0,7365.4575,0.0,18135.623,0,0.32652795,17753438.0,0.020124506,798939.1,357279.169551628
Geo39,2022-12-05,1964640,1427956,1137618,2173014,0.64582646,1.1349072,14406.161,13767.254,8453.553,16933.951,0,0.0,20177096.0,0.020019855,798939.1,403942.53624108
Geo39,2022-12-12,1243839,502399,0,412353,-1.321717,-1.5899768,9120.727,4843.745,0.0,3213.4014,0,0.29194072,22865176.0,0.020095833,798939.1,459494.758411608
Geo39,2022-12-19,2263159,751424,1702154,3837662,0.9083384,-0.46837673,16595.117,7244.653,12648.578,29906.287,0,1.0059516,21606526.0,0.019984486,798939.1,431795.316355636
Geo39,2022-12-26,908202,702778,406844,1448758,0.4088097,-0.29927975,6659.594,6775.6455,3023.227,11289.94,42320,0.48069084,20428870.0,0.019935606,798939.1,407261.90334522
Geo39,2023-01-02,2617718,0,0,4193581,1.4029528,-1.3619918,19195.002,0.0,0.0,32679.908,761138,2.3628554,20498498.0,0.020049134,798939.1,410977.133200732
Geo39,2023-01-09,761087,807515,1092178,2645514,1.0349839,1.0092826,5580.8403,7785.439,8115.892,20616.068,1745505,0.013433367,15510889.0,0.020092478,798939.1,311652.195992942
Geo39,2023-01-16,1732385,143651,0,1333848,-1.7949642,-1.0547922,12703.1,1384.9725,0.0,10394.465,0,0.3633101,28086198.0,0.020045338,798939.1,562997.332044924
Geo39,2023-01-23,0,0,0,1871519,1.2732277,-1.3827904,0.0,0.0,0.0,14584.449,0,0.0,13962601.0,0.020004561,798939.1,279315.703423161
Geo39,2023-01-30,1919403,493000,7463,2426909,0.54760945,0.5057034,14074.451,4753.127,55.45699,18912.514,0,0.0,19542172.0,0.020023156,798939.1,391295.958534832
Geo39,2023-02-06,1403855,298525,0,0,-2.616213,-0.21542758,10294.08,2878.1487,0.0,0.0,1002918,0.31952715,22508290.0,0.019912414,798939.1,448194.38891206
Geo39,2023-02-13,1970406,1062376,0,0,-1.4513209,-0.87798643,14448.442,10242.613,0.0,0.0,0,0.2760412,26304512.0,0.020188559,798939.1,531050.192478208
Geo39,2023-02-20,2787580,1413306,0,3095640,0.4973705,-1.5488148,20440.553,13626.01,0.0,24123.828,1187156,1.6303484,25713134.0,0.019897966,798939.1,511639.066085444
Geo39,2023-02-27,576281,0,0,2193297,-0.11894214,-1.0144536,4225.709,0.0,0.0,17092.014,361906,0.0,20954006.0,0.020204255,798939.1,423360.08049553004
Geo39,2023-03-06,2724690,935336,0,2292018,-1.1822623,-1.7607148,19979.398,9017.791,0.0,17861.33,0,0.0,18914964.0,0.019959245,798939.1,377528.40064218
Geo39,2023-03-13,1178742,1160360,0,3266336,-0.9185588,0.26842117,8643.389,11187.299,0.0,25454.035,144106,0.2775867,29279456.0,0.019846281,798939.1,581088.311303136
Geo39,2023-03-20,0,0,0,0,-2.4006124,-4.230392,0.0,0.0,0.0,0.0,0,0.0,10054017.0,0.019962026,798939.1,200698.54875844202
Geo39,2023-03-27,646044,212118,0,2102178,0.22843343,-0.28998578,4737.262,2045.0787,0.0,16381.938,0,0.0,14004605.0,0.020046657,798939.1,280745.51285548497
Geo39,2023-04-03,2250038,1880038,0,2266166,0.09150112,-0.008182257,16498.906,18125.883,0.0,17659.87,409991,0.4410695,23113860.0,0.020025836,798939.1,462874.36968696007
Geo39,2023-04-10,1622148,350094,0,2726944,-1.3875351,-0.23145828,11894.762,3375.3372,0.0,21250.64,0,0.0,18337196.0,0.019933622,798939.1,365526.73360391206
Geo39,2023-04-17,2247092,341319,0,3302141,-1.5378244,0.3101964,16477.305,3290.7356,0.0,25733.059,0,0.0,19219850.0,0.019950764,798939.1,383450.6914654
Geo39,2023-04-24,867212,726796,0,0,-1.8509277,-1.3932122,6359.0254,7007.2085,0.0,0.0,0,0.07968855,28493848.0,0.020179996,798939.1,575005.738664608
Geo39,2023-05-01,1354314,0,185509,3600320,1.8455837,-0.89488024,9930.81,0.0,1378.5034,28056.72,922259,0.54094124,19708564.0,0.01994152,798939.1,393018.72317728004
Geo39,2023-05-08,215994,145359,0,676405,0.42700237,-0.9184284,1583.8242,1401.4397,0.0,5271.1167,525174,0.0,20547776.0,0.020071033,798939.1,412415.090172608
Geo39,2023-05-15,357686,0,0,0,-2.191511,-2.3232837,2622.8125,0.0,0.0,0.0,0,0.0,14863166.0,0.02006056,798939.1,298163.43333296
Geo39,2023-05-22,1086818,736023,647888,4418728,-0.26892102,0.75649697,7969.3354,7096.168,4814.407,34434.445,638797,0.0,25703784.0,0.020153698,798939.1,518026.300193232
Geo39,2023-05-29,2273632,96378,1317817,3100535,0.5518918,0.09296012,16671.914,929.20264,9792.599,24161.975,622467,1.7968943,24677212.0,0.019950872,798939.1,492331.89792886405
Geo39,2023-06-05,0,0,0,2025957,0.6897485,-1.7108916,0.0,0.0,0.0,15787.96,0,0.028333902,16215088.0,0.01967717,798939.1,319067.04314096
Geo39,2023-06-12,1243970,0,0,2131679,-0.80199516,0.5261657,9121.688,0.0,0.0,16611.834,2252830,0.0,26625556.0,0.019867867,798939.1,528993.005409052
Geo39,2023-06-19,3307594,0,0,152982,-1.48954,-1.795506,24253.672,0.0,0.0,1192.1644,1482349,0.68117404,18047396.0,0.019878263,798939.1,358750.884153148
Geo39,2023-06-26,2209185,0,1199517,3564309,2.2944977,0.7106233,16199.342,0.0,8913.52,27776.092,2678478,0.29033953,17977356.0,0.020204868,798939.1,363230.104969008
Geo39,2023-07-03,2095702,0,0,0,-1.064054,-0.22833356,15367.203,0.0,0.0,0.0,0,0.0,19586724.0,0.019980485,798939.1,391352.24508113996
Geo39,2023-07-10,1752674,0,0,2720952,-1.6765177,-1.0734819,12851.873,0.0,0.0,21203.943,0,0.0,21425164.0,0.020064224,798939.1,429879.28973273595
Geo39,2023-07-17,0,556921,0,2231312,-1.3323874,0.66916865,0.0,5369.4043,0.0,17388.258,0,0.0,23127756.0,0.02015559,798939.1,466153.56755604
Geo39,2023-07-24,0,0,0,1711372,0.308669,-1.8148979,0.0,0.0,0.0,13336.449,0,0.0,9677074.0,0.019912668,798939.1,192696.361773432
Geo39,2023-07-31,2214617,0,0,185343,-1.1770056,0.101426795,16239.173,0.0,0.0,1444.3484,0,0.0,19577700.0,0.020074667,798939.1,393015.80812590005
Geo39,2023-08-07,3238108,2019085,0,3122131,-0.3270728,1.2084259,23744.15,19466.467,0.0,24330.268,2557584,0.0,19181610.0,0.019989148,798939.1,383424.04116828
Geo39,2023-08-14,1672750,1353335,0,455256,-1.2523339,-1.3295887,12265.813,13047.816,0.0,3547.7375,292265,0.36122072,21015136.0,0.019914582,798939.1,418507.649113152
Geo39,2023-08-21,1780350,1163131,481209,4395108,1.535251,0.82865655,13054.814,11214.015,3575.8276,34250.375,903688,0.5559485,20040202.0,0.020222606,798939.1,405265.109206412
Geo39,2023-08-28,0,0,0,3020139,-0.5366651,0.1075722,0.0,0.0,0.0,23535.463,1986045,2.0325282,19508572.0,0.019849038,798939.1,387226.386953736
Geo39,2023-09-04,2055273,944752,1811572,4911176,2.2070339,0.8002292,15070.748,9108.573,13461.655,38272.01,2109616,0.0,20244398.0,0.019904383,798939.1,402952.25139643403
Geo39,2023-09-11,3496217,1928885,1168906,3483852,0.46770638,0.12659445,25636.793,18596.826,8686.052,27149.102,2444496,1.2993345,23386792.0,0.02001003,798939.1,467970.40952376
Geo39,2023-09-18,1158950,1964004,0,2339251,-0.89322567,-0.30705458,8498.259,18935.418,0.0,18229.41,0,0.6203081,24358466.0,0.020053934,798939.1,488483.06950524397
Geo39,2023-09-25,1055868,1289667,1353480,2995594,1.0882397,0.18671767,7742.3877,12433.978,10057.608,23344.186,0,0.74984765,22719852.0,0.020162968,798939.1,458099.648840736
Geo39,2023-10-02,1924090,2126244,2626460,4912518,2.3567934,2.1017737,14108.819,20499.61,19517.025,38282.47,3288424,1.1546941,25804036.0,0.02000338,798939.1,516167.93764168
Geo39,2023-10-09,1737282,986009,0,1997844,-1.5481668,0.888783,12739.008,9506.341,0.0,15568.88,29360,0.0,24247646.0,0.019843897,798939.1,481167.78971646196
Geo39,2023-10-16,1695303,409254,899154,3522874,0.83676213,0.46645245,12431.188,3945.7124,6681.5454,27453.195,2000165,0.3315602,22203226.0,0.019980187,798939.1,443624.607483262
Geo39,2023-10-23,1665102,563988,652820,2746576,-0.58585405,0.51010245,12209.732,5437.539,4851.056,21403.629,1893584,2.255173,29219550.0,0.01986183,798939.1,580353.7347765
Geo39,2023-10-30,3435088,0,0,2201970,-0.44534406,-0.6151284,25188.55,0.0,0.0,17159.6,623100,1.267065,23354438.0,0.020184064,798939.1,471387.47127603204
Geo39,2023-11-06,1725267,1133923,0,2397651,0.83724856,-0.49525344,12650.905,10932.414,0.0,18684.512,563755,0.036048293,22364358.0,0.020101452,798939.1,449556.068847816
Geo39,2023-11-13,1162493,1597462,607535,4295130,0.24779032,1.3740935,8524.239,15401.501,4514.5464,33471.26,2128501,1.9736136,25026252.0,0.02007833,798939.1,502485.34631915996
Geo39,2023-11-20,1256027,1081540,158636,3091088,0.23596832,-0.12871885,9210.098,10427.378,1178.8121,24088.355,44303,0.42321563,15106581.0,0.020136246,798939.1,304189.831234926
Geo39,2023-11-27,3032508,2957702,1567859,3895670,1.3282673,0.95212656,22236.543,28515.89,11650.642,30358.334,1257379,1.597848,22941554.0,0.020049611,798939.1,459969.23343549395
Geo39,2023-12-04,440329,2351846,0,1977395,0.08856954,0.27748019,3228.8108,22674.691,0.0,15409.524,1242520,0.6435803,25031620.0,0.020085001,798939.1,502760.11273162
Geo39,2023-12-11,62536,793223,0,4249812,0.20502248,0.0994778,458.55917,7647.6465,0.0,33118.105,0,0.41644245,25163880.0,0.020145886,798939.1,506948.65779767995
Geo39,2023-12-18,769531,2171085,0,4260355,1.3535796,0.88249916,5642.758,20931.934,0.0,33200.266,2687601,0.0,16724548.0,0.019850526,798939.1,331991.074912248
Geo39,2023-12-25,871138,244295,0,684231,-0.8769506,-1.7732373,6387.814,2355.3047,0.0,5332.103,0,0.0,21707140.0,0.020060496,798939.1,435455.99514144
Geo39,2024-01-01,1376484,993545,417884,3892717,1.9122112,-0.4881582,10093.376,9578.997,3105.2644,30335.322,2683131,1.1272875,27543092.0,0.019954154,798939.1,549599.0994041681
Geo39,2024-01-08,1711656,986339,0,1207044,-0.78902406,-1.1093276,12551.1,9509.523,0.0,9406.301,0,0.21472016,15926461.0,0.019898335,798939.1,316910.056342435
Geo39,2024-01-15,2638270,1792756,942380,947151,-1.1681616,-0.09279871,19345.703,17284.377,7002.7544,7380.9966,31589,1.0100081,20976050.0,0.019847486,798939.1,416321.8587103
Geo4,2021-01-25,775820,54435,153496,180163,-1.1972551,0.51602155,5688.8735,524.82043,1140.6171,1403.9814,278514,0.0,5727608.0,0.019875433,337852.2,113838.689054264
Geo4,2021-02-01,14711,75504,0,1242063,-0.9876931,-0.032648265,107.87169,727.95154,0.0,9679.199,0,0.0,5536625.0,0.019889884,337852.2,110122.8290015
Geo4,2021-02-08,406007,960479,0,1140006,-1.2217504,-0.5050846,2977.137,9260.2,0.0,8883.885,133927,0.14184572,7188652.0,0.019816041,337852.2,142450.622766732
Geo4,2021-02-15,581220,0,0,916375,-0.67736053,-0.04317382,4261.9253,0.0,0.0,7141.164,381260,0.21650329,6475166.0,0.020072995,337852.2,129975.97474217
Geo4,2021-02-22,710497,0,0,2213486,0.13412482,0.34707275,5209.878,0.0,0.0,17249.344,188367,1.3862673,3824102.0,0.020039808,337852.2,76634.269852416
Geo4,2021-03-01,868532,298497,0,1224615,-1.6827991,-0.32987118,6368.7046,2877.8787,0.0,9543.229,12303,1.7014351,10172850.0,0.020217787,337852.2,205672.51448295
Geo4,2021-03-08,38084,320420,0,742483,-1.0984222,-0.28188387,279.25943,3089.2434,0.0,5786.0513,0,0.0,7129661.5,0.019805238,337852.2,141204.642866937
Geo4,2021-03-15,663137,565752,0,1717394,-0.06834614,1.3109603,4862.6,5454.546,0.0,13383.377,412054,0.044884086,4818891.5,0.019909926,337852.2,95943.77316702901
Geo4,2021-03-22,0,581398,0,77828,-1.3062499,-3.5796337,0.0,5605.3926,0.0,606.50116,0,0.016799152,8507187.0,0.019926194,337852.2,169515.85855627802
Geo4,2021-03-29,831700,679985,517727,1166598,0.28866786,1.5123736,6098.626,6555.893,3847.1902,9091.112,230766,0.57161266,3554985.5,0.019923238,337852.2,70826.822203049
Geo4,2021-04-05,958122,175807,891940,1681746,1.5876849,0.8328105,7025.6436,1694.996,6627.9385,13105.578,166106,0.0,3373650.2,0.019957723,337852.2,67330.3761904946
Geo4,2021-04-12,245728,339769,0,1457212,0.5827716,-0.29864293,1801.8553,3275.7915,0.0,11355.821,179947,0.0,7480317.0,0.02003873,337852.2,149896.05267741
Geo4,2021-04-19,0,132357,0,601674,-2.0421436,-1.5837972,0.0,1276.0845,0.0,4688.7495,0,0.0,10929353.0,0.020128151,337852.2,219987.66751630302
Geo4,2021-04-26,399021,536396,0,1001579,0.36687243,-0.3756796,2925.9104,5171.518,0.0,7805.1455,104703,0.0,6589806.0,0.019916737,337852.2,131247.432983022
Geo4,2021-05-03,872336,0,0,1588236,1.5060245,-0.32067022,6396.5986,0.0,0.0,12376.87,911976,0.0,6816595.0,0.020004032,337852.2,136359.38451104
Geo4,2021-05-10,0,440722,0,1052870,0.2188704,-0.9326154,0.0,4249.103,0.0,8204.848,0,0.0,7068921.5,0.0200673,337852.2,141854.16841695
Geo4,2021-05-17,686977,162844,0,1093782,-1.7702188,0.14205728,5037.412,1570.0167,0.0,8523.669,768950,1.5886832,6577194.5,0.019976983,337852.2,131392.5027141935
Geo4,2021-05-24,580797,631198,0,1215075,-1.2741345,0.032585442,4258.8237,6085.526,0.0,9468.886,0,1.4402199,8031432.5,0.01989645,337852.2,159796.995164625
Geo4,2021-05-31,278700,784062,0,258785,-2.3014722,-0.111875355,2043.63,7559.3237,0.0,2016.6703,0,0.9602797,6981834.5,0.019855097,337852.2,138625.00123544649
Geo4,2021-06-07,250464,0,0,1057697,-1.1410075,0.37118864,1836.5831,0.0,0.0,8242.464,627933,0.0,7051750.5,0.020187942,337852.2,142360.330092471
Geo4,2021-06-14,0,0,0,572803,-0.42756295,-0.8057264,0.0,0.0,0.0,4463.7627,265408,0.0,8244306.0,0.020087793,337852.2,165609.912356658
Geo4,2021-06-21,1472692,1442886,281917,1376961,-1.123375,1.4901084,10798.843,13911.198,2094.9038,10730.437,549172,2.4767365,6580311.5,0.019928135,337852.2,131133.3359140525
Geo4,2021-06-28,670703,1058436,863708,1846256,3.0662227,-0.4968498,4918.0796,10204.627,6418.149,14387.578,741385,2.578923,6265817.5,0.019687058,337852.2,123355.512539915
Geo4,2021-07-05,329655,126206,0,1126973,-0.3713019,-1.1309783,2417.2688,1216.7812,0.0,8782.321,654113,0.839114,7262418.0,0.020029366,337852.2,145461.628166988
Geo4,2021-07-12,349857,0,0,550428,-1.5910994,-0.47944236,2565.4045,0.0,0.0,4289.3975,0,0.0,6099263.0,0.020048792,337852.2,122282.85524029599
Geo4,2021-07-19,0,248475,591849,1035254,-0.7861629,0.44771692,0.0,2395.605,4397.985,8067.5693,0,0.0,4791635.0,0.020049661,337852.2,96070.657385735
Geo4,2021-07-26,249371,700123,0,748576,0.4898008,-0.10078204,1828.5685,6750.048,0.0,5833.5337,414824,0.0,6371459.0,0.020004649,337852.2,127458.80091289099
Geo4,2021-08-02,69917,181769,127850,450701,0.5325018,-0.5240015,512.682,1752.477,950.0437,3512.241,0,0.0,5168094.5,0.020144941,337852.2,104110.9587849245
Geo4,2021-08-09,158533,89663,0,799078,-0.41747552,-0.7767288,1162.4786,864.46173,0.0,6227.0874,0,0.47648725,6244282.0,0.020040467,337852.2,125138.327359694
Geo4,2021-08-16,335271,21208,0,633873,-0.32143515,-0.6760515,2458.4495,204.47124,0.0,4939.671,269974,1.0996478,10110071.0,0.019946026,337852.2,201655.739027846
Geo4,2021-08-23,296783,810523,71216,1115527,0.27919543,0.39397728,2176.2275,7814.44,529.2007,8693.124,268553,0.0,7518858.5,0.019944334,337852.2,149958.625222739
Geo4,2021-08-30,520146,0,0,808454,0.73958683,-0.4327351,3814.0864,0.0,0.0,6300.153,218224,0.34842968,6535902.5,0.019912751,337852.2,130147.7990427775
Geo4,2021-09-06,601951,72717,0,678720,1.0477769,-1.327693,4413.94,701.0814,0.0,5289.1567,0,0.0,5214469.5,0.020003598,337852.2,104308.151661261
Geo4,2021-09-13,578586,589753,0,1638865,-0.15243578,0.51816654,4242.611,5685.945,0.0,12771.414,0,0.0,5735425.0,0.020044625,337852.2,114964.443340625
Geo4,2021-09-20,740365,714929,0,770127,-1.7627542,0.5637921,5428.8916,6892.796,0.0,6001.477,158054,1.0783067,9171169.0,0.019979216,337852.2,183232.766423504
Geo4,2021-09-27,740120,0,58322,760894,-0.9022559,1.231227,5427.095,0.0,433.38638,5929.5254,447091,0.0,4677358.5,0.020131493,337852.2,94162.2099012405
Geo4,2021-10-04,651773,595098,905170,2399230,2.2478065,0.9680048,4779.271,5737.4775,6726.25,18696.816,1563447,0.0,5400346.0,0.020017428,337852.2,108101.037230088
Geo4,2021-10-11,356579,742292,0,1480261,-0.50064766,-0.8117207,2614.695,7156.609,0.0,11535.438,0,0.19084877,9146580.0,0.02013997,337852.2,184211.8468026
Geo4,2021-10-18,438466,100275,0,454215,-1.4855411,-0.16959408,3215.1497,966.7745,0.0,3539.625,0,0.003631711,5226624.5,0.019801658,337852.2,103495.830843421
Geo4,2021-10-25,719092,669717,0,1294144,1.2713683,0.45687562,5272.9023,6456.8965,0.0,10085.058,806597,0.4817431,7441516.5,0.019941622,337852.2,148395.909149763
Geo4,2021-11-01,621891,0,0,1677960,0.9045916,1.241671,4560.1543,0.0,0.0,13076.075,634761,0.0,4040450.8,0.019853586,337852.2,80217.4374365688
Geo4,2021-11-08,163903,0,130090,1514378,1.2013614,0.73319834,1201.8553,0.0,966.68896,11801.306,409394,0.15454176,6871739.0,0.020006184,337852.2,137477.274833976
Geo4,2021-11-15,297884,760513,0,2287123,1.6594092,0.6824174,2184.301,7332.282,0.0,17823.184,1085559,0.09181066,6385275.5,0.019910429,337852.2,127133.57448818951
Geo4,2021-11-22,242527,945546,107362,1961210,1.56434,0.31529725,1778.3834,9116.228,797.79895,15283.397,518228,0.0,4094645.8,0.019992493,337852.2,81862.1774939794
Geo4,2021-11-29,0,0,0,334859,-1.487387,-2.6122417,0.0,0.0,0.0,2609.5027,0,0.0,9652793.0,0.02005489,337852.2,193585.70180776998
Geo4,2021-12-06,754895,322202,0,505295,-0.2584796,-1.0991954,5535.436,3106.424,0.0,3937.6833,497049,1.9895792,6148410.0,0.01982061,337852.2,121865.23673009999
Geo4,2021-12-13,413716,477323,187913,1784340,-0.4446016,2.898321,3033.665,4601.9814,1396.3673,13905.077,658815,0.5850462,5293215.0,0.020039687,337852.2,106074.371823705
Geo4,2021-12-20,740720,860571,0,1340312,-0.34511054,1.6509113,5431.4946,8296.965,0.0,10444.838,0,0.0,5160517.5,0.019911725,337852.2,102754.80531768751
Geo4,2021-12-27,597870,0,389498,1123067,1.8081172,-1.2801796,4384.015,0.0,2894.3303,8751.882,414196,0.9349905,8686211.0,0.020119615,337852.2,174763.221128765
Geo4,2022-01-03,989549,974210,1002049,2336431,2.1786344,1.7968706,7256.089,9392.584,7446.1504,18207.434,977582,0.57210445,6408939.0,0.020013167,337852.2,128263.16649981299
Geo4,2022-01-10,1245082,0,0,776297,-2.0931067,-0.44954312,9129.842,0.0,0.0,6049.5586,0,1.1368824,10657045.0,0.01996096,337852.2,212724.8489632
Geo4,2022-01-17,685323,0,0,981265,-1.2847438,0.72982955,5025.284,0.0,0.0,7646.8413,0,0.11273244,5163009.5,0.02009132,337852.2,103731.67602754
Geo4,2022-01-24,173248,0,0,850556,-2.6562874,0.65378845,1270.3796,0.0,0.0,6628.247,0,0.0,7631751.0,0.019929815,337852.2,152099.385556065
Geo4,2022-01-31,471580,257841,0,1049503,-0.8814333,-0.14566827,3457.9656,2485.9048,0.0,8178.6094,0,0.0,7458698.0,0.019929778,337852.2,148650.19530904398
Geo4,2022-02-07,0,485812,0,865251,0.034588307,-1.5400314,0.0,4683.826,0.0,6742.763,334134,0.0,9521049.0,0.019949138,337852.2,189936.72040576203
Geo4,2022-02-14,803389,502866,0,467589,-1.8048093,-1.466078,5891.029,4848.2476,0.0,3643.8464,0,0.0,11418846.0,0.0198805,337852.2,227012.36790299998
Geo4,2022-02-21,234677,26818,96809,685491,0.56497884,-0.69556373,1720.8215,258.55853,719.3804,5341.922,151030,0.49307746,5968254.5,0.01998787,337852.2,119292.69507291501
Geo4,2022-02-28,951032,720431,0,583509,-1.593937,-0.8191584,6973.6543,6945.842,0.0,4547.1924,0,0.0,6986372.0,0.020025665,337852.2,139906.74523738
Geo4,2022-03-07,604523,0,0,0,-2.1136565,-0.6124257,4432.8,0.0,0.0,0.0,0,0.00729537,7322188.0,0.020198932,337852.2,147900.377503216
Geo4,2022-03-14,0,0,0,1288837,-1.1516507,-1.4507383,0.0,0.0,0.0,10043.701,0,0.0,8714467.0,0.02011191,337852.2,175264.57600197
Geo4,2022-03-21,1051417,381120,0,1595349,-1.8174021,1.5316132,7709.75,3674.4663,0.0,12432.3,118775,0.0,6351644.0,0.019842379,337852.2,126031.727521076
Geo4,2022-03-28,0,0,0,1460821,-0.08984935,-1.3946915,0.0,0.0,0.0,11383.945,882531,1.2223035,6640366.0,0.020115787,337852.2,133576.188058042
Geo4,2022-04-04,427163,96748,0,538654,-0.8154341,0.6449709,3132.268,932.7699,0.0,4197.6445,266354,0.0,3759227.5,0.020083893,337852.2,75499.9228726575
Geo4,2022-04-11,169362,0,0,1365487,0.58423895,0.25491995,1241.8846,0.0,0.0,10641.022,327900,0.035801686,7448413.5,0.02001843,337852.2,149105.544260805
Geo4,2022-04-18,178189,10162,0,205887,-1.0222265,-0.93338764,1306.6106,97.9742,0.0,1604.4445,0,0.0,7282369.0,0.02010521,337852.2,146413.55804248998
Geo4,2022-04-25,556915,25075,0,300510,-0.67630565,-1.3933557,4083.7036,241.75388,0.0,2341.8264,0,0.0,9435380.0,0.020049203,337852.2,189171.84900214002
Geo4,2022-05-02,0,0,0,0,-0.8754871,-3.0360665,0.0,0.0,0.0,0.0,0,0.0,12078717.0,0.020044297,337852.2,242109.39092694898
Geo4,2022-05-09,390499,412165,0,552185,0.24155217,-1.6059246,2863.421,3973.7783,0.0,4303.0894,0,0.0,8918087.0,0.020029366,337852.2,178623.628542842
Geo4,2022-05-16,361262,0,0,740584,-2.5383928,0.57236755,2649.0342,0.0,0.0,5771.253,245233,0.0,8110691.0,0.02006393,337852.2,162732.33647563
Geo4,2022-05-23,0,334089,0,482489,0.2982278,-1.4159584,0.0,3221.0295,0.0,3759.9597,0,0.055122137,5828440.5,0.02001319,337852.2,116645.687130195
Geo4,2022-05-30,59642,0,0,761573,-1.5405095,-0.69149095,437.3383,0.0,0.0,5934.817,359896,0.35111442,6586909.0,0.019989252,337852.2,131667.383902068
Geo4,2022-06-06,153450,102995,0,0,-1.0178295,-2.1522975,1125.2064,992.9986,0.0,0.0,0,0.9773495,9104264.0,0.019913416,337852.2,181296.996405824
Geo4,2022-06-13,1156754,0,9995,210840,-0.26967025,-0.95493627,8482.157,0.0,74.27209,1643.0425,506801,1.3827178,6315093.0,0.019825222,337852.2,125198.120675646
Geo4,2022-06-20,240998,0,0,888459,-1.2900535,0.43966067,1767.1716,0.0,0.0,6923.6196,168141,0.75707877,6090532.0,0.02003701,337852.2,122036.05058932
Geo4,2022-06-27,1359607,772399,0,933871,-1.5421184,1.1821066,9969.622,7446.8774,0.0,7277.5073,0,0.5474741,6043325.0,0.019951144,337852.2,120571.2473138
Geo4,2022-07-04,749508,306200,404714,1733264,0.59098196,-0.2279127,5495.9346,2952.145,3007.3992,13507.05,661016,1.7252355,6471480.5,0.019950049,337852.2,129106.35307754451
Geo4,2022-07-11,745112,449304,0,1548518,-1.9243971,0.98065305,5463.7,4331.844,0.0,12067.354,570804,1.6440318,10472463.0,0.020163886,337852.2,211165.550071218
Geo4,2022-07-18,128540,159737,0,875961,-0.368985,-0.04568603,942.5483,1540.0614,0.0,6826.2246,146650,1.3303717,8080483.5,0.02011356,337852.2,162527.28970626
Geo4,2022-07-25,835025,94690,0,0,-1.4571714,-0.034394607,6123.007,912.92816,0.0,0.0,0,0.0,5386932.0,0.01999779,337852.2,107726.73488028001
Geo4,2022-08-01,403399,10641,1181096,2071432,0.9193018,1.6251422,2958.0132,102.59235,8776.635,16142.339,440423,0.0,8627069.0,0.01988738,337852.2,171569.79948922
Geo4,2022-08-08,472542,0,0,952890,-0.6284013,-0.66308683,3465.0198,0.0,0.0,7425.72,56480,0.0,7036232.0,0.020048581,337852.2,141066.467186792
Geo4,2022-08-15,0,0,0,747060,-0.46699733,-1.4905899,0.0,0.0,0.0,5821.7197,21207,0.0,8679248.0,0.019967481,337852.2,173302.719534288
Geo4,2022-08-22,816337,1405267,1205522,1746495,1.6047695,2.645391,5985.973,13548.505,8958.143,13610.157,1196300,0.19514021,4690371.5,0.01986403,337852.2,93169.680187145
Geo4,2022-08-29,804124,356977,396159,770814,0.110220075,0.38680294,5896.4185,3441.698,2943.8274,6006.8306,0,1.0565531,8642962.0,0.020039212,337852.2,173198.147825944
Geo4,2022-09-05,916686,683628,139182,1844437,-0.11663252,1.3119267,6721.8047,6591.016,1034.251,14373.403,960602,1.6007321,3370501.8,0.019984037,337852.2,67356.23267976659
Geo4,2022-09-12,556572,358274,0,1563396,0.7322407,1.0038698,4081.1885,3454.2024,0.0,12183.296,518890,0.0,4893155.5,0.020004135,337852.2,97883.3431979925
Geo4,2022-09-19,387327,591209,350139,1878420,2.1961322,0.008360118,2840.1619,5699.983,2601.8564,14638.227,210661,0.26253682,5149462.5,0.019814309,337852.2,102033.0411589125
Geo4,2022-09-26,497138,189649,0,1378376,-0.12793726,-0.01623267,3645.3752,1828.4498,0.0,10741.464,126348,0.2402671,3388995.8,0.02011551,337852.2,68171.378904858
Geo4,2022-10-03,837898,1536371,0,1157927,0.59252584,0.23249146,6144.074,14812.509,0.0,9023.54,61730,1.074631,6175080.0,0.020046368,337852.2,123787.92610943998
Geo4,2022-10-10,877928,466884,0,1922976,1.0358336,2.2553277,6437.603,4501.3364,0.0,14985.445,524820,0.0,7697359.0,0.019946037,337852.2,153531.807416283
Geo4,2022-10-17,0,183757,0,1243742,2.2358809,-1.3709406,0.0,1771.6438,0.0,9692.283,292247,0.0,6115361.0,0.020024277,337852.2,122455.682618997
Geo4,2022-10-24,608868,567820,0,1733586,-0.5611006,1.1968087,4464.6606,5474.484,0.0,13509.559,0,0.5980275,5436936.0,0.019975368,337852.2,108604.797392448
Geo4,2022-10-31,1338563,1047184,250392,1451172,0.45270103,1.4580474,9815.312,10096.143,1860.644,11308.752,493334,0.0,5421524.5,0.020109855,337852.2,109026.0715739475
Geo4,2022-11-07,714979,120598,0,1349410,-1.2027886,1.3759627,5242.743,1162.7133,0.0,10515.737,367007,0.0,6640314.0,0.019948406,337852.2,132463.67963948398
Geo4,2022-11-14,727082,796690,1000953,2509409,1.6953835,1.5245075,5331.491,7681.073,7438.006,19555.424,741631,0.6254227,9718058.0,0.019889163,337852.2,193284.03960545402
Geo4,2022-11-21,988143,100660,9980,2283728,0.76006305,-0.20780328,7245.779,970.4864,74.16062,17796.729,272173,1.2599969,9442656.0,0.020031268,337852.2,189148.372967808
Geo4,2022-11-28,184617,1058790,0,1804536,-0.4349857,1.1227062,1353.7454,10208.04,0.0,14062.461,101952,0.034490466,7509229.5,0.019991836,337852.2,150123.28465036198
Geo4,2022-12-05,1271139,694425,534918,1846165,0.27006322,2.3900588,9320.91,6695.112,3974.9353,14386.869,492857,1.1285437,2454070.2,0.02003477,337852.2,49166.732020854004
Geo4,2022-12-12,0,225646,0,362235,-2.0290258,-1.008685,0.0,2175.5054,0.0,2822.8396,100552,0.27509463,8297970.0,0.020035667,337852.2,166255.36369599
Geo4,2022-12-19,377310,392772,1146894,1943564,0.8625299,2.3232002,2766.7097,3786.8057,8522.483,15145.884,0,0.0,6048520.0,0.019860942,337852.2,120129.30490583999
Geo4,2022-12-26,0,0,0,25261,-1.0039498,-0.6736883,0.0,0.0,0.0,196.85493,0,0.0,9313151.0,0.01991308,337852.2,185453.52091508
Geo4,2023-01-02,736160,0,0,332990,0.34308842,-1.0894743,5398.0576,0.0,0.0,2594.938,0,1.3280686,7062853.5,0.01990581,337852.2,140591.819828835
Geo4,2023-01-09,1561186,59372,746933,1470280,0.9759797,1.2590165,11447.745,572.4192,5550.4023,11457.658,394219,0.19481526,5215113.5,0.019892775,337852.2,103743.07945496251
Geo4,2023-01-16,444516,237400,0,448117,-2.8232005,-0.5092494,3259.5127,2288.8284,0.0,3492.1042,0,0.0,6821366.0,0.019999323,337852.2,136422.701935218
Geo4,2023-01-23,461349,586545,497359,1363080,0.16030201,0.3518247,3382.9446,5655.016,3695.8372,10622.265,147915,0.0,8923961.0,0.019928144,337852.2,177837.97985838397
Geo4,2023-01-30,0,7576,0,861065,-1.2221923,-0.97033405,0.0,73.04197,0.0,6710.142,0,0.0,9723161.0,0.020104244,337852.2,195476.801195284
Geo4,2023-02-06,482130,0,0,797340,-0.12684177,-0.344212,3535.3257,0.0,0.0,6213.5435,657653,0.0,6331063.0,0.020070279,337852.2,127066.200776577
Geo4,2023-02-13,709486,1014987,0,0,-0.5662068,-0.48071724,5202.4644,9785.725,0.0,0.0,0,0.34677354,7957851.5,0.019897094,337852.2,158338.119333541
Geo4,2023-02-20,271807,0,0,932634,0.03239189,-0.07274757,1993.0854,0.0,0.0,7267.868,157742,0.5391871,7147577.0,0.01985084,337852.2,141885.40741468
Geo4,2023-02-27,558482,438026,318861,1145050,0.16339207,0.17220396,4095.194,4223.11,2369.432,8923.192,676197,1.8366778,6767040.5,0.019928977,337852.2,134860.1944825685
Geo4,2023-03-06,890522,0,0,1591670,0.70964265,-1.0076962,6529.9517,0.0,0.0,12403.63,0,0.0,7027155.0,0.019994041,337852.2,140501.225183355
Geo4,2023-03-13,29327,170872,0,1169750,0.60330224,0.08188188,215.04677,1647.4165,0.0,9115.675,0,0.0,6850446.0,0.020011442,337852.2,137087.302803132
Geo4,2023-03-20,236289,0,0,107700,-2.3334167,-1.1521373,1732.6418,0.0,0.0,839.28894,0,0.0,9176739.0,0.019865394,337852.2,182299.535870166
Geo4,2023-03-27,368647,242585,184969,1470706,0.51250803,-0.43454242,2703.1865,2338.8184,1374.4906,11460.977,0,0.0,3950507.8,0.020228604,337852.2,79913.2578851112
Geo4,2023-04-03,684345,183495,0,1352969,-0.18599069,0.9262474,5018.1123,1769.1178,0.0,10543.472,85624,0.0,7083019.5,0.020139672,337852.2,142649.689499604
Geo4,2023-04-10,261048,550123,0,708281,-0.042030305,1.1587718,1914.1927,5303.863,0.0,5519.521,500029,0.29994103,4512086.5,0.02003053,337852.2,90379.48400084501
Geo4,2023-04-17,817862,27599,0,571737,-1.2033937,-0.051201582,5997.1553,266.08835,0.0,4455.455,0,0.0,8106727.0,0.02004544,337852.2,162502.90967488
Geo4,2023-04-24,74222,501676,0,0,-1.5383492,-1.8314238,544.2494,4836.7744,0.0,0.0,0,0.0,10738044.0,0.019906139,337852.2,213752.996452116
Geo4,2023-05-01,89274,0,0,31006,-1.0132005,-2.3524406,654.6215,0.0,0.0,241.62482,0,0.0,8834196.0,0.020039475,337852.2,177032.6498871
Geo4,2023-05-08,0,319,0,0,-0.95971847,-1.6000216,0.0,3.075553,0.0,0.0,0,0.0,7654135.5,0.019998452,337852.2,153070.861398246
Geo4,2023-05-15,815118,486749,0,372124,-1.899473,-0.1959703,5977.0347,4692.86,0.0,2899.903,0,0.9965688,12214039.0,0.019940434,337852.2,243553.238552926
Geo4,2023-05-22,0,0,0,358728,-0.8814107,-2.3802316,0.0,0.0,0.0,2795.51,0,0.0,9801926.0,0.019977976,337852.2,195822.642381776
Geo4,2023-05-29,414747,0,0,774721,0.0551562,0.18294632,3041.225,0.0,0.0,6037.277,193335,0.0,8319718.5,0.019820735,337852.2,164902.93566309748
Geo4,2023-06-05,691230,545143,0,1454469,-0.37464273,-0.27635932,5068.598,5255.85,0.0,11334.445,482079,2.2579188,5971801.5,0.020097695,337852.2,120019.44514754249
Geo4,2023-06-12,867365,0,0,234467,-1.2401203,-0.6791383,6360.1475,0.0,0.0,1827.1638,0,0.0,5887529.5,0.019788804,337852.2,116507.167319718
Geo4,2023-06-19,81197,90558,0,1437455,1.3019503,-2.1626122,595.39514,873.09064,0.0,11201.858,41659,0.075250804,10248308.0,0.019961225,337852.2,204568.7818573
Geo4,2023-06-26,641886,423536,125918,1378294,-0.5874488,1.4138536,4706.7725,4083.4087,935.68713,10740.825,720043,0.39273638,5136276.5,0.020092474,337852.2,103200.502033061
Geo4,2023-07-03,0,0,0,75014,-0.270228,-2.8679667,0.0,0.0,0.0,584.57214,0,0.0,7494154.5,0.020101327,337852.2,150642.4501930215
Geo4,2023-07-10,0,0,0,198832,-2.3330832,-1.4583544,0.0,0.0,0.0,1549.466,0,0.0,7567777.5,0.019936277,337852.2,150873.3085143675
Geo4,2023-07-17,28142,897302,0,0,-2.6268592,-1.7244203,206.3575,8651.096,0.0,0.0,0,0.0,6558673.5,0.020013172,337852.2,131259.860847342
Geo4,2023-07-24,482507,408256,230520,736496,1.1186347,-0.4050088,3538.0903,3936.0906,1712.9768,5739.396,379887,0.0,6529943.0,0.02001133,337852.2,130672.84425419
Geo4,2023-07-31,664554,935290,238107,1535046,1.810081,1.9395046,4872.9907,9017.347,1769.3551,11962.369,1227992,0.0,2293909.0,0.019813,337852.2,45449.219017
Geo4,2023-08-07,823377,55227,0,1200260,0.092073396,-0.9084942,6037.5957,532.4563,0.0,9353.435,164362,0.36868662,9187670.0,0.020161174,337852.2,185234.21352458
Geo4,2023-08-14,1154579,353662,0,418503,-2.7432828,-0.18511018,8466.208,3409.7373,0.0,3261.327,0,2.2805479,9758362.0,0.019936569,337852.2,194548.257339978
Geo4,2023-08-21,366890,0,48696,1254298,2.2803922,0.34781867,2690.3027,0.0,361.8563,9774.544,417401,0.0,4943884.0,0.020061407,337852.2,99181.269084788
Geo4,2023-08-28,8329,0,270703,1788785,0.5725128,-0.3692316,61.07425,0.0,2011.5735,13939.716,793348,1.433473,11423189.0,0.020104764,337852.2,229660.518972396
Geo4,2023-09-04,1806496,758021,828635,2332926,0.25473624,0.7608105,13246.535,7308.256,6157.524,18180.12,625400,1.8924911,8441222.0,0.019914873,337852.2,168105.864094806
Geo4,2023-09-11,246195,436599,296314,1237811,2.8548918,-0.73938775,1805.2798,4209.352,2201.887,9646.064,563616,0.7050903,7892984.5,0.020152293,337852.2,159061.73628845852
Geo4,2023-09-18,8338,588509,0,558731,-0.8781796,-0.6016214,61.140247,5673.9517,0.0,4354.1016,0,0.07222228,10145854.0,0.019969368,337852.2,202606.292200272
Geo4,2023-09-25,1623934,0,767445,1905059,3.5755312,0.024018526,11907.858,0.0,5702.826,14845.821,334570,0.8836547,6283747.5,0.01991181,337852.2,125120.786307975
Geo4,2023-10-02,778929,199831,239516,1216016,1.7528031,-0.04599011,5711.6704,1926.617,1779.8252,9476.219,0,0.0,5653651.0,0.019877154,337852.2,112378.491589254
Geo4,2023-10-09,910895,38761,1748687,2262978,2.0218446,1.2326074,6679.341,373.7038,12994.361,17635.025,724082,0.0,5988828.5,0.019961737,337852.2,119547.41945510451
Geo4,2023-10-16,437017,0,0,409189,-0.90771544,-1.393968,3204.5247,0.0,0.0,3188.7444,546001,0.0,7207092.0,0.019799983,337852.2,142700.299079436
Geo4,2023-10-23,899164,0,0,1360338,0.75942326,-0.059815347,6593.3203,0.0,0.0,10600.897,413715,0.0,9758746.0,0.02011382,337852.2,196285.66046972002
Geo4,2023-10-30,453737,120623,155282,1244332,0.91634876,0.18356094,3327.1277,1162.9542,1153.8888,9696.881,273913,0.0,11251788.0,0.019766457,337852.2,222407.983675116
Geo4,2023-11-06,133940,266647,445163,1356097,2.2895231,-0.61916995,982.14496,2570.8054,3307.9724,10567.848,620102,1.3227222,9130003.0,0.020022985,337852.2,182809.913118955
Geo4,2023-11-13,224702,713899,0,1097967,-0.40460813,0.3792175,1647.6775,6882.8657,0.0,8556.282,628893,0.0,5817810.0,0.019840322,337852.2,115427.22373482
Geo4,2023-11-20,0,0,0,801233,0.84269226,0.078655034,0.0,0.0,0.0,6243.881,97583,0.0,4279152.5,0.019991582,337852.2,85547.028094255
Geo4,2023-11-27,1019761,621261,317677,1826275,-0.043593317,-0.065621436,7477.625,5989.721,2360.6338,14231.87,231780,1.9787912,10080529.0,0.019885028,337852.2,200451.60141981198
Geo4,2023-12-04,1029781,392408,832613,2667114,-0.9261234,1.7606137,7551.099,3783.2964,6187.0845,20784.395,836028,1.1954072,5150663.0,0.01968797,337852.2,101406.09862410999
Geo4,2023-12-11,1231834,589546,0,1544587,0.31996736,-1.1194419,9032.698,5683.9497,0.0,12036.72,0,1.3812779,9238884.0,0.019847943,337852.2,183372.843015612
Geo4,2023-12-18,226912,515612,0,1383898,0.04578977,-0.3214893,1663.8829,4971.1343,0.0,10784.496,140801,0.0,6015557.5,0.01989504,337852.2,119679.75708479999
Geo4,2023-12-25,1426188,329623,463899,1987612,-1.2055931,0.65316814,10457.842,3177.9717,3447.1985,15489.143,663344,3.2897778,10855494.0,0.02007413,337852.2,217914.59777022
Geo4,2024-01-01,770212,212603,0,1828372,2.9117703,-0.60272294,5647.7515,2049.7546,0.0,14248.211,606616,2.3105798,8477974.0,0.020156253,337852.2,170884.188871422
Geo4,2024-01-08,1079250,807898,326662,1192796,0.700133,1.715807,7913.8413,7789.1313,2427.4006,9295.269,986790,0.0,6959324.5,0.020007921,337852.2,139241.61480936452
Geo4,2024-01-15,355770,9104,26713,983048,0.8426745,-0.5926867,2608.763,87.77377,198.50229,7660.736,393035,1.4279393,7333687.0,0.020057565,337852.2,147095.903692155
Geo5,2021-01-25,1127543,0,0,0,-0.27859882,-0.5742078,8267.961,0.0,0.0,0.0,1250044,0.0,5490452.0,0.020103209,337573.44,110375.70406046801
Geo5,2021-02-01,461871,471861,0,1540918,0.6420635,-0.48785073,3386.7722,4549.321,0.0,12008.128,0,0.44195366,5385785.0,0.019894132,337573.44,107145.51771361999
Geo5,2021-02-08,178924,803510,0,587978,-1.3064772,-1.4277382,1312.0001,7746.826,0.0,4582.019,0,0.32782602,7784824.0,0.019926524,337573.44,155124.482271776
Geo5,2021-02-15,359704,0,0,872426,-0.90742624,-1.5801275,2637.6099,0.0,0.0,6798.6763,0,0.0,9060146.0,0.02011831,337573.44,182274.82587326
Geo5,2021-02-22,327058,0,0,0,-0.6516895,-1.1547755,2398.2258,0.0,0.0,0.0,0,0.0,5689086.0,0.019837448,337573.44,112856.947692528
Geo5,2021-03-01,1152654,522711,0,1017039,-0.9095489,-0.4583802,8452.093,5039.578,0.0,7925.6226,0,0.4024006,5988317.5,0.020074965,337573.44,120215.26422138751
Geo5,2021-03-08,377623,32275,1001749,2017493,0.84428406,1.3615683,2769.005,311.17075,7443.921,15722.001,564608,0.0,5109130.5,0.0200073,337573.44,102219.90665265
Geo5,2021-03-15,873927,907270,192564,1302602,1.5343041,-0.43107915,6408.2646,8747.2,1430.9285,10150.97,0,0.0,5290544.0,0.01998807,337573.44,105747.76381008
Geo5,2021-03-22,412509,459149,95194,1352549,1.2539333,-2.0317416,3024.8142,4426.762,707.37946,10540.199,808000,2.6300359,5807618.0,0.019885331,337573.44,115486.406251558
Geo5,2021-03-29,1473658,599908,646728,842152,0.7814456,0.72790647,10805.926,5783.852,4805.787,6562.756,191727,0.66259503,4888300.5,0.019969627,337573.44,97617.5376489135
Geo5,2021-04-05,172558,297800,0,839397,-1.0128157,0.35938683,1265.32,2871.1587,0.0,6541.287,182480,0.0,5974887.0,0.019825067,337573.44,118452.535092429
Geo5,2021-04-12,0,51371,0,1453880,-0.039381474,-0.66643363,0.0,495.27972,0.0,11329.855,327055,0.0,6139034.0,0.020128949,337573.44,123572.302295266
Geo5,2021-04-19,0,703738,0,1158977,-0.89209485,0.42034078,0.0,6784.901,0.0,9031.723,0,0.73913467,8098466.0,0.020141786,337573.44,163117.56910027598
Geo5,2021-04-26,329510,531149,0,982179,0.73649275,-1.1214705,2416.2056,5120.9307,0.0,7653.9644,0,0.0,6518299.5,0.020116197,337573.44,131123.39684700148
Geo5,2021-05-03,854662,136172,0,1510222,-0.18622814,0.23056781,6267.0,1312.8657,0.0,11768.919,170728,1.2766478,6107614.0,0.019859321,337573.44,121293.06697009399
Geo5,2021-05-10,0,329414,0,757026,-0.22560027,-1.3848921,0.0,3175.9568,0.0,5899.383,0,0.16952738,7917599.0,0.019970423,337573.44,158117.801174377
Geo5,2021-05-17,0,75943,0,732808,-0.2241477,-1.2478503,0.0,732.1841,0.0,5710.656,0,0.0,3327654.0,0.020171601,337573.44,67124.108754054
Geo5,2021-05-24,455866,44492,0,1220369,-1.1581684,-0.20295307,3342.7393,428.9577,0.0,9510.141,0,0.14820021,6500419.0,0.019897385,337573.44,129341.339504315
Geo5,2021-05-31,301203,486748,0,722914,-2.5078769,0.08340719,2208.6382,4692.85,0.0,5633.5537,0,1.7560025,6611514.0,0.01995987,337573.44,131964.95994318
Geo5,2021-06-07,433251,167904,184089,1439828,-0.41631627,0.50127804,3176.9097,1618.8014,1367.9515,11220.35,636514,2.9727738,6792313.5,0.020107314,337573.44,136575.180330939
Geo5,2021-06-14,183081,17981,0,780628,0.42779535,0.06229776,1342.4823,173.35898,0.0,6083.3096,0,0.0,5722137.0,0.02001753,337573.44,114543.04906160999
Geo5,2021-06-21,329996,115366,0,407771,-2.990285,0.050349087,2419.7693,1112.2704,0.0,3177.6943,0,0.0,5309748.0,0.019931806,337573.44,105832.867044888
Geo5,2021-06-28,939226,312747,389750,1580188,1.512928,0.3603915,6887.084,3015.2664,2896.2026,12314.153,851776,1.2804682,4352499.0,0.019993573,337573.44,87022.006488927
Geo5,2021-07-05,641264,142919,0,630821,0.74028885,-0.5008342,4702.2114,1377.9152,0.0,4915.8877,512429,0.0,5381509.5,0.019954946,337573.44,107387.73147098701
Geo5,2021-07-12,0,0,0,903682,1.7757798,-2.443388,0.0,0.0,0.0,7042.2495,0,0.0,6474147.5,0.020035962,337573.44,129715.77329239501
Geo5,2021-07-19,0,0,0,731360,-1.8670199,-0.53703666,0.0,0.0,0.0,5699.372,129854,0.0,6185493.5,0.020009995,337573.44,123771.6940075325
Geo5,2021-07-26,697664,63511,846313,798490,1.463604,0.35084128,5115.777,612.3243,6288.888,6222.505,447687,0.0,6266013.0,0.019952402,337573.44,125022.01031322601
Geo5,2021-08-02,0,195554,7603,1407904,-0.47290033,0.9520002,0.0,1885.3813,56.49732,10971.571,903667,0.0,5346540.5,0.01989513,337573.44,106370.118297765
Geo5,2021-08-09,962736,0,0,1777448,-0.81445503,-0.40020692,7059.4766,0.0,0.0,13851.369,208155,1.3599045,7921727.5,0.019924635,337573.44,157837.5290069625
Geo5,2021-08-16,230122,0,0,521868,-1.5969356,-0.5277756,1687.4209,0.0,0.0,4066.834,0,0.0,6190670.0,0.019949095,337573.44,123498.26394365
Geo5,2021-08-23,652766,249072,0,786378,-0.4970269,-0.548115,4786.5527,2401.3608,0.0,6128.1187,0,0.0,8737388.0,0.020034147,337573.44,175046.115588036
Geo5,2021-08-30,1079664,418759,783313,2328188,0.93154514,0.8050992,7916.877,4037.3525,5820.7393,18143.197,846347,2.0614316,5579432.5,0.019790083,337573.44,110417.4322678975
Geo5,2021-09-06,441098,0,0,138929,-0.41578144,-0.47979742,3234.4495,0.0,0.0,1082.6515,637369,0.0,6763079.5,0.019794974,337573.44,133874.982862433
Geo5,2021-09-13,1122854,847861,1211574,1910218,1.7546251,1.188204,8233.577,8174.424,9003.115,14886.024,476177,1.1292222,4635466.0,0.020093497,337573.44,93142.72216460199
Geo5,2021-09-20,1581152,863567,710855,2132536,0.8684429,2.4577951,11594.15,8325.85,5282.31,16618.514,2006027,2.9306154,2301032.8,0.020160438,337573.44,46389.8291003664
Geo5,2021-09-27,289786,73618,0,813569,0.93568397,-0.028806806,2124.9204,709.7682,0.0,6340.0137,69539,0.0,5114390.5,0.020084683,337573.44,102720.91193071149
Geo5,2021-10-04,132053,1347898,1119125,1748385,1.5122036,0.68304765,968.30804,12995.397,8316.134,13624.885,1039363,0.095675886,5718519.5,0.02007487,337573.44,114798.53555496501
Geo5,2021-10-11,770962,934402,1013777,2520602,1.5516114,1.3712965,5653.251,9008.786,7533.3003,19642.65,660529,2.1698523,3430436.2,0.02013713,337573.44,69079.139716106
Geo5,2021-10-18,935255,434104,0,1307040,-1.1632485,0.9650203,6857.966,4185.2974,0.0,10185.554,274245,0.22757947,10605769.0,0.020160291,337573.44,213815.389318779
Geo5,2021-10-25,189855,465132,0,498477,0.9006882,-2.3890219,1392.1542,4484.4453,0.0,3884.5518,0,0.0,6378012.5,0.019992877,337573.44,127514.81941696249
Geo5,2021-11-01,564847,585410,0,1381733,0.48449948,0.8764648,4141.8667,5644.0737,0.0,10767.625,0,0.0,3313361.0,0.020170353,337573.44,66831.660986433
Geo5,2021-11-08,651546,65105,21346,1075424,-0.46638817,0.4181244,4777.6064,627.6924,158.62051,8380.607,752953,0.0,4933194.5,0.019980036,337573.44,98565.403705002
Geo5,2021-11-15,469914,97869,0,947597,-0.91944885,-0.37929296,3445.7493,943.5777,0.0,7384.4727,0,0.0,1538206.1,0.02009909,337573.44,30916.542842449002
Geo5,2021-11-22,889009,898146,417612,1697029,1.8938916,1.7625859,6518.857,8659.234,3103.2432,13224.676,845656,0.0,4615260.0,0.020055614,337573.44,92561.87306964
Geo5,2021-11-29,1080950,610163,201918,688452,-0.11276695,-0.2365328,7926.307,5882.723,1500.4374,5364.9966,347037,0.7125154,10302306.0,0.020048084,337573.44,206541.496081704
Geo5,2021-12-06,692802,0,0,1158760,-0.31169373,-0.001074314,5080.1255,0.0,0.0,9030.032,386994,0.0,5380978.5,0.019900229,337573.44,107082.70439407649
Geo5,2021-12-13,287031,0,0,857514,-1.7317984,0.47567666,2104.7188,0.0,0.0,6682.47,623186,0.6157072,5199336.5,0.020052439,337573.44,104259.37800672349
Geo5,2021-12-20,959309,848010,0,1602163,-1.308296,0.99032307,7034.3477,8175.861,0.0,12485.401,277321,0.0,4422316.0,0.020002522,337573.44,88457.473080952
Geo5,2021-12-27,1152737,11246,1019680,1717726,1.8265121,-0.8501995,8452.701,108.425285,7577.165,13385.965,1058488,2.2776127,4442542.5,0.020000745,337573.44,88854.1596941625
Geo5,2022-01-03,768512,178694,750910,516009,1.5029991,0.25123623,5635.2856,1722.8302,5579.9556,4021.1758,501875,0.33625734,6670200.5,0.019852115,337573.44,132417.5873990575
Geo5,2022-01-10,420542,13641,0,922023,0.9396922,0.5608009,3083.718,131.51605,0.0,7185.178,0,0.16103747,5362283.5,0.020186052,337573.44,108243.333569742
Geo5,2022-01-17,524323,258617,0,334278,-0.6708954,-1.5123801,3844.7156,2493.3865,0.0,2604.9753,0,0.041210763,8231007.0,0.019946948,337573.44,164183.468616636
Geo5,2022-01-24,0,403434,0,917130,-0.27229106,1.8300594,0.0,3889.6006,0.0,7147.048,366562,0.0,2714336.8,0.019990198,337573.44,54260.1300706864
Geo5,2022-01-31,250108,670446,0,1014408,1.5274222,-1.215214,1833.9728,6463.925,0.0,7905.1196,0,0.0,4875319.5,0.020089759,337573.44,97943.9938030005
Geo5,2022-02-07,423441,414635,0,1112776,0.7081926,-0.61993,3104.9756,3997.592,0.0,8671.686,0,0.7307776,7626520.0,0.019848995,337573.44,151378.7573474
Geo5,2022-02-14,531831,304375,0,1369434,-0.98295254,0.58539677,3899.7695,2934.5498,0.0,10671.781,0,0.05751753,4155028.0,0.020140858,337573.44,83685.828934024
Geo5,2022-02-21,199808,190981,0,853124,-1.8219235,0.6866185,1465.1367,1841.292,0.0,6648.259,85081,0.0,2901267.8,0.019836035,337573.44,57549.64962517299
Geo5,2022-02-28,822874,813902,0,548834,-0.44044173,-0.8235995,6033.907,7847.0176,0.0,4276.976,0,0.0,10088383.0,0.020084597,337573.44,202621.106936651
Geo5,2022-03-07,150265,245530,0,0,-1.0500727,-0.7788307,1101.8517,2367.2114,0.0,0.0,0,0.0,4696092.5,0.019998044,337573.44,93912.66444307
Geo5,2022-03-14,288369,137317,0,486292,-0.10171622,-1.5341539,2114.53,1323.905,0.0,3789.596,890115,0.0,4185675.2,0.020040998,337573.44,83885.1083118496
Geo5,2022-03-21,291732,0,0,969425,-0.4402848,0.50517344,2139.19,0.0,0.0,7554.5747,840986,0.0,5363861.5,0.020027395,337573.44,107424.1729857925
Geo5,2022-03-28,0,0,0,1057105,-0.033813357,-1.6966705,0.0,0.0,0.0,8237.851,257049,1.0361795,7981401.5,0.0199711,337573.44,159397.36749665
Geo5,2022-04-04,20226,0,143246,280919,-0.69525105,-0.15457556,148.31166,0.0,1064.4502,2189.157,0,0.0,5348074.0,0.020059293,337573.44,107278.583351682
Geo5,2022-04-11,0,0,0,1093863,-1.3885825,0.15973026,0.0,0.0,0.0,8524.3,113609,0.28943157,7842989.0,0.02009802,337573.44,157628.54978178002
Geo5,2022-04-18,239538,13517,0,656359,-0.021872282,-0.5001027,1756.4658,130.32053,0.0,5114.901,446408,0.0,5042123.0,0.019964064,337573.44,100661.266267872
Geo5,2022-04-25,0,63064,0,1008217,-2.1093974,-1.6684397,0.0,608.01465,0.0,7856.8745,0,0.0,3960514.5,0.02006338,337573.44,79461.30740901
Geo5,2022-05-02,2694,918265,0,1323784,0.029195428,-0.274527,19.754356,8853.205,0.0,10316.038,688018,0.94015074,5462509.5,0.020053552,337573.44,109542.71830874399
Geo5,2022-05-09,1030592,587006,153572,1201192,1.6604751,0.12907013,7557.046,5659.461,1141.1819,9360.698,431007,0.0,2270010.2,0.020032214,337573.44,45473.330108582806
Geo5,2022-05-16,0,0,0,26883,-3.3850083,-2.5264046,0.0,0.0,0.0,209.49493,0,0.80567825,7567212.5,0.01990225,337573.44,150604.554978125
Geo5,2022-05-23,0,0,0,135419,-1.1457893,-3.0074308,0.0,0.0,0.0,1055.2986,0,0.0,8214948.0,0.020200837,337573.44,165948.825511476
Geo5,2022-05-30,558464,490066,0,1102565,-1.7460886,1.4152877,4095.062,4724.84,0.0,8592.113,543397,1.1394359,4229449.5,0.020111501,337573.44,85060.5778486995
Geo5,2022-06-06,828467,139385,0,753473,-2.3553991,0.70789677,6074.919,1343.843,0.0,5871.695,835597,1.7651856,6006556.0,0.020220965,337573.44,121458.35864654
Geo5,2022-06-13,705015,528026,0,356230,-2.147481,0.9645051,5169.68,5090.821,0.0,2776.0435,584884,0.0,7609343.0,0.02012574,337573.44,153143.65878882
Geo5,2022-06-20,320040,454199,0,638273,-1.3383503,-1.500314,2346.7646,4379.0376,0.0,4973.9595,0,0.12982279,5637118.5,0.019977538,337573.44,112615.749044253
Geo5,2022-06-27,850168,268057,0,539122,-0.7582076,-0.53664124,6234.0464,2584.3994,0.0,4201.2915,0,0.569597,7829841.5,0.019937204,337573.44,156105.147273166
Geo5,2022-07-04,587641,0,0,1220822,-1.1532739,0.53779054,4309.009,0.0,0.0,9513.671,447381,3.2754366,8969999.0,0.019890549,337573.44,178418.204639451
Geo5,2022-07-11,290760,64866,0,261372,-1.356416,0.22659792,2132.0625,625.3881,0.0,2036.8302,342003,0.0,5839430.5,0.019967914,337573.44,116601.246032977
Geo5,2022-07-18,1436086,882348,594310,1944070,-0.30759966,2.5782516,10530.421,8506.921,4416.2725,15149.827,1046340,2.5996892,6398802.5,0.019857587,337573.44,127064.7773395675
Geo5,2022-07-25,214907,0,0,100052,0.3361739,-2.1683295,1575.8535,0.0,0.0,779.6893,0,0.32031706,8167333.5,0.020077297,337573.44,163977.9803775495
Geo5,2022-08-01,1032079,470344,0,1141476,-1.6408737,0.8243439,7567.9497,4534.6953,0.0,8895.34,447912,1.2067139,4521135.5,0.020013485,337573.44,90483.6775122175
Geo5,2022-08-08,674968,496398,218812,1237615,0.34831172,2.0081081,4949.3535,4785.888,1625.9753,9644.536,1353283,0.3139156,1148337.9,0.019889712,337573.44,22840.1101096848
Geo5,2022-08-15,0,0,0,897199,0.52329504,-2.452982,0.0,0.0,0.0,6991.7285,0,0.0,5072204.5,0.0198592,337573.44,100729.9236064
Geo5,2022-08-22,601900,1003608,0,684592,-0.16633739,-0.9598847,4413.566,9676.017,0.0,5334.9165,0,1.3760056,6422195.0,0.01992874,337573.44,127986.2543843
Geo5,2022-08-29,767877,263744,0,1562064,0.85645795,0.719615,5630.6294,2542.817,0.0,12172.916,143613,0.18228543,6336480.0,0.020097265,337573.44,127345.9177272
Geo5,2022-09-05,150418,972145,306853,1907865,1.2597804,1.8718503,1102.9735,9372.675,2280.2014,14867.688,580895,0.80177116,5691847.5,0.0200965,337573.44,114386.21328375
Geo5,2022-09-12,65295,300904,940822,957484,0.8229692,-0.14904404,478.79016,2901.0852,6991.177,7461.52,458910,0.9860079,7979046.0,0.020005496,337573.44,159624.772836816
Geo5,2022-09-19,0,474578,133276,1548741,1.6750239,-0.559006,0.0,4575.5166,990.3639,12069.092,310896,0.0,6681584.5,0.019974902,337573.44,133463.995592219
Geo5,2022-09-26,314996,641882,232512,1087615,1.2700241,0.5617841,2309.7786,6188.533,1727.7792,8475.61,0,0.0,6259767.5,0.01990043,337573.44,124572.064950025
Geo5,2022-10-03,387838,466178,0,1755331,-0.60994864,-0.58772516,2843.9087,4494.53,0.0,13679.014,440739,0.5535532,5271010.0,0.019964548,337573.44,105233.33215347999
Geo5,2022-10-10,1176356,322066,397989,1884961,2.6559901,-0.64609206,8625.893,3105.113,2957.4263,14689.2,166225,1.0786028,9191591.0,0.019965824,337573.44,183517.688185984
Geo5,2022-10-17,348946,174759,612970,1486502,2.2556515,0.1007232,2558.7246,1684.892,4554.9336,11584.073,1118514,0.2876232,5383559.5,0.020106249,337573.44,108243.1878133155
Geo5,2022-10-24,360502,0,0,889823,-1.218067,-1.2816328,2643.4612,0.0,0.0,6934.2485,0,0.57070625,5903910.0,0.020074246,337573.44,118516.54170186
Geo5,2022-10-31,1040242,755495,495046,1966679,-1.228543,2.5925086,7627.8066,7283.902,3678.6494,15326.016,715662,1.9340621,4733881.0,0.020198397,337573.44,95616.807788757
Geo5,2022-11-07,465332,989520,727527,2383382,1.1273345,3.0017855,3412.1506,9540.191,5406.198,18573.316,944352,0.40321255,3617545.0,0.019879928,337573.44,71916.53413676
Geo5,2022-11-14,1303980,143984,146530,1400972,-0.5460244,1.2468594,9561.724,1388.1831,1088.8534,10917.551,581036,0.0,7106922.0,0.019863954,337573.44,141171.571689588
Geo5,2022-11-21,691497,195481,220296,1316598,1.2594203,0.78386235,5070.556,1884.6776,1637.0029,10260.038,983759,1.5756083,5770933.0,0.01997754,337573.44,115289.04484481999
Geo5,2022-11-28,775258,52751,768837,2606058,2.268094,1.8507398,5684.7524,508.5846,5713.1694,20308.594,786632,0.0,4630730.0,0.019949479,337573.44,92380.65088967
Geo5,2022-12-05,1282691,1016579,228066,1431517,-0.5310732,1.3256042,9405.618,9801.074,1694.7412,11155.584,613616,1.1905036,6402600.0,0.019885503,337573.44,127318.9215078
Geo5,2022-12-12,248366,401359,0,551036,0.40852234,-0.50330377,1821.1991,3869.595,0.0,4294.1357,344930,0.17491145,5757524.5,0.02001217,337573.44,115220.559073165
Geo5,2022-12-19,506263,551011,629565,941720,0.4580045,-0.695004,3712.2866,5312.4243,4678.25,7338.6733,0,0.0,3747988.2,0.020019265,337573.44,75031.968992673
Geo5,2022-12-26,109981,0,0,386759,0.18008627,-0.48010588,806.46027,0.0,0.0,3013.9512,314974,0.0,3785105.5,0.019944353,337573.44,75491.4802342415
Geo5,2023-01-02,202309,0,0,1058619,0.59095585,-0.38099834,1483.4758,0.0,0.0,8249.649,0,0.0,3390666.2,0.020141438,337573.44,68292.8930459956
Geo5,2023-01-09,342024,311293,0,1552389,1.2506814,0.4010268,2507.9673,3001.248,0.0,12097.52,0,0.0,5161791.0,0.0200528,337573.44,103508.3625648
Geo5,2023-01-16,520387,376635,0,1137352,-0.08058134,-0.38114473,3815.8538,3631.2253,0.0,8863.203,522558,0.33236068,7918653.0,0.019806309,337573.44,156839.288181777
Geo5,2023-01-23,440158,236457,0,1251645,-0.96696395,0.38480031,3227.5566,2279.7368,0.0,9753.87,0,0.28657064,4232614.5,0.019993957,337573.44,84626.7123105765
Geo5,2023-01-30,144029,0,0,1151301,-0.89049995,-1.4083986,1056.1248,0.0,0.0,8971.905,0,0.0,7155688.0,0.020099472,337573.44,143825.550596736
Geo5,2023-02-06,0,97941,166975,600945,-0.18329224,0.019433409,0.0,944.27185,1240.7786,4683.0684,276285,0.6138426,6403482.5,0.01995708,337573.44,127794.81253109999
Geo5,2023-02-13,1571651,1325461,595778,868064,0.9735328,2.1359367,11524.482,12779.076,4427.1816,6764.6846,408599,1.3213618,3547083.8,0.019910024,337573.44,70622.52358801119
Geo5,2023-02-20,461734,0,0,1463933,0.16902068,-1.8073411,3385.7676,0.0,0.0,11408.196,365914,0.31407332,6435245.5,0.019940311,337573.44,128320.79663135049
Geo5,2023-02-27,904035,18797,0,956246,-1.1023163,0.07312232,6629.0386,181.22623,0.0,7451.8726,0,1.5039403,9064923.0,0.020044692,337573.44,181703.58953871598
Geo5,2023-03-06,295590,0,0,657321,-0.4688404,-0.5143527,2167.4797,0.0,0.0,5122.3975,449226,0.0,3761869.8,0.020053638,337573.44,75439.1751723324
Geo5,2023-03-13,400631,329316,0,896740,0.5333345,-1.8586856,2937.7163,3175.0117,0.0,6988.152,188954,0.0,6086604.0,0.020087915,337573.44,122267.18379066001
Geo5,2023-03-20,302894,253357,0,456218,-2.86936,-0.37022227,2221.0378,2442.6736,0.0,3555.234,0,0.0,6990087.5,0.019902138,337573.44,139117.68605707499
Geo5,2023-03-27,0,105887,0,1199007,-0.04724604,0.33689192,0.0,1020.88104,0.0,9343.67,100619,0.0,7398270.5,0.020071434,337573.44,148493.898054897
Geo5,2023-04-03,557411,439733,0,272158,-3.136481,-2.6322846,4087.3406,4239.5674,0.0,2120.884,0,0.4885034,10481007.0,0.019844798,337573.44,207993.466751586
Geo5,2023-04-10,1036084,0,0,793651,-0.11937505,0.10852544,7597.317,0.0,0.0,6184.7954,0,0.85103333,7913079.5,0.020009505,337573.44,158336.8038206475
Geo5,2023-04-17,841074,443577,0,952048,-0.045009017,-0.55915546,6167.363,4276.6284,0.0,7419.158,0,1.599655,8117876.5,0.02012067,337573.44,163337.114157255
Geo5,2023-04-24,312574,140757,578914,294386,-0.44270545,0.97913903,2292.0186,1357.0709,4301.866,2294.1033,0,0.6141132,4623018.0,0.020258805,337573.44,93656.82017349
Geo5,2023-05-01,663757,199979,781094,1783804,2.4050868,0.43708056,4867.1465,1928.0438,5804.2505,13900.9,1021210,0.4994126,5985691.5,0.019909415,337573.44,119171.6161354725
Geo5,2023-05-08,0,211348,0,1453063,1.2101998,-0.5729213,0.0,2037.655,0.0,11323.488,0,0.0,7770459.0,0.020071806,337573.44,155967.14557895402
Geo5,2023-05-15,0,0,0,338099,-1.5074178,-2.243473,0.0,0.0,0.0,2634.7515,0,0.0,7243716.0,0.019979306,337573.44,144724.418541096
Geo5,2023-05-22,564883,0,0,382062,-1.3444303,-0.07788789,4142.131,0.0,0.0,2977.3481,244181,0.0,8157767.5,0.020115038,337573.44,164093.803257665
Geo5,2023-05-29,272815,298656,0,1355510,0.07006568,0.14058995,2000.4769,2879.4119,0.0,10563.273,311353,0.0,7943990.5,0.019911638,337573.44,158177.863111439
Geo5,2023-06-05,0,0,0,207704,-1.6475524,-2.1880653,0.0,0.0,0.0,1618.6041,0,0.0,6766692.0,0.020022789,337573.44,135488.046143988
Geo5,2023-06-12,316220,14855,13230,729174,1.8699379,0.62559175,2318.7537,143.2205,98.311134,5682.3364,1043876,0.0,4324127.0,0.02017403,337573.44,87235.06782181
Geo5,2023-06-19,468219,136333,0,1007495,-0.72858965,0.43856746,3433.3203,1314.418,0.0,7851.248,0,0.0,4118004.0,0.020035641,337573.44,82506.84978056399
Geo5,2023-06-26,534958,188276,0,1189268,-0.52931553,0.041784316,3922.699,1815.2125,0.0,9267.776,573892,0.0,3854749.8,0.020155402,337573.44,77694.0318284196
Geo5,2023-07-03,0,109735,115846,526102,0.707844,-0.5407437,0.0,1057.9805,860.8429,4099.829,0,0.0,3809378.8,0.019797746,337573.44,75417.1139001848
Geo5,2023-07-10,436833,205827,0,285616,-1.71758,1.3928329,3203.1755,1984.4258,0.0,2225.76,67458,0.0,1696570.8,0.02020415,337573.44,34277.77092882
Geo5,2023-07-17,805643,186902,0,519122,-2.8788197,0.052690923,5907.557,1801.9655,0.0,4045.435,152548,0.9365488,6996868.5,0.019826708,337573.44,138724.868663898
Geo5,2023-07-24,662166,248192,322465,1353334,-0.033878222,0.6849228,4855.48,2392.8765,2396.213,10546.316,669759,1.4916012,7072224.5,0.020031333,337573.44,141666.0840102585
Geo5,2023-07-31,924608,474316,0,630142,1.6936103,-0.06206125,6779.8945,4572.9907,0.0,4910.596,196015,0.0,4202794.5,0.019791426,337573.44,83179.296339957
Geo5,2023-08-07,742110,0,0,1093322,0.7976899,-1.4827819,5441.687,0.0,0.0,8520.084,348977,0.0,5251813.0,0.020000665,337573.44,105039.75245564501
Geo5,2023-08-14,425956,563836,0,1909407,-0.07913685,-0.34954002,3123.4175,5436.0737,0.0,14879.704,628158,1.909303,8528495.0,0.019940238,337573.44,170060.22008181
Geo5,2023-08-21,719023,0,0,932913,0.74640465,0.097724944,5272.3965,0.0,0.0,7270.042,173520,0.0,4391859.0,0.019973949,337573.44,87722.767681191
Geo5,2023-08-28,0,0,0,1483765,-0.7002706,-1.1691222,0.0,0.0,0.0,11562.744,0,1.277892,5794188.0,0.020019658,337573.44,115997.662147704
Geo5,2023-09-04,699402,491300,0,869371,0.8516649,-0.42258918,5128.521,4736.737,0.0,6774.8696,0,0.0,6726246.5,0.019988833,337573.44,134449.8180053345
Geo5,2023-09-11,1536329,191199,130358,2594240,2.240361,1.4904006,11265.475,1843.3939,968.6804,20216.498,1240532,1.3630967,7303666.0,0.019989977,337573.44,146000.115355682
Geo5,2023-09-18,556541,473816,257510,983446,-0.20144063,0.66583395,4080.961,4568.17,1913.5374,7663.838,324946,0.6880682,4574884.5,0.020052696,337573.44,91738.768113612
Geo5,2023-09-25,879111,42031,939604,2142714,-0.03392136,0.9844521,6446.2773,405.2306,6982.1265,16697.828,112143,2.0286605,8123569.5,0.019906208,337573.44,161709.464169456
Geo5,2023-10-02,581110,66852,62370,935493,-0.5988153,1.2966301,4261.1187,644.53564,463.46674,7290.1475,301177,0.0,5164838.5,0.019994065,337573.44,103266.11668350249
Geo5,2023-10-09,326738,133553,0,942988,-1.2336314,-0.11374763,2395.8792,1287.6154,0.0,7348.555,547768,0.0,7156726.0,0.019895732,337573.44,142388.30249343198
Geo5,2023-10-16,850362,598270,152689,1614920,1.3726053,1.1308326,6235.469,5768.0596,1134.6204,12584.814,1300156,0.516288,7618496.5,0.0199867,337573.44,152268.60399655
Geo5,2023-10-23,1117852,390865,1772222,2695561,2.436902,3.1641839,8196.899,3768.42,13169.248,21006.076,1445673,1.9422433,4702838.5,0.020072546,337573.44,94397.942121821
Geo5,2023-10-30,588452,632315,0,990712,0.04952468,-0.55415154,4314.9556,6096.2954,0.0,7720.4604,271265,0.54435754,10398387.0,0.020019837,337573.44,208174.012802919
Geo5,2023-11-06,829859,754461,0,1316618,0.66475546,0.13175401,6085.1265,7273.933,0.0,10260.194,357410,1.5368907,5190179.0,0.020082628,337573.44,104232.43411041201
Geo5,2023-11-13,685990,838564,258699,1614620,0.7895829,0.85831463,5030.1743,8084.7896,1922.3728,12582.476,1001764,1.89296,8370865.5,0.020160606,337573.44,168761.721224493
Geo5,2023-11-20,1441585,696841,15499,1246106,-0.63387334,2.627499,10570.744,6718.4053,115.1719,9710.705,1047293,0.6293014,9917406.0,0.019971887,337573.44,198069.311965122
Geo5,2023-11-27,448142,244066,28039,723305,0.4107691,-0.07886428,3286.1013,2353.0967,208.35568,5636.6006,0,0.66017115,3800761.8,0.019925622,337573.44,75732.5429388396
Geo5,2023-12-04,351274,966106,314638,442790,-0.7882297,0.78646135,2575.795,9314.452,2338.0513,3450.5918,0,0.0,7318727.0,0.02005753,337573.44,146795.58636431
Geo5,2023-12-11,448801,89488,0,1326428,-0.55103254,-0.94291496,3290.9336,862.7745,0.0,10336.642,28531,0.72245586,7599216.0,0.020007646,337573.44,152042.423605536
Geo5,2023-12-18,0,799076,0,1208617,-0.91771924,1.1806657,0.0,7704.0767,0.0,9418.559,254491,0.7230142,7843546.5,0.019963752,337573.44,156586.61712646802
Geo5,2023-12-25,770716,638604,0,1093456,0.51575434,-0.6459924,5651.447,6156.929,0.0,8521.128,170628,0.0,7662866.0,0.019836197,337573.44,152002.119560602
Geo5,2024-01-01,210034,690828,226892,1223656,0.79717326,0.5038011,1540.1211,6660.4326,1686.0172,9535.756,0,0.0,2199571.2,0.020073984,337573.44,44154.157075660805
Geo5,2024-01-08,215300,695451,47502,1308138,0.44832122,-1.0792656,1578.7352,6705.004,352.9838,10194.111,0,0.21379519,8230207.5,0.020037845,337573.44,164915.6222028375
Geo5,2024-01-15,1293941,173958,978763,1485702,3.7631156,0.013370395,9488.111,1677.1694,7273.114,11577.839,904446,0.0,10600962.0,0.019890219,337573.44,210855.455790678
Geo6,2021-01-25,807277,0,0,460323,-0.9882873,0.014204808,5919.5386,0.0,0.0,3587.2236,183815,0.14160496,1711437.5,0.019889196,218910.16,34039.11587925
Geo6,2021-02-01,555117,431586,0,332395,-0.056978956,-0.46340233,4070.5193,4161.0205,0.0,2590.3013,39444,0.0,4077183.8,0.019947471,218910.16,81329.5056121698
Geo6,2021-02-08,659344,152810,0,1189662,-2.2238889,1.628207,4834.787,1473.2766,0.0,9270.846,184712,0.0,4644089.0,0.020055799,218910.16,93140.915522111
Geo6,2021-02-15,207159,307566,0,558220,0.57369316,-0.50228965,1519.0397,2965.315,0.0,4350.1196,157176,0.0,4115209.2,0.01997973,218910.16,82220.768709516
Geo6,2021-02-22,582090,0,0,630602,-0.100853644,1.2148105,4268.305,0.0,0.0,4914.181,0,0.4576422,3625539.5,0.020012876,218910.16,72557.472446602
Geo6,2021-03-01,243797,0,0,264230,-1.5855474,-1.2442482,1787.6959,0.0,0.0,2059.1023,357872,0.0,5283077.5,0.01981575,218910.16,104688.142970625
Geo6,2021-03-08,161347,166502,0,891092,-0.4178281,-0.7854046,1183.1129,1605.2844,0.0,6944.138,0,0.0,4688226.0,0.019915324,218910.16,93367.53977522401
Geo6,2021-03-15,270895,0,0,261300,-0.26073706,0.008021206,1986.398,0.0,0.0,2036.2693,427720,0.0,6135366.5,0.02000152,218910.16,122716.65575707999
Geo6,2021-03-22,0,91234,0,579640,0.065372735,-1.7980617,0.0,879.60815,0.0,4517.042,68349,0.0,4165401.2,0.020163937,218910.16,83990.8873765244
Geo6,2021-03-29,313955,0,0,536783,0.6697942,-1.0405793,2302.145,0.0,0.0,4183.0645,55365,0.0,3198984.8,0.02003491,218910.16,64091.37255936799
Geo6,2021-04-05,0,202441,0,614294,-0.3201321,0.28268746,0.0,1951.7805,0.0,4787.095,80728,0.0,3650861.2,0.020056156,218910.16,73222.2417615472
Geo6,2021-04-12,182521,386701,0,549901,-1.6696132,1.5468833,1338.376,3728.274,0.0,4285.291,190732,0.32185858,3525516.8,0.01995896,218910.16,70365.648790528
Geo6,2021-04-19,0,0,0,244468,-0.6819905,-3.653327,0.0,0.0,0.0,1905.1001,0,0.28388003,7450745.0,0.019881614,218910.16,148132.83610242998
Geo6,2021-04-26,193707,0,0,807697,0.3332123,-1.6763437,1420.3998,0.0,0.0,6294.254,0,0.63257086,3961842.2,0.019959643,218910.16,79076.9559343346
Geo6,2021-05-03,398151,332023,0,425148,-1.663683,1.0538867,2919.531,3201.1106,0.0,3313.1106,385819,0.5458414,3355980.0,0.020061936,218910.16,67327.45597728
Geo6,2021-05-10,579494,262720,248962,1695205,-0.27498153,2.129181,4249.269,2532.9443,1850.0177,13210.462,716021,1.2994167,3715965.8,0.019962486,218910.16,74179.9152589788
Geo6,2021-05-17,81339,0,0,495660,-1.1985222,-1.3624887,596.4364,0.0,0.0,3862.5994,88687,0.12739919,5533736.0,0.01997934,218910.16,110560.39301424
Geo6,2021-05-24,312066,0,0,430389,-1.9736408,-1.4511899,2288.2935,0.0,0.0,3353.9526,0,0.0,6455632.0,0.019976879,218910.16,128963.379332528
Geo6,2021-05-31,183262,167279,0,953546,-0.9614321,1.5457822,1343.8094,1612.7756,0.0,7430.832,0,0.72418475,5615896.0,0.019978162,218910.16,112195.28006315201
Geo6,2021-06-07,846757,299947,164248,1226435,0.7331456,2.550145,6209.0347,2891.8584,1220.5145,9557.412,994762,0.15975302,3164835.2,0.020093663,218910.16,63593.13195933761
Geo6,2021-06-14,0,10527,0,778758,0.44436836,-0.026108056,0.0,101.49324,0.0,6068.737,212095,0.0,3696413.8,0.019897455,218910.16,73549.227246879
Geo6,2021-06-21,597793,144237,0,205582,-1.4871202,-1.6955218,4383.4507,1390.6223,0.0,1602.0677,0,0.9444112,6010787.5,0.019852193,218910.16,119327.3135319875
Geo6,2021-06-28,691423,354076,407493,981930,0.072264075,1.1184213,5070.0137,3413.7288,3028.0498,7652.024,846238,2.5173235,4198278.5,0.019979877,218910.16,83881.0880417445
Geo6,2021-07-05,421084,0,0,641703,-0.77944416,-1.2838318,3087.6924,0.0,0.0,5000.689,400400,0.88648206,4057372.2,0.01990244,218910.16,80751.606768168
Geo6,2021-07-12,269432,0,0,158681,-1.9129006,-2.1093478,1975.6703,0.0,0.0,1236.5758,0,0.0,5948528.5,0.019977966,218910.16,118839.500123031
Geo6,2021-07-19,40574,0,0,529415,-2.0646808,0.75337195,297.5179,0.0,0.0,4125.647,0,0.54994935,4460615.0,0.02010632,218910.16,89686.5525868
Geo6,2021-07-26,0,340658,174387,367754,-0.44384274,-0.32943895,0.0,3284.3628,1295.8566,2865.8481,293460,0.0,4155746.5,0.019798657,218910.16,82278.1995324505
Geo6,2021-08-02,402925,342489,419943,957315,0.86984074,-0.5010004,2954.5376,3302.0159,3120.5647,7460.203,150304,1.0854658,3335782.5,0.019963631,218910.16,66594.33092625749
Geo6,2021-08-09,574759,0,0,943777,-0.4998873,-0.3576641,4214.5483,0.0,0.0,7354.7036,0,0.86771214,4406280.5,0.019967798,218910.16,87983.71895533899
Geo6,2021-08-16,194036,16719,0,448514,-0.84278715,-0.7057277,1422.8123,161.19176,0.0,3495.198,0,0.44880384,4198206.5,0.019970726,218910.16,83841.231702919
Geo6,2021-08-23,393256,4676,0,655211,-1.2913636,-0.43600222,2883.6372,45.082397,0.0,5105.955,429818,2.302263,5792203.0,0.020034453,218910.16,116043.61876995901
Geo6,2021-08-30,250571,440531,335958,1435610,1.2431672,0.4680634,1837.3678,4247.2617,2496.4785,11187.48,625863,0.46628192,1848692.9,0.02003238,218910.16,37033.718676102
Geo6,2021-09-06,0,68876,0,481593,0.5936134,-3.1484876,0.0,664.04944,0.0,3752.9775,0,0.0,4970965.5,0.020136748,218910.16,100099.079590194
Geo6,2021-09-13,539151,265703,0,1294593,-0.42829072,1.1725142,3953.445,2561.7043,0.0,10088.557,0,0.0,3393127.5,0.019971916,218910.16,67767.25740729
Geo6,2021-09-20,129665,10708,0,468942,-1.2438631,-0.6920628,950.79755,103.238304,0.0,3654.3901,161677,0.7065862,5556236.0,0.02005761,218910.16,111444.81475596
Geo6,2021-09-27,480950,147036,0,694307,-0.12603624,0.58045685,3526.6733,1417.6082,0.0,5410.6235,27759,0.09732637,7767262.0,0.01982661,218910.16,153998.47444182
Geo6,2021-10-04,342109,56270,44461,1185870,1.3086673,0.30756214,2508.5906,542.51215,330.38635,9241.296,730294,0.0,2793691.2,0.020020751,218910.16,55931.795886091204
Geo6,2021-10-11,685765,250057,0,778210,-0.4267944,0.55606145,5028.525,2410.8574,0.0,6064.4663,56315,0.0,5352193.0,0.020021752,218910.16,107160.280902136
Geo6,2021-10-18,713575,432310,459166,1352679,2.1614103,1.870731,5232.448,4168.001,3412.0278,10541.212,320482,0.832893,3974639.8,0.020251164,218910.16,80491.0824307272
Geo6,2021-10-25,509498,292784,0,692076,0.77728075,-1.1828439,3736.0078,2822.7983,0.0,5393.238,0,0.0,5135829.0,0.020000033,218910.16,102716.749482357
Geo6,2021-11-01,666652,408652,0,596904,-0.9661854,2.431476,4888.3745,3939.9084,0.0,4651.5776,270921,0.0,2968724.8,0.020169409,218910.16,59877.4246996432
Geo6,2021-11-08,0,0,0,464624,0.027326882,-1.7462705,0.0,0.0,0.0,3620.7407,0,0.102288276,4857429.0,0.01998161,218910.16,97059.25188069
Geo6,2021-11-15,433891,475626,0,1234820,1.1320555,0.16842645,3181.6025,4585.6206,0.0,9622.755,519277,1.1921163,2628644.2,0.020128096,218910.16,52909.60280744321
Geo6,2021-11-22,726645,402740,245792,1223402,1.8415209,2.0026593,5328.2866,3882.9094,1826.4618,9533.777,806945,0.27389735,2706713.0,0.020069726,218910.16,54322.988270638
Geo6,2021-11-29,126188,145013,210335,1087271,1.2555025,-0.9456321,925.3017,1398.1039,1562.9835,8472.929,0,0.0,2158708.5,0.02004339,218910.16,43267.836361815
Geo6,2021-12-06,92297,25475,184196,467428,1.0749123,-1.2495832,676.7884,245.61038,1368.7465,3642.5918,0,0.021129131,3539754.2,0.01994682,218910.16,70606.839871644
Geo6,2021-12-13,683902,302142,0,1202278,-1.4539604,1.3446677,5014.864,2913.021,0.0,9369.161,721318,1.4249868,5333012.5,0.019957282,218910.16,106432.434372025
Geo6,2021-12-20,0,41378,0,653117,0.013841569,1.2724776,0.0,398.93488,0.0,5089.6367,686151,0.0,2093494.4,0.020032175,218910.16,41937.24618232
Geo6,2021-12-27,597818,0,0,393902,-0.53467274,-0.82789004,4383.634,0.0,0.0,3069.6155,138234,1.550962,5101391.5,0.019984368,218910.16,101948.085048072
Geo6,2022-01-03,289270,0,0,277660,-0.43995005,-2.2796202,2121.1367,0.0,0.0,2163.76,0,2.2996562,5752695.0,0.019879317,218910.16,114359.64750931501
Geo6,2022-01-10,320200,360541,467507,1327472,2.5713303,0.58138436,2347.938,3476.0593,3474.0093,10344.778,625857,0.0,3130965.0,0.019930962,218910.16,62403.14443833
Geo6,2022-01-17,0,376265,0,766763,-0.34612173,-0.7623672,0.0,3627.658,0.0,5975.2617,2104,0.0,4936318.0,0.020069089,218910.16,99067.40527430199
Geo6,2022-01-24,421784,410892,25409,301782,-0.3586849,0.9882467,3092.8252,3961.505,188.81236,2351.739,379515,0.0,2917211.5,0.019942326,218910.16,58175.982743948996
Geo6,2022-01-31,0,143930,0,384808,-1.1729515,-1.101687,0.0,1387.6625,0.0,2998.7473,0,0.0,5262468.5,0.01994266,218910.16,104947.62005621
Geo6,2022-02-07,194886,185430,0,699174,0.70796764,-0.41547936,1429.0452,1787.7737,0.0,5448.5513,73667,0.41784352,3559620.0,0.020089224,218910.16,71510.00353488
Geo6,2022-02-14,466276,385508,137943,1259440,0.048751593,0.6926927,3419.0728,3716.772,1025.044,9814.615,0,0.0,3906417.2,0.020096995,218910.16,78507.246936314
Geo6,2022-02-21,373449,276611,351802,1265935,1.147896,0.8220797,2738.398,2666.8708,2614.214,9865.23,202893,0.0,4103165.0,0.020044597,218910.16,82246.288849505
Geo6,2022-02-28,569454,391305,0,378743,-1.8699367,1.276136,4175.6484,3772.662,0.0,2951.4836,0,0.0,6202208.0,0.020065598,218910.16,124451.012440384
Geo6,2022-03-07,181888,0,0,541854,-1.0227423,-1.6122805,1333.7344,0.0,0.0,4222.582,248537,0.11458826,6529247.0,0.019968353,218910.16,130378.308920191
Geo6,2022-03-14,0,103691,0,0,0.07057559,-3.3204043,0.0,999.7089,0.0,0.0,287731,0.06475437,8519783.0,0.020058915,218910.16,170897.603015445
Geo6,2022-03-21,123709,77323,0,341277,-0.32077873,-0.95167994,907.1239,745.48895,0.0,2659.5173,0,0.0,2462213.2,0.020079978,218910.16,49441.1868873096
Geo6,2022-03-28,0,0,0,793593,-1.4268405,-1.2155473,0.0,0.0,0.0,6184.3433,583319,0.4618711,3809212.5,0.020100156,218910.16,76565.76548715
Geo6,2022-04-04,112427,132298,0,431332,-0.1838839,-0.29124716,824.39606,1275.5156,0.0,3361.3015,0,0.0,2840980.0,0.019920157,218910.16,56592.76763386
Geo6,2022-04-11,550806,167264,0,0,-1.0698307,-0.37039253,4038.908,1612.631,0.0,0.0,78895,0.0,3660752.5,0.019988576,218910.16,73173.22956344
Geo6,2022-04-18,324488,0,0,188699,-1.6765485,-1.4182273,2379.3809,0.0,0.0,1470.5012,216249,0.0,4436482.0,0.019956384,218910.16,88536.138401088
Geo6,2022-04-25,331989,0,0,644437,0.30484164,-1.5771798,2434.3835,0.0,0.0,5021.9946,0,0.0,3616598.0,0.01997036,218910.16,72224.76403528
Geo6,2022-05-02,695037,99062,0,338561,-0.77964306,-2.0446134,5096.514,955.0797,0.0,2638.3518,0,2.4331467,4972996.0,0.020121709,218910.16,100065.17837016401
Geo6,2022-05-09,295003,282547,0,310349,0.91969407,-1.3659747,2163.1753,2724.101,0.0,2418.5002,0,0.0,4315976.0,0.019909859,218910.16,85930.47360738399
Geo6,2022-05-16,836233,211554,0,826662,-2.336914,1.7586155,6131.865,2039.6411,0.0,6442.045,0,0.74585843,4160816.5,0.019940445,218910.16,82968.5325733425
Geo6,2022-05-23,0,0,0,0,-0.6520505,-2.1380744,0.0,0.0,0.0,0.0,0,0.6335305,8103310.0,0.020037593,218910.16,162370.82773283
Geo6,2022-05-30,299498,0,0,715307,0.41058588,-1.1885171,2196.136,0.0,0.0,5574.2734,0,0.8483063,5593227.5,0.020097474,218910.16,112409.744257335
Geo6,2022-06-06,593367,7600,0,817701,-0.77699274,0.06378603,4350.996,73.27336,0.0,6372.2134,187729,0.16261587,3086054.8,0.02003582,218910.16,61831.638482935996
Geo6,2022-06-13,615938,209789,334189,903392,-1.5993862,2.4335876,4516.503,2022.6244,2483.3333,7039.9893,384642,1.4514742,3442399.8,0.020064682,218910.16,69070.6573038636
Geo6,2022-06-20,0,153161,0,341665,-0.38972914,-0.8851132,0.0,1476.6606,0.0,2662.5408,0,0.0,6983620.0,0.020097438,218910.16,140352.86996555998
Geo6,2022-06-27,73132,134346,0,252529,-1.1828119,-1.1728797,536.2567,1295.2609,0.0,1967.9182,125476,0.0,3408290.0,0.019934101,218910.16,67941.19709729
Geo6,2022-07-04,1094086,142532,0,1045563,-0.85157853,0.15653619,8022.6294,1374.184,0.0,8147.9053,301873,1.8777473,6708901.0,0.019830497,218910.16,133040.841153797
Geo6,2022-07-11,519938,445506,251827,649224,-0.43272635,1.2634405,3812.5615,4295.2266,1871.3074,5059.299,498352,0.4277556,4131655.8,0.01991562,218910.16,82284.486883596
Geo6,2022-07-18,847238,32769,0,839406,-1.03929,1.0519093,6212.5615,315.93353,0.0,6541.357,580914,2.1888967,4574899.0,0.020004388,218910.16,91518.054656812
Geo6,2022-07-25,514528,362176,0,778139,-0.57694,0.7548483,3772.8914,3491.8228,0.0,6063.913,269823,0.0898249,6479036.5,0.019946938,218910.16,129236.939365237
Geo6,2022-08-01,338186,504377,454523,1321620,0.6673069,2.452159,2479.8242,4862.8154,3377.526,10299.174,466184,0.034083337,3041159.0,0.019877667,218910.16,60451.14589605301
Geo6,2022-08-08,64597,140699,0,314991,0.9953688,-0.7613693,473.6719,1356.5116,0.0,2454.6746,0,0.5202985,3057715.2,0.02004376,218910.16,61288.109617152004
Geo6,2022-08-15,492812,481015,0,1027653,0.6797552,-0.7793772,3613.654,4637.577,0.0,8008.336,78952,0.72821766,7413809.5,0.019914463,218910.16,147642.0349767985
Geo6,2022-08-22,676558,471640,0,729336,0.04616551,0.8498387,4961.0127,4547.1904,0.0,5683.599,377592,1.3132746,2888230.0,0.020172944,218910.16,58264.10204912
Geo6,2022-08-29,720176,385816,285958,601816,0.6252618,1.35293,5280.851,3719.7415,2124.9321,4689.856,503152,0.4293307,4179970.2,0.020049715,218910.16,83807.211218493
Geo6,2022-09-05,902828,917086,203036,1325873,1.4753835,2.4467883,6620.188,8841.838,1508.7451,10332.317,274274,1.6576631,1926093.5,0.020088635,218910.16,38692.5892973725
Geo6,2022-09-12,0,0,0,598746,-1.3470898,0.54530454,0.0,0.0,0.0,4665.932,1167,0.8487966,3308497.0,0.020016933,218910.16,66225.962779701
Geo6,2022-09-19,266314,726233,87836,1395296,1.6053165,0.97928464,1952.8069,7001.7803,652.7027,10873.319,561715,0.0,3935240.5,0.019856993,218910.16,78142.0430618165
Geo6,2022-09-26,622623,0,409012,1072844,0.31795144,1.0574777,4565.522,0.0,3039.3372,8360.502,314097,0.0,947623.44,0.020093458,218910.16,19041.03179145552
Geo6,2022-10-03,113481,549425,294041,1275821,2.3502629,-0.0672726,832.12476,5297.1333,2184.9966,9942.27,491684,1.0014884,2874814.2,0.01996223,218910.16,57387.702267666005
Geo6,2022-10-10,373215,0,0,638302,1.8738682,0.34158278,2736.6821,0.0,0.0,4974.1855,667782,0.0,4114263.2,0.019856714,218910.16,81695.7476831248
Geo6,2022-10-17,295354,247995,77093,1019643,1.1027069,-0.5538833,2165.749,2390.9773,572.87225,7945.915,0,0.0,4522258.5,0.020038625,218910.16,90619.8422345625
Geo6,2022-10-24,395465,0,0,336073,-1.4186857,0.32019287,2899.8352,0.0,0.0,2618.9631,153083,0.0,6438076.5,0.02002326,218910.16,128911.27965939001
Geo6,2022-10-31,324292,81617,0,457070,-0.38960165,-0.11753428,2377.9436,786.88837,0.0,3561.8735,418643,0.0,3443785.2,0.02001962,218910.16,68943.271065624
Geo6,2022-11-07,259456,344860,306815,1100839,2.8790565,-0.096648335,1902.519,3324.875,2279.919,8578.663,74490,0.0,1924548.6,0.019820722,218910.16,38145.9427760892
Geo6,2022-11-14,117338,895905,317060,1215011,2.203345,2.0020576,860.40704,8637.628,2356.049,9468.387,680872,0.24824966,2809083.5,0.020087473,218910.16,56427.38896099551
Geo6,2022-11-21,804083,123862,206346,949618,1.4444077,-0.5430819,5896.118,1194.1823,1533.3416,7400.2217,318213,1.4167485,5662697.0,0.020058008,218910.16,113582.42172757599
Geo6,2022-11-28,240104,214885,130463,823477,2.0647798,0.3837648,1760.6161,2071.756,969.4607,6417.225,0,0.0,1260410.4,0.019983295,218910.16,25187.152844268
Geo6,2022-12-05,235405,350499,89804,926346,0.4938916,1.979428,1726.1598,3379.242,667.3267,7218.8667,229427,0.37935853,2393999.0,0.019900868,218910.16,47642.658091132
Geo6,2022-12-12,126603,435713,0,686987,0.46262547,-0.28782994,928.3447,4200.81,0.0,5353.58,211987,0.093679205,5767848.5,0.019977637,218910.16,115227.9836039945
Geo6,2022-12-19,257903,386405,0,717815,0.4031119,0.18232626,1891.1312,3725.42,0.0,5593.818,0,0.0,4185553.5,0.02007376,218910.16,84019.79642616
Geo6,2022-12-26,407186,0,104243,404198,-1.5380551,0.48247242,2985.7822,0.0,774.6219,3149.8506,515453,0.0,4019934.8,0.019898217,218910.16,79989.5349762516
Geo6,2023-01-02,315174,134768,0,753761,0.87618905,-0.7181511,2311.0837,1299.3295,0.0,5873.939,125357,1.0841862,4982311.5,0.020051861,218910.16,99904.6176567015
Geo6,2023-01-09,376694,444350,0,1286855,0.6942861,0.55312717,2762.1929,4284.081,0.0,10028.256,268484,0.060309187,3226873.8,0.020030204,218910.16,64634.94049625519
Geo6,2023-01-16,0,0,0,205253,0.45759907,-2.0154998,0.0,0.0,0.0,1599.5039,0,0.0,3689625.2,0.020001952,218910.16,73799.7061483904
Geo6,2023-01-23,151397,324299,273441,1028424,2.1658082,-0.33855212,1110.1522,3126.6418,2031.9194,8014.344,23894,0.5439365,1967459.0,0.020003187,218910.16,39355.450291832996
Geo6,2023-01-30,297594,460323,267085,1090033,1.787602,0.4585113,2182.1746,4438.0806,1984.6885,8494.453,244142,0.0,2308838.8,0.020013668,218910.16,46208.333208718395
Geo6,2023-02-06,510098,550453,0,818532,-1.0891845,2.671774,3740.4075,5307.045,0.0,6378.6895,156834,0.0,3851350.8,0.02011616,218910.16,77474.388908928
Geo6,2023-02-13,376489,478003,0,310847,-0.90992856,0.3510451,2760.6895,4608.5376,0.0,2422.381,256041,0.0,3730116.5,0.019940313,218910.16,74379.6905364645
Geo6,2023-02-20,237388,394166,0,637885,-0.60816014,0.1943391,1740.7004,3800.2458,0.0,4970.936,0,0.0,4476334.0,0.0201666,218910.16,90272.4372444
Geo6,2023-02-27,343580,278596,0,529561,-1.4487021,-1.3137138,2519.377,2686.0085,0.0,4126.7847,0,0.5185432,6097769.0,0.020112801,218910.16,122643.214440969
Geo6,2023-03-06,520035,0,80462,1139647,1.4688447,0.30892706,3813.2727,0.0,597.90704,8881.087,32923,0.0,2644936.5,0.019920621,218910.16,52688.777585566495
Geo6,2023-03-13,569426,150935,0,539621,-1.4230782,1.8257482,4175.4434,1455.1992,0.0,4205.1807,0,0.0,4257536.5,0.020050937,218910.16,85367.59613670051
Geo6,2023-03-20,162017,0,0,0,-2.2563484,-2.187571,1188.0258,0.0,0.0,0.0,0,0.0,5609666.5,0.01998889,218910.16,112131.00660518499
Geo6,2023-03-27,122097,86938,0,340183,-1.6901038,-0.09813417,895.3035,838.1894,0.0,2650.9917,0,0.0,3990639.0,0.01990359,218910.16,79428.04249400999
Geo6,2023-04-03,294424,0,0,12039,-1.2058237,-0.9283986,2158.9297,0.0,0.0,93.81801,114590,0.07789774,4374495.0,0.020042239,218910.16,87674.674294305
Geo6,2023-04-10,0,0,0,489622,-0.92013276,-0.75819266,0.0,0.0,0.0,3815.5461,0,0.0,3755455.2,0.019931084,218910.16,74850.2930494368
Geo6,2023-04-17,0,0,0,33822,-3.762361,-0.7467637,0.0,0.0,0.0,263.56943,0,0.0,6104348.0,0.019984705,218910.16,121993.59399734
Geo6,2023-04-24,330879,59812,0,631040,-0.9322712,-0.7784538,2426.244,576.6613,0.0,4917.594,0,0.37827528,3471391.8,0.019993676,218910.16,69405.88291825679
Geo6,2023-05-01,255108,0,287358,1037738,0.04537037,0.30022746,1870.6364,0.0,2135.3354,8086.9263,97197,0.0,4507896.5,0.019959975,218910.16,89977.50144258751
Geo6,2023-05-08,139233,130766,0,203990,-0.13894151,-2.1217718,1020.9571,1260.7452,0.0,1589.6615,115546,1.1487882,4038004.5,0.01993513,218910.16,80498.144648085
Geo6,2023-05-15,121255,0,0,0,-2.5752516,-1.7804363,889.1294,0.0,0.0,0.0,66340,0.800374,5599571.5,0.019987984,218910.16,111924.145548856
Geo6,2023-05-22,120170,119491,0,494516,-0.44215006,-1.3876693,881.17334,1152.0404,0.0,3853.6843,0,0.0,3619513.8,0.02003365,218910.16,72512.07263937
Geo6,2023-05-29,0,248878,0,206883,-1.3899331,-0.7102188,0.0,2399.4905,0.0,1612.2063,0,0.0,4418003.5,0.020164635,218910.16,89087.4280062225
Geo6,2023-06-05,489826,347509,0,366983,-0.5429115,0.82082087,3591.7585,3350.4148,0.0,2859.84,595797,0.0,3451979.0,0.020073194,218910.16,69292.244150926
Geo6,2023-06-12,344280,123871,199553,658327,0.07563281,1.151235,2524.51,1194.269,1482.8633,5130.2373,127203,0.0,2661892.8,0.020000972,218910.16,53240.4433598016
Geo6,2023-06-19,290070,316084,0,463474,-1.0272589,-2.0338473,2127.003,3047.439,0.0,3611.779,437797,1.5913067,5582656.5,0.02002888,218910.16,111814.35711971999
Geo6,2023-06-26,42352,0,0,548691,0.2523247,-0.27683353,310.5555,0.0,0.0,4275.8613,287233,0.65526175,3632930.8,0.020023111,218910.16,72742.57666371879
Geo6,2023-07-03,325412,0,0,282897,-2.0096867,0.45286322,2386.156,0.0,0.0,2204.5713,69231,1.126071,4556395.0,0.019958742,218910.16,90939.91225509
Geo6,2023-07-10,728360,0,0,1122029,-0.21384926,0.9015628,5340.862,0.0,0.0,8743.793,331286,1.438425,3172753.5,0.019821946,218910.16,62890.148548311
Geo6,2023-07-17,363382,266735,236126,592058,0.79624027,-0.48435974,2664.5796,2571.654,1754.6345,4613.8135,0,0.5705724,2621765.2,0.019975316,218910.16,52370.588347803205
Geo6,2023-07-24,174268,0,117332,387729,0.3625098,-0.5870812,1277.859,0.0,871.88525,3021.5103,210220,0.47266346,4739532.0,0.02008151,218910.16,95176.95925332
Geo6,2023-07-31,597854,0,0,982061,-0.44385317,0.46972293,4383.898,0.0,0.0,7653.0444,63200,0.0,3123969.0,0.019999988,218910.16,62479.342512372
Geo6,2023-08-07,328279,288641,93137,1267431,0.3467096,0.12570494,2407.179,2782.8547,692.094,9876.888,0,1.496959,2902082.0,0.019945137,218910.16,57882.42307523401
Geo6,2023-08-14,351719,0,0,444036,-0.79077286,-0.66069484,2579.058,0.0,0.0,3460.3018,0,1.0938507,6148786.5,0.019992976,218910.16,122932.540923624
Geo6,2023-08-21,273274,197762,92946,943212,2.706842,0.8011028,2003.8427,1906.6692,690.6747,7350.3003,0,0.0,1614676.9,0.019974478,218910.16,32252.3282161582
Geo6,2023-08-28,291489,0,193054,908797,-0.207358,0.11823887,2137.4082,0.0,1434.5696,7082.11,70670,0.9536554,2947753.8,0.019964328,218910.16,58849.923726446395
Geo6,2023-09-04,425600,791826,300533,1613768,1.9306344,0.44661433,3120.807,7634.178,2233.238,12575.837,0,0.0,4877493.0,0.019979259,218910.16,97448.695917687
Geo6,2023-09-11,60711,464398,0,1093028,2.3139412,-1.0162399,445.17697,4477.3687,0.0,8517.793,13495,0.0,3375217.5,0.02003813,218910.16,67633.047043275
Geo6,2023-09-18,282455,415006,35448,629441,-0.14093363,-0.29121557,2071.1643,4001.169,263.4114,4905.1333,0,0.2467797,4877404.5,0.019688435,218910.16,96028.46146695751
Geo6,2023-09-25,404604,275445,187959,549136,0.9415165,-0.42496413,2966.849,2655.629,1396.7091,4279.3296,40490,0.0,2431613.0,0.019943029,218910.16,48493.728575777
Geo6,2023-10-02,608518,367517,292620,1491926,0.5131939,1.4462876,4462.094,3543.3164,2174.437,11626.341,500592,1.6211953,4998656.0,0.019940276,218910.16,99674.580269056
Geo6,2023-10-09,2708,0,80778,596866,-0.42290527,0.5122415,19.857014,0.0,600.2552,4651.2817,0,0.0,3208592.8,0.019947916,218910.16,64004.739652604796
Geo6,2023-10-16,433619,167465,0,800712,-0.27779877,1.0929992,3179.608,1614.5688,0.0,6239.821,119981,0.7115814,4877396.5,0.01993974,218910.16,97254.01808691
Geo6,2023-10-23,0,0,216656,820733,1.7764206,0.086645424,0.0,0.0,1609.9543,6395.8413,636506,0.47521666,2054999.2,0.01990315,218910.16,40900.95732748
Geo6,2023-10-30,351250,202083,0,541114,-1.3915889,-0.93609846,2575.619,1948.329,0.0,4216.815,396459,0.5383519,3565879.2,0.020029921,218910.16,71424.2786715432
Geo6,2023-11-06,637902,119550,93088,536390,0.032379746,0.38328156,4677.559,1152.6093,691.72986,4180.002,512875,0.87836444,4485191.5,0.019976864,218910.16,89600.060609456
Geo6,2023-11-13,170606,0,153620,780060,-0.8032735,0.57199574,1251.0066,0.0,1141.5386,6078.883,0,0.7253528,4539403.0,0.020019826,218910.16,90878.058203878
Geo6,2023-11-20,148256,4556,0,946799,0.3339567,-0.25407094,1087.1202,43.92545,0.0,7378.2534,25323,0.0,4667703.5,0.020123761,218910.16,93931.74965286351
Geo6,2023-11-27,409820,307181,0,324891,-0.9902898,-0.10063815,3005.0964,2961.6033,0.0,2531.8237,31208,0.0,3503356.8,0.019904455,218910.16,69732.407774544
Geo6,2023-12-04,237888,624874,367866,612619,-0.21271704,0.33512217,1744.3668,6024.555,2733.5845,4774.042,514312,1.6577022,2199407.2,0.02011452,218910.16,44240.02011254401
Geo6,2023-12-11,0,0,150377,963993,1.2048697,-2.1396582,0.0,0.0,1117.4402,7512.2437,0,0.0,5225566.0,0.020050922,218910.16,104777.416271852
Geo6,2023-12-18,0,150906,0,949939,1.4833252,-1.6524785,0.0,1454.9197,0.0,7402.723,0,0.32152715,3405990.2,0.020034887,218910.16,68238.6287801074
Geo6,2023-12-25,602763,191707,0,723725,-0.9844538,1.1430901,4419.894,1848.2916,0.0,5639.8735,371972,0.0,5000874.0,0.019916112,218910.16,99597.96668188799
Geo6,2024-01-01,372109,274167,57294,1005821,-0.24186867,1.8767875,2728.5723,2643.3076,425.74738,7838.2026,549433,0.8458887,4572735.5,0.020042013,218910.16,91646.8243365615
Geo6,2024-01-08,664168,522165,0,783151,-0.46866757,0.49277884,4870.16,5034.3135,0.0,6102.971,583438,0.0,3735177.0,0.020049682,218910.16,74889.111063714
Geo6,2024-01-15,0,364789,0,757227,-1.4337785,1.4779724,0.0,3517.0151,0.0,5900.949,105376,0.0,2588441.2,0.019887831,218910.16,51478.481139037205
Geo7,2021-01-25,2457972,0,33126,1355842,0.1363639,-1.189686,18023.629,0.0,246.1568,10565.86,364249,0.0,14964052.0,0.019940851,733989.56,298395.931288252
Geo7,2021-02-01,861174,533763,0,2407774,-0.04093395,1.5638986,6314.7505,5146.1323,0.0,18763.398,1072889,0.40763462,15949083.0,0.019863399,733989.56,316802.999313117
Geo7,2021-02-08,960570,0,0,2356162,-1.8075912,0.25233272,7043.594,0.0,0.0,18361.193,3055,0.23919183,16645703.0,0.020009324,733989.56,333069.26453477197
Geo7,2021-02-15,1415371,176713,0,3213978,-0.7451124,0.047956526,10378.524,1703.731,0.0,25046.018,324313,0.120586544,17950500.0,0.01999848,733989.56,358982.71524
Geo7,2021-02-22,1566962,532090,800550,4531473,1.1717105,0.5980414,11490.099,5130.003,5948.8267,35313.047,0,0.0,11197931.0,0.019964129,733989.56,223556.939017099
Geo7,2021-03-01,1417464,652267,0,3011915,-0.41928154,-0.11966431,10393.871,6288.657,0.0,23471.373,1731436,0.37201977,12830724.0,0.019907832,733989.56,255431.897830368
Geo7,2021-03-08,2905234,947922,582427,2687951,0.014461398,0.07487926,21303.275,9139.135,4327.971,20946.773,1248376,1.3004209,19567892.0,0.019937204,733989.56,390129.054653968
Geo7,2021-03-15,1467125,1085166,0,2285838,-1.1287125,1.3334835,10758.021,10462.337,0.0,17813.17,829572,0.0,11794074.0,0.02011863,733989.56,237280.61099862
Geo7,2021-03-22,1179019,720138,1869706,2918472,2.2586737,-0.2566135,8645.42,6943.017,13893.644,22743.186,375099,0.71931386,5721620.0,0.01988855,733989.56,113794.725451
Geo7,2021-03-29,0,0,782908,1757099,0.24808088,-1.5037209,0.0,0.0,5817.73,13692.792,0,1.0653152,12788592.0,0.020006446,733989.56,255854.275264032
Geo7,2021-04-05,333962,0,0,1630989,-1.5541978,-0.09425861,2448.851,0.0,0.0,12710.037,0,0.0,18186696.0,0.020022422,733989.56,364141.702097712
Geo7,2021-04-12,23386,0,0,2311776,0.05100885,-0.95595294,171.48306,0.0,0.0,18015.303,0,0.12919404,16270097.0,0.020054432,733989.56,326287.553919904
Geo7,2021-04-19,0,0,0,0,-2.1480193,-1.7881321,0.0,0.0,0.0,0.0,0,0.105538875,18395130.0,0.019960172,733989.56,367169.95876236004
Geo7,2021-04-26,0,1005293,0,93073,-1.7747884,-2.8304849,0.0,9692.263,0.0,725.30304,0,0.0,22685804.0,0.019971076,733989.56,453059.915805104
Geo7,2021-05-03,1523256,0,0,2515366,-0.29306084,-0.49877805,11169.615,0.0,0.0,19601.846,1787526,0.0,17795890.0,0.02018447,733989.56,359200.6078283
Geo7,2021-05-10,0,268883,458847,3420484,0.076076806,-0.6128909,0.0,2592.3633,3409.6575,26655.285,637855,2.2035303,19692988.0,0.01996217,733989.56,393114.77426396
Geo7,2021-05-17,685361,2127280,1107935,2759958,-0.39419848,0.6496223,5025.5625,20509.6,8232.981,21507.912,232001,0.0,19452944.0,0.020125993,733989.56,391509.814773392
Geo7,2021-05-24,2092459,0,0,2654237,0.20992625,-0.082672,15343.423,0.0,0.0,20684.047,360380,0.0,13556533.0,0.020110829,733989.56,272633.116995857
Geo7,2021-05-31,864824,280965,0,462797,-3.1896362,-1.1863836,6341.515,2708.8484,0.0,3606.5032,246933,1.321669,18076578.0,0.019884272,733989.56,359439.593781216
Geo7,2021-06-07,2586255,1336385,288354,4877972,-0.15331963,1.4196111,18964.293,12884.397,2142.7368,38013.258,980551,0.0,19748186.0,0.02001709,733989.56,395301.21649874
Geo7,2021-06-14,0,0,0,3195413,0.34037083,-1.0793183,0.0,0.0,0.0,24901.344,1256355,0.47747505,20545136.0,0.019983063,733989.56,410554.74703156797
Geo7,2021-06-21,779746,197598,0,3331947,1.5090252,-0.44919068,5717.6616,1905.0881,0.0,25965.332,540780,0.21155286,12091512.0,0.02001181,733989.56,241973.04075672003
Geo7,2021-06-28,1814206,550599,538948,2104847,0.063241124,0.8158028,13303.07,5308.4526,4004.8818,16402.736,1003256,0.0,8379673.0,0.019947553,733989.56,167153.971290169
Geo7,2021-07-05,0,1357414,0,3345938,1.0826488,-0.5730172,0.0,13087.143,0.0,26074.361,1587662,0.0,14362165.0,0.019848779,733989.56,285071.439046535
Geo7,2021-07-12,1310347,514413,0,725453,-1.9056884,-1.610717,9608.412,4959.575,0.0,5653.3394,0,0.0,22506304.0,0.019855827,733989.56,446881.278633408
Geo7,2021-07-19,0,0,0,927160,-2.2440672,-0.17391008,0.0,0.0,0.0,7225.21,0,0.0,18594446.0,0.019915115,733989.56,370310.53045129
Geo7,2021-07-26,1485828,2332228,306352,2286797,-0.2182427,1.473141,10895.165,22485.55,2276.4785,17820.645,1699684,0.0,16672997.0,0.019865686,733989.56,331220.523080942
Geo7,2021-08-02,1718015,174310,376040,1893888,-0.14147079,0.3444479,12597.728,1680.5631,2794.3247,14758.767,532089,0.0,22052532.0,0.019983608,733989.56,440689.154895456
Geo7,2021-08-09,2233311,402271,1180840,5265688,1.4186928,1.4750426,16376.251,3878.3877,8774.733,41034.668,1551475,0.27389473,19736318.0,0.020004556,733989.56,394816.278664808
Geo7,2021-08-16,189223,293159,0,3408680,0.27987927,-0.7450862,1387.5199,2826.4138,0.0,26563.3,475154,0.0,18358564.0,0.019719198,733989.56,362016.158511672
Geo7,2021-08-23,1498949,622529,0,2504992,0.97782564,-1.5655539,10991.378,6001.946,0.0,19521.004,0,0.7704916,13501139.0,0.020128142,733989.56,271752.842953738
Geo7,2021-08-30,2198752,1902438,932883,4021681,0.038779795,1.7899222,16122.84,18341.846,6932.183,31340.318,1474537,1.6770158,19425074.0,0.019982334,733989.56,388158.316642716
Geo7,2021-09-06,2008819,735506,407953,1831230,-1.2967811,0.27742076,14730.114,7091.1836,3031.468,14270.483,1008743,0.0,24895662.0,0.0200477,733989.56,499100.76307740004
Geo7,2021-09-13,1359720,1523838,691487,3878331,1.8990444,0.23153406,9970.45,14691.675,5138.3877,30223.215,136359,0.0,15870343.0,0.019832607,733989.56,314750.27567420097
Geo7,2021-09-20,309408,713196,0,2529298,-0.018448377,0.45411655,2268.8032,6876.088,0.0,19710.416,1767827,0.37635553,15841404.0,0.020100811,733989.56,318425.067778644
Geo7,2021-09-27,1268895,1661263,516027,3893765,0.743338,1.5483582,9304.456,16016.621,3834.5579,30343.49,1962939,0.0,18064118.0,0.020036094,733989.56,361934.366275092
Geo7,2021-10-04,744875,456827,0,1599927,-0.58002675,-0.53611785,5461.962,4404.375,0.0,12467.976,0,0.0,21691738.0,0.01982622,733989.56,430065.16977036
Geo7,2021-10-11,2567646,748106,0,3569403,-0.37747133,1.0581443,18827.838,7212.663,0.0,27815.787,1135061,0.0,17109950.0,0.019919217,733989.56,340816.80690915
Geo7,2021-10-18,369346,101768,609078,1957376,1.4266973,-0.5100559,2708.312,981.1689,4526.0127,15253.519,1831560,0.4760778,8782910.0,0.020043908,733989.56,176043.84001227998
Geo7,2021-10-25,2184482,503653,1235903,4425101,0.29479563,1.0119624,16018.202,4855.835,9183.902,34484.11,502377,2.0353856,14234132.0,0.019719774,733989.56,280693.866126168
Geo7,2021-11-01,804888,0,0,2791112,0.31892288,1.2355942,5902.021,0.0,0.0,21750.69,885255,0.0,18199644.0,0.019975118,733989.56,363540.036457992
Geo7,2021-11-08,1207716,259547,1884003,5322748,2.7623582,2.2808037,8855.847,2502.3528,13999.884,41479.33,2219792,0.0,10364101.0,0.020024896,733989.56,207540.04465849602
Geo7,2021-11-15,419693,989812,457967,4201096,2.2611284,-0.37851334,3077.4924,9543.007,3403.1182,32738.47,1919997,1.4420946,13408752.0,0.020073012,733989.56,269154.039801024
Geo7,2021-11-22,2789569,1560656,1123117,5146168,0.8274484,1.9716693,20455.139,15046.646,8345.798,40103.27,2809679,1.4706435,20528546.0,0.020045614,733989.56,411507.309097244
Geo7,2021-11-29,1348064,0,0,1314016,-1.2645104,-2.2561922,9884.98,0.0,0.0,10239.917,0,0.0,17335194.0,0.020003824,733989.56,346770.169781856
Geo7,2021-12-06,1612337,0,2375748,2827805,1.7637341,0.79268205,11822.821,0.0,17654.004,22036.635,1285033,0.53831303,6089875.5,0.020147918,733989.56,122698.31220420901
Geo7,2021-12-13,1867693,835850,1113225,5067044,-1.2080119,2.4432,13695.276,8058.6235,8272.291,39486.664,2793392,1.7923307,21405832.0,0.019996407,733989.56,428039.728845624
Geo7,2021-12-20,623975,958898,0,4070974,-0.19449413,0.6041306,4575.436,9244.958,0.0,31724.45,1548209,0.0,21360248.0,0.020104736,733989.56,429442.146934528
Geo7,2021-12-27,3064447,784328,0,3253190,0.12226328,0.06776759,22470.742,7561.888,0.0,25351.59,368371,0.33569992,18293038.0,0.019841578,733989.56,362962.740333964
Geo7,2022-01-03,1566706,1398470,428084,3496921,1.7772832,1.4082205,11488.221,13482.973,3181.0598,27250.947,3154303,0.0,9011196.0,0.019832792,733989.56,178717.175939232
Geo7,2022-01-10,90409,38233,0,1347174,-1.6124771,0.2476322,662.9442,368.61322,0.0,10498.312,0,0.0,28238984.0,0.019852884,733989.56,560625.2736298561
Geo7,2022-01-17,808092,0,215884,2183942,-0.2709114,-0.12060648,5925.515,0.0,1604.2177,17019.111,165820,0.0,15034787.0,0.01997431,733989.56,300309.49632196996
Geo7,2022-01-24,2029360,2275912,0,1463492,-1.2356906,1.9884094,14880.735,21942.594,0.0,11404.76,1705422,0.0,22779812.0,0.019932965,733989.56,454069.19530258
Geo7,2022-01-31,633378,559282,0,791686,-0.7137869,-0.3255831,4644.3857,5392.1675,0.0,6169.4824,0,0.0,14589767.0,0.019990154,733989.56,291651.689154118
Geo7,2022-02-07,0,1705195,0,2940152,1.4322953,-0.66979635,0.0,16440.18,0.0,22912.137,343779,0.0,15082571.0,0.019859847,733989.56,299537.552426637
Geo7,2022-02-14,245672,7271,0,1248197,-1.982789,-0.7225827,1801.4447,70.10139,0.0,9727.0,0,0.4343895,22874664.0,0.020141806,733989.56,460737.04460318404
Geo7,2022-02-21,56808,1010487,483845,3316033,2.671147,0.29574355,416.55734,9742.339,3595.4155,25841.316,389963,0.0,12854446.0,0.020172203,733989.56,259302.494164538
Geo7,2022-02-28,2763742,158337,950402,2271988,0.8546842,0.11652749,20265.754,1526.5636,7062.3657,17705.24,996534,0.21635646,16507936.0,0.020103792,733989.56,331872.111693312
Geo7,2022-03-07,1900539,158988,0,1082120,-0.13991116,0.52088225,13936.126,1532.8401,0.0,8432.789,1280828,0.0,15963163.0,0.019884322,733989.56,317416.673230486
Geo7,2022-03-14,0,529333,0,1638922,0.90327746,-1.9398268,0.0,5103.422,0.0,12771.858,0,0.0,9816350.0,0.019950407,733989.56,195840.17775445
Geo7,2022-03-21,651387,0,1224520,3615603,1.6177654,-0.2684886,4776.4404,0.0,9099.316,28175.818,1214282,0.0,14983566.0,0.020049008,733989.56,300405.634602528
Geo7,2022-03-28,0,387141,0,2445487,-0.13866818,-0.53655195,0.0,3732.516,0.0,19057.29,1457977,0.7720037,18703008.0,0.019818574,733989.56,370666.94807059196
Geo7,2022-04-04,1791337,0,0,2828241,-0.058329225,0.16796649,13135.378,0.0,0.0,22040.03,704617,0.9445072,16960742.0,0.019943101,733989.56,338249.790740942
Geo7,2022-04-11,1013489,0,0,2055442,-1.6907492,0.73890346,7431.634,0.0,0.0,16017.732,1180958,0.095214516,24607794.0,0.019978158,733989.56,491618.39656345197
Geo7,2022-04-18,0,0,0,273900,-0.8841668,-3.2840776,0.0,0.0,0.0,2134.459,0,0.0,17870806.0,0.02027274,733989.56,362290.20362844004
Geo7,2022-04-25,689195,560758,0,2515134,0.3393585,-1.7393734,5053.676,5406.3975,0.0,19600.037,0,0.0,13826762.0,0.020042056,733989.56,277116.738302672
Geo7,2022-05-02,288124,0,0,1533747,-1.976233,-0.9464991,2112.7334,0.0,0.0,11952.246,288677,0.0,16369477.0,0.019931354,733989.56,326265.84088185796
Geo7,2022-05-09,382131,344571,0,786468,9.17e-05,-0.6823915,2802.0608,3322.0889,0.0,6128.8193,1507264,0.0,16164419.0,0.02004229,733989.56,323971.97327951
Geo7,2022-05-16,1534060,0,1278434,3052541,-1.0969508,1.0713962,11248.837,0.0,9499.946,23787.967,1226159,1.8659284,12957958.0,0.020192657,733989.56,261655.601314406
Geo7,2022-05-23,1826429,2754321,756545,3207660,-0.39735606,2.1769748,13392.698,26555.047,5621.8286,24996.781,717746,0.96609855,22545004.0,0.020005286,733989.56,451019.252891144
Geo7,2022-05-30,1796880,1884847,1857965,5427250,1.0297518,1.7096848,13176.024,18172.246,13806.397,42293.69,1246828,1.0146025,12869047.0,0.019829145,733989.56,255182.198974815
Geo7,2022-06-06,1362686,270202,0,491910,0.8914683,-2.102553,9992.199,2605.08,0.0,3833.3762,0,1.504666,21066268.0,0.020038757,733989.56,422141.825348876
Geo7,2022-06-13,3595362,1335022,1567134,2541976,0.17381978,1.0377507,26363.795,12871.256,11645.254,19809.215,1284118,0.79623127,12279974.0,0.019819293,733989.56,243380.40273838202
Geo7,2022-06-20,0,273316,0,1016987,2.0198872,-2.3838985,0.0,2635.1028,0.0,7925.2173,0,0.0,10100915.0,0.019905578,733989.56,201064.55140387
Geo7,2022-06-27,1558813,244035,0,2550926,-2.1534715,0.3596679,11430.344,2352.798,0.0,19878.96,0,0.43791607,14313771.0,0.02002645,733989.56,286654.01924295
Geo7,2022-07-04,1350836,1145057,1070759,3053999,0.35296357,-0.3232067,9905.306,11039.76,7956.729,23799.328,170720,1.8048648,19903566.0,0.019847864,733989.56,395043.271083024
Geo7,2022-07-11,283658,1301550,0,2952479,-1.4205141,1.1642172,2079.9856,12548.545,0.0,23008.197,2788414,0.51361406,25172204.0,0.01993599,733989.56,501832.80722196004
Geo7,2022-07-18,452175,0,1882360,2045573,0.6047878,-0.1646292,3315.674,0.0,13987.675,15940.824,0,0.8005078,14589660.0,0.019904902,733989.56,290405.75251331995
Geo7,2022-07-25,1602182,0,0,1416658,-1.8210292,0.89453644,11748.357,0.0,0.0,11039.79,0,0.0,21072108.0,0.019903123,733989.56,419400.75739328406
Geo7,2022-08-01,40358,219523,321789,3028639,1.577782,0.6654844,295.93402,2116.472,2391.1897,23601.7,1368213,0.0,11906115.0,0.020074246,733989.56,239006.28141429002
Geo7,2022-08-08,1682412,0,0,2368433,0.3167495,0.34323615,12336.661,0.0,0.0,18456.82,137237,1.172097,15916860.0,0.019741755,733989.56,314226.7504893
Geo7,2022-08-15,1296818,0,0,2192453,0.38827577,-0.96335405,9509.207,0.0,0.0,17085.436,0,1.7869297,12928502.0,0.019955346,733989.56,257992.73067169197
Geo7,2022-08-22,1058884,1716447,0,2298372,0.6635624,1.024649,7764.503,16548.662,0.0,17910.846,510799,0.0,16259418.0,0.019997632,733989.56,325149.857698176
Geo7,2022-08-29,1123315,916985,186189,3653021,0.49208325,1.2359543,8236.958,8840.865,1383.5564,28467.41,1132662,0.077855766,16911202.0,0.020150267,733989.56,340765.235590934
Geo7,2022-09-05,2272916,1266337,0,2685982,0.001868695,-0.3263321,16666.664,12209.048,0.0,20931.43,342367,0.28667602,22154344.0,0.020018404,733989.56,443494.608546976
Geo7,2022-09-12,0,0,56764,4109281,0.4451039,0.32189983,0.0,0.0,421.809,32022.973,962522,0.047531046,12843472.0,0.020063063,733989.56,257679.38787473598
Geo7,2022-09-19,1053673,1218593,319949,3175679,0.38712025,1.8728793,7726.2925,11748.737,2377.5168,24747.56,1058971,0.12688494,17204596.0,0.020212442,733989.56,347746.898783432
Geo7,2022-09-26,1175682,265412,0,2705332,-0.038831353,-0.24356341,8620.951,2558.8984,0.0,21082.22,491255,0.7093507,15944029.0,0.019986702,733989.56,318668.556302358
Geo7,2022-10-03,2336699,940594,0,3475206,0.31043538,0.30202073,17134.365,9068.485,0.0,27081.727,1127028,1.5037476,16263050.0,0.020143881,733989.56,327600.94389705
Geo7,2022-10-10,2470314,416466,393741,3397084,2.3065379,-0.47924447,18114.129,4015.2454,2925.8596,26472.934,0,0.20007774,13943115.0,0.019880243,733989.56,277192.514376945
Geo7,2022-10-17,1360740,1156661,1939123,2291276,1.353873,1.0514793,9977.93,11151.637,14409.476,17855.549,2260406,0.0,15658542.0,0.020067286,733989.56,314224.440657012
Geo7,2022-10-24,1197386,867975,0,2957670,0.24635834,-0.7267276,8780.1,8368.348,0.0,23048.65,0,0.0,16583613.0,0.019796273,733989.56,328293.730274349
Geo7,2022-10-31,2089565,1172709,104639,3723874,0.6715143,-0.3075354,15322.202,11306.359,777.5645,29019.557,2121931,1.8048232,12013804.0,0.01999746,733989.56,240245.56493784
Geo7,2022-11-07,488536,2379542,722452,4728318,1.5596744,1.0527675,3582.2993,22941.717,5368.486,36847.027,1068770,0.0,21367090.0,0.020107236,733989.56,429633.12126324
Geo7,2022-11-14,1708148,0,0,3424101,0.8263503,0.5528407,12525.376,0.0,0.0,26683.473,1524888,0.0,15742005.0,0.020020936,733989.56,315169.67461668
Geo7,2022-11-21,3138902,626767,963574,3365469,1.962129,-0.53495467,23016.7,6042.806,7160.2456,26226.564,965801,1.2503622,13773995.0,0.019949796,733989.56,274788.39035502
Geo7,2022-11-28,1403305,406902,0,1298402,-0.23606008,-0.44909874,10290.047,3923.0366,0.0,10118.24,0,0.4534968,20571120.0,0.01985468,733989.56,408433.00484159996
Geo7,2022-12-05,1678897,2227080,348416,3262100,-0.19259873,1.5852773,12310.887,21471.795,2589.053,25421.023,522759,0.2979389,19040126.0,0.020099608,733989.56,382699.06887060805
Geo7,2022-12-12,1776827,383615,1720370,2381950,1.0139886,-0.983446,13028.98,3698.521,12783.939,18562.156,1458440,1.9036037,11576503.0,0.020143665,733989.56,233193.198303495
Geo7,2022-12-19,1435141,485076,0,1052878,-0.33817428,-1.4527668,10523.492,4676.73,0.0,8204.91,0,0.20978996,14195357.0,0.019988447,733989.56,283743.141040579
Geo7,2022-12-26,1683715,750042,0,2609508,-0.79405594,0.71629,12346.216,7231.3286,0.0,20335.48,0,0.0,18956264.0,0.020108085,733989.56,381174.16779444
Geo7,2023-01-02,0,690108,0,446764,0.06881392,-1.2830926,0.0,6653.491,0.0,3481.5605,236889,0.0,7997847.0,0.020014606,733989.56,160073.756553282
Geo7,2023-01-09,2528730,1729075,1052508,2559452,-1.799861,2.1807854,18542.477,16670.412,7821.1074,19945.402,2006732,1.6591665,19603972.0,0.019776596,733989.56,387699.834239312
Geo7,2023-01-16,984015,0,0,0,-1.2929578,-1.3937273,7215.5093,0.0,0.0,0.0,0,0.0,18140416.0,0.020053757,733989.56,363783.494342912
Geo7,2023-01-23,303674,0,675395,2635333,1.204941,-0.6788997,2226.7573,0.0,5018.809,20536.73,0,0.038658507,13028432.0,0.019885695,733989.56,259079.42508023998
Geo7,2023-01-30,1162921,295150,0,2082613,-1.6174062,0.57323575,8527.378,2845.6096,0.0,16229.471,0,0.0,25887558.0,0.020034818,733989.56,518652.512994444
Geo7,2023-02-06,483547,1406610,0,2731384,-0.35079983,-0.46895516,3545.7163,13561.453,0.0,21285.24,1491376,2.074197,12465427.0,0.020009058,733989.56,249421.45183776598
Geo7,2023-02-13,834512,1196174,0,1360812,-0.60652584,0.110143155,6119.2456,11532.59,0.0,10604.591,274340,0.0,17038128.0,0.020036189,733989.56,341379.152814192
Geo7,2023-02-20,1297089,756199,998145,1637001,-1.0165478,1.3503351,9511.195,7290.6895,7417.14,12756.888,594543,0.57137126,14844729.0,0.020073079,733989.56,297979.417950591
Geo7,2023-02-27,1224158,389214,637366,3125942,-0.35758746,1.0137429,8976.412,3752.5022,4736.2183,24359.969,2715844,1.158778,21714946.0,0.01992606,733989.56,432693.31689276
Geo7,2023-03-06,1474994,0,0,612229,-0.94333196,-1.9004798,10815.723,0.0,0.0,4771.003,724174,0.0,13247033.0,0.020030277,733989.56,265341.740418141
Geo7,2023-03-13,1265615,664885,0,2829270,-0.24093014,0.04796052,9280.404,6410.31,0.0,22048.05,0,0.0,16853180.0,0.019946257,733989.56,336157.85954726
Geo7,2023-03-20,1596521,0,0,0,-1.0709465,-1.3247718,11706.846,0.0,0.0,0.0,0,0.20802051,19585648.0,0.019914025,733989.56,390029.08391319995
Geo7,2023-03-27,1532178,1822652,0,3979934,1.1452509,0.36506727,11235.037,17572.61,0.0,31014.99,83370,0.68296295,12773077.0,0.020041825,733989.56,255995.773945525
Geo7,2023-04-03,1090260,646411,488239,1319708,-1.0210232,1.1064496,7994.5747,6232.198,3628.067,10284.274,1084527,0.6476941,18010996.0,0.020017639,733989.56,360537.615958444
Geo7,2023-04-10,357519,0,0,257315,0.511433,-1.4990041,2621.5876,0.0,0.0,2005.2147,0,0.28525078,14171634.0,0.02016137,733989.56,285719.55657858
Geo7,2023-04-17,1106822,606101,0,2590088,0.55960417,-0.4659148,8116.0195,5843.56,0.0,20184.143,0,0.0,8255798.0,0.019945433,733989.56,164665.46587053398
Geo7,2023-04-24,212550,364325,0,0,-1.8080581,-0.83092,1558.5702,3512.5417,0.0,0.0,670124,0.0,25703096.0,0.020039853,733989.56,515086.265484888
Geo7,2023-05-01,2108339,77533,0,1646484,0.6384576,-1.1092262,15459.866,747.5136,0.0,12830.787,0,1.2345015,11762408.0,0.019929796,733989.56,234422.39190876798
Geo7,2023-05-08,704706,1732030,463146,1854052,-0.42945325,-0.2413693,5167.414,16698.902,3441.603,14448.331,970914,1.1717374,14845936.0,0.01982806,733989.56,294366.10976416
Geo7,2023-05-15,2805780,238760,0,1604279,-1.4521103,-0.028368056,20574.008,2301.9404,0.0,12501.89,1076959,1.517544,24024418.0,0.019948307,733989.56,479246.46576032595
Geo7,2023-05-22,113995,855131,216611,1658411,0.099680305,-1.3073529,835.89374,8244.516,1609.62,12923.732,0,0.0,20137750.0,0.019951997,733989.56,401788.32758675
Geo7,2023-05-29,2343582,0,0,2180432,-0.29956147,-1.0066981,17184.838,0.0,0.0,16991.758,0,1.0650096,12745821.0,0.020057997,733989.56,255655.639380537
Geo7,2023-06-05,137616,0,0,617648,-1.8580012,-1.2335539,1009.1,0.0,0.0,4813.2324,0,0.3196455,20631910.0,0.01980643,733989.56,408644.4811813
Geo7,2023-06-12,3041184,0,0,1702156,-2.0354128,1.5243325,22300.16,0.0,0.0,13264.63,0,0.0,20021046.0,0.019934312,733989.56,399105.777530352
Geo7,2023-06-19,1190656,1392018,0,1430891,-0.012022376,-0.8779111,8730.751,13420.768,0.0,11150.705,1132075,0.41557175,14304286.0,0.01994973,733989.56,285366.64354277996
Geo7,2023-06-26,195902,1491536,1375408,3129240,1.6657484,0.9333759,1436.4951,14380.244,10220.553,24385.668,2373696,0.9756547,9903510.0,0.020136097,733989.56,199418.03800047
Geo7,2023-07-03,2100194,118391,0,1027061,-1.3835381,0.15651149,15400.141,1141.435,0.0,8003.7227,1803671,0.0,24137186.0,0.019927785,733989.56,481000.65311301
Geo7,2023-07-10,1685599,414779,0,3641804,-1.0879612,2.4217238,12360.031,3998.9805,0.0,28379.998,1184388,1.5173109,11110649.0,0.020063743,733989.56,222921.206099207
Geo7,2023-07-17,658661,296779,1170914,2009933,0.40215284,0.5542732,4829.779,2861.315,8700.973,15663.087,0,0.0,14496959.0,0.019859185,733989.56,287897.790718415
Geo7,2023-07-24,803466,449365,1721696,3019739,1.5389236,0.47829923,5891.5933,4332.432,12793.793,23532.344,922360,0.0,15590439.0,0.020085514,733989.56,313141.980800646
Geo7,2023-07-31,26589,0,0,2695443,0.37339312,0.6568787,194.96979,0.0,0.0,21005.158,1040364,0.0,11518230.0,0.019967234,733989.56,229987.19367582002
Geo7,2023-08-07,3071531,567848,0,3351806,-0.62318254,0.46997285,22522.686,5474.754,0.0,26120.09,2586864,0.73565924,18054910.0,0.020143388,733989.56,363687.05743508
Geo7,2023-08-14,834103,0,0,2438989,-0.3388557,-1.4452612,6116.2466,0.0,0.0,19006.652,0,1.1593027,21328446.0,0.01993101,733989.56,425097.47051045997
Geo7,2023-08-21,1320967,0,0,1070046,-0.5641079,-0.3372742,9686.285,0.0,0.0,8338.698,501395,0.0,16107334.0,0.019976333,733989.56,321765.467726222
Geo7,2023-08-28,0,0,0,1202651,-0.2001511,-2.5356276,0.0,0.0,0.0,9372.067,0,0.0,15724813.0,0.020259466,733989.56,318576.314329858
Geo7,2023-09-04,3594097,2389161,1095093,5383232,-0.25122052,2.5031495,26354.518,23034.453,8137.5537,41950.668,1170267,2.3308637,8216757.5,0.019948354,733989.56,163910.787342155
Geo7,2023-09-11,3403485,805770,65904,3135780,0.98837185,1.011724,24956.814,7768.615,489.72766,24436.635,1367894,1.0043466,17088458.0,0.02036254,733989.56,347964.40956332
Geo7,2023-09-18,1870930,1983761,0,2643632,0.4794448,-0.11336386,13719.012,19125.9,0.0,20601.402,275709,0.0,12328184.0,0.019995222,733989.56,246504.775936848
Geo7,2023-09-25,3002522,815777,2020572,3367925,1.6874923,0.46831647,22016.662,7865.095,15014.718,26245.701,854376,2.0950706,16185131.0,0.020270156,733989.56,328075.130250436
Geo7,2023-10-02,1093166,527283,948222,2658953,0.8690512,0.6917259,8015.8833,5083.6577,7046.166,20720.797,1293339,0.0,19356538.0,0.020089934,733989.56,388871.570888492
Geo7,2023-10-09,2088842,1164776,2100546,3478372,0.5838937,2.0667727,15316.9,11229.875,15608.999,27106.398,1495551,0.0,21303476.0,0.019945651,733989.56,424911.69738287595
Geo7,2023-10-16,301096,1879937,334054,3301162,1.9840778,1.0092171,2207.8535,18124.908,2482.33,25725.428,450750,0.79141515,16642835.0,0.020048387,733989.56,333661.996857145
Geo7,2023-10-23,2027530,2363769,1440970,3579779,1.4506191,1.3768765,14867.316,22789.645,10707.739,27896.646,1772982,1.3234522,20535284.0,0.019737514,733989.56,405315.45544397604
Geo7,2023-10-30,1839925,538993,579360,2727902,0.9997325,0.5627272,13491.661,5196.5566,4305.1807,21258.105,1159684,2.076446,19613544.0,0.020032622,733989.56,392910.713032368
Geo7,2023-11-06,2871366,27839,0,1901538,0.109613955,-0.92982984,21054.932,268.40225,0.0,14818.382,1684896,2.2329564,16038505.0,0.020021476,733989.56,321114.54293338
Geo7,2023-11-13,2353900,2076380,2178569,3130914,2.0070117,1.6720549,17260.498,20018.86,16188.782,24398.715,1325143,1.646101,14687295.0,0.019910721,733989.56,292434.632989695
Geo7,2023-11-20,1094285,1118040,1037845,2566776,0.92601097,0.29756826,8024.089,10779.283,7712.148,20002.477,0,0.0,16723769.0,0.020097591,733989.56,336107.469340479
Geo7,2023-11-27,1900009,922050,2817199,3058426,2.171022,1.0704155,13932.24,8889.698,20934.393,23833.826,2789324,1.0783176,12969600.0,0.019903464,733989.56,258139.96669439998
Geo7,2023-12-04,1540280,1321381,0,1406387,0.04320708,0.31204283,11294.447,12739.74,0.0,10959.75,1941155,0.0,15229025.0,0.019971784,733989.56,304150.7978306
Geo7,2023-12-11,2358890,479517,0,3370607,-1.0860676,1.5326986,17297.088,4623.1343,0.0,26266.602,832974,0.0,14340144.0,0.020108877,733989.56,288364.191858288
Geo7,2023-12-18,6498,1231663,0,2336778,1.0028812,-0.6784152,47.648037,11874.748,0.0,18210.139,1188544,2.2833588,17401758.0,0.02008565,733989.56,349525.6205727
Geo7,2023-12-25,2190298,809860,564277,3728528,-0.016151324,1.3988023,16060.849,7808.048,4193.0996,29055.824,2176303,0.53452075,18268834.0,0.020019986,733989.56,365741.800916324
Geo7,2024-01-01,1447646,1336543,0,3316392,1.0540469,1.408232,10615.187,12885.921,0.0,25844.113,0,0.0,19246088.0,0.019895555,733989.56,382911.60233883996
Geo7,2024-01-08,905990,1031655,0,769272,-1.3940874,-1.1508548,6643.374,9946.425,0.0,5994.814,0,0.0,15721750.0,0.020033646,733989.56,314963.9740005
Geo7,2024-01-15,206215,1447646,0,2144338,-0.7358341,-0.26964724,1512.1176,13957.09,0.0,16710.484,384866,0.0,16629038.0,0.019931035,733989.56,331433.93839433
Geo8,2021-01-25,554144,0,0,903172,-0.10812364,-1.0585803,4063.3845,0.0,0.0,7038.2754,328838,0.0,4384791.0,0.019798206,301630.44,86810.99548494599
Geo8,2021-02-01,426584,267869,0,831111,-0.9008647,0.44822708,3128.0222,2582.587,0.0,6476.7153,0,0.0,9319492.0,0.020035239,301630.44,186718.249578588
Geo8,2021-02-08,388663,59287,0,106124,-2.9898891,-0.41925555,2849.9583,571.5997,0.0,827.0074,163663,0.45496854,10441081.0,0.019715799,301630.44,205854.25433871898
Geo8,2021-02-15,331203,0,0,536556,-1.2658113,-0.37943473,2428.62,0.0,0.0,4181.2954,0,0.0,5319417.5,0.020117199,301630.44,107011.7804115825
Geo8,2021-02-22,943744,0,0,688193,-0.53982353,0.45683053,6920.2134,0.0,0.0,5362.9785,265983,0.38562787,6258802.0,0.019816674,301630.44,124028.63886454799
Geo8,2021-03-01,0,268310,0,386330,0.24074292,-1.8416792,0.0,2586.8389,0.0,3010.608,0,0.0,2963342.8,0.020098077,301630.44,59557.49177179559
Geo8,2021-03-08,0,0,40785,1171330,-0.2159149,-0.2866077,0.0,0.0,303.07025,9127.988,0,0.0,4448981.0,0.019948214,301630.44,88749.225069934
Geo8,2021-03-15,0,0,0,976321,0.23392881,-0.8690596,0.0,0.0,0.0,7608.314,149960,0.0,7880292.5,0.020019166,301630.44,157756.88368605502
Geo8,2021-03-22,32560,0,0,0,-0.5042117,-2.1903722,238.75346,0.0,0.0,0.0,0,0.0,5623505.5,0.019962536,301630.44,112259.430989948
Geo8,2021-03-29,596759,550080,758885,1082406,1.7686301,1.1482219,4375.8687,5303.4487,5639.217,8435.017,315874,0.0,6246917.0,0.01990407,301630.44,124339.07325218999
Geo8,2021-04-05,503740,0,0,729264,-1.3787758,0.7283068,3693.786,0.0,0.0,5683.038,470184,0.0,8054234.0,0.020101266,301630.44,161900.300060244
Geo8,2021-04-12,981938,773278,0,576529,-1.4093527,1.7225444,7200.2793,7455.352,0.0,4492.7983,0,0.0,6948857.0,0.020057673,301630.44,139377.901429761
Geo8,2021-04-19,503182,578261,0,664096,-0.65775675,-0.324857,3689.6943,5575.148,0.0,5175.194,52055,0.1661777,4593973.5,0.020149302,301630.44,92565.35943149701
Geo8,2021-04-26,994840,612288,0,1478374,0.71123135,-0.89510345,7294.8867,5903.2104,0.0,11520.733,307706,1.3042997,4511835.5,0.020018077,301630.44,90318.2704503335
Geo8,2021-05-03,230901,0,0,830561,0.014607728,-1.0225112,1693.1332,0.0,0.0,6472.4297,19263,0.30715817,5703785.5,0.019969154,301630.44,113899.77103246699
Geo8,2021-05-10,0,780218,765368,1907032,1.4713879,0.1708507,0.0,7522.2627,5687.392,14861.196,442870,0.0,6615237.0,0.020075863,301630.44,132806.591724531
Geo8,2021-05-17,195354,1017035,0,814286,0.16029948,-0.56105286,1432.4768,9805.47,0.0,6345.601,0,0.0,6082980.5,0.020016404,301630.44,121759.395212122
Geo8,2021-05-24,383863,593925,0,926315,-1.2466712,1.0936953,2814.761,5726.1685,0.0,7218.625,878481,0.84918,9862455.0,0.019959128,301630.44,196846.00173924
Geo8,2021-05-31,209267,294167,0,200122,-0.07424158,-0.9368372,1534.497,2836.1323,0.0,1559.5189,0,0.32003185,5194007.0,0.019892517,301630.44,103321.87254561899
Geo8,2021-06-07,927095,2078,0,1425904,-1.7153071,1.9855499,6798.131,20.03448,0.0,11111.842,685788,0.0,8016164.0,0.01997756,301630.44,160143.39727984
Geo8,2021-06-14,567136,362785,46184,1480347,0.48774302,1.452765,4158.6514,3497.6943,343.18982,11536.108,592353,0.36674613,5818600.0,0.019900566,301630.44,115793.43332760001
Geo8,2021-06-21,438493,0,0,1499426,0.66924477,0.3283728,3215.3477,0.0,0.0,11684.788,155019,0.0,3355882.5,0.020113448,301630.44,67498.36815786
Geo8,2021-06-28,43164,472974,150277,866863,2.4386659,-0.37831813,316.50964,4560.052,1116.697,6755.325,241444,0.010765821,4378895.0,0.019883782,301630.44,87068.99358088999
Geo8,2021-07-05,636656,0,0,1067465,0.08640492,0.1589399,4668.422,0.0,0.0,8318.585,462782,0.0,6693492.5,0.020035278,301630.44,134105.983028415
Geo8,2021-07-12,84281,0,0,629531,-2.2324643,0.35137606,618.0093,0.0,0.0,4905.8345,0,0.0,7723090.0,0.020055406,301630.44,154889.70552454
Geo8,2021-07-19,253693,28405,0,659008,-1.6517985,-0.30453652,1860.2605,273.8592,0.0,5135.544,0,0.0,6659775.5,0.019875638,301630.44,132367.286999269
Geo8,2021-07-26,68136,0,0,106522,0.014524542,-0.46178892,499.62244,0.0,0.0,830.10895,0,0.0,5251252.0,0.019940354,301630.44,104711.823823208
Geo8,2021-08-02,851627,527490,595172,873514,1.2443154,-1.5356963,6244.745,5085.653,4422.678,6807.1553,0,0.41270882,3417593.2,0.02021623,301630.44,69090.850177636
Geo8,2021-08-09,976406,469823,508151,1921855,0.45398775,0.63951886,7159.715,4529.6724,3776.0317,14976.709,588530,1.6656625,6840982.0,0.02010105,301630.44,137510.9212311
Geo8,2021-08-16,0,0,0,802586,1.0765831,-1.3281506,0.0,0.0,0.0,6254.4243,136579,0.0,1036246.5,0.020063702,301630.44,20790.940974543
Geo8,2021-08-23,0,124568,0,1197288,0.64866483,-1.5685675,0.0,1200.9889,0.0,9330.274,0,0.0,5637827.0,0.020094419,301630.44,113288.857987513
Geo8,2021-08-30,316092,1011045,0,1556491,-0.58200103,0.21432489,2317.815,9747.719,0.0,12129.486,492132,1.375611,6401966.0,0.020023346,301630.44,128188.780298236
Geo8,2021-09-06,0,391554,0,1001480,-0.38701183,-0.9069926,0.0,3775.0627,0.0,7804.374,76793,0.0,5958670.5,0.01989031,301630.44,118519.80343285501
Geo8,2021-09-13,847150,441507,802922,1445202,0.6724323,1.60639,6211.9165,4256.671,5966.4526,11262.229,0,0.80746037,7484891.0,0.020127842,301630.44,150654.703435222
Geo8,2021-09-20,0,276470,0,1382153,-0.47274816,-0.13760757,0.0,2665.5112,0.0,10770.898,54318,0.0,7589217.5,0.020047385,301630.44,152143.9650712375
Geo8,2021-09-27,0,518488,690053,1228634,1.8193698,0.22642118,0.0,4998.863,5127.7314,9574.549,387416,0.0,5500338.0,0.020070938,301630.44,110396.942977044
Geo8,2021-10-04,0,0,0,1094341,1.9448049,-0.8556702,0.0,0.0,0.0,8528.025,146561,0.0,4136959.5,0.020197976,301630.44,83558.208693972
Geo8,2021-10-11,1116330,586574,720456,1467282,0.4668077,0.34925556,8185.739,5655.2954,5353.654,11434.295,588548,1.6898061,4609279.0,0.019966034,301630.44,92029.021229486
Geo8,2021-10-18,760042,389293,0,872663,-0.62248343,-0.24986878,5573.1777,3753.264,0.0,6800.5234,103026,1.9332322,8275953.0,0.020103855,301630.44,166378.559098815
Geo8,2021-10-25,0,0,0,283551,0.22767845,-0.9266004,0.0,0.0,0.0,2209.6677,0,0.0,3398206.2,0.019810764,301630.44,67321.0610515368
Geo8,2021-11-01,967699,0,0,738186,-1.2431614,0.6503958,7095.869,0.0,0.0,5752.5654,0,0.0,5045469.5,0.019848369,301630.44,100144.34041424551
Geo8,2021-11-08,155111,0,0,902008,0.7089884,-0.30727625,1137.386,0.0,0.0,7029.2046,200495,0.0,5955152.5,0.020026626,301630.44,119261.61189046499
Geo8,2021-11-15,565191,422316,433496,1773830,-0.3620867,2.0989952,4144.389,4071.6462,3221.276,13823.174,1114620,0.55560267,7964364.0,0.019905789,301630.44,158536.949303196
Geo8,2021-11-22,671461,322700,741555,2049870,1.3370607,2.2389748,4923.6377,3111.2256,5510.439,15974.31,490139,0.0,8375940.5,0.020137357,301630.44,168669.30405925852
Geo8,2021-11-29,525892,468898,453862,918194,-1.0287262,2.584075,3856.2205,4520.754,3372.6143,7155.3394,535864,0.040157996,8397302.0,0.019962389,301630.44,167630.209074478
Geo8,2021-12-06,0,0,0,689646,0.12322652,-2.5786896,0.0,0.0,0.0,5374.3013,0,0.0,1075334.5,0.019883089,301630.44,21380.9715682705
Geo8,2021-12-13,639474,0,0,1435737,-0.92805815,1.7919192,4689.086,0.0,0.0,11188.469,339391,0.0,6888910.0,0.020007137,301630.44,137827.36615067002
Geo8,2021-12-20,496238,167218,0,1388984,-2.3623102,1.7542496,3638.7756,1612.1875,0.0,10824.131,636944,0.0,7532002.0,0.01989593,301630.44,149856.18455186
Geo8,2021-12-27,1070947,816063,0,1393561,-0.79260814,1.5231036,7852.958,7867.8525,0.0,10859.799,693588,1.4902151,11185671.0,0.02024785,301630.44,226485.78855735002
Geo8,2022-01-03,471978,200185,0,1158749,-0.14322132,-0.49205247,3460.884,1930.0299,0.0,9029.946,412786,1.6649749,9549173.0,0.019703425,301630.44,188151.414017525
Geo8,2022-01-10,514318,810304,0,763062,0.20432866,1.4729838,3771.3516,7812.3286,0.0,5946.4204,0,0.0,5024461.5,0.020086484,301630.44,100923.76552836601
Geo8,2022-01-17,172862,313165,523418,1586114,3.0780842,0.44448534,1267.5492,3019.2961,3889.4795,12360.333,852921,0.0,1505724.9,0.020003118,301630.44,30119.1928502382
Geo8,2022-01-24,1033586,487758,62192,1315052,-0.3187318,2.1883187,7579.0,4702.588,462.14407,10247.99,647328,0.42800206,7560075.5,0.020182874,301630.44,152584.051246987
Geo8,2022-01-31,538649,283034,0,17981,-0.92816085,-1.5362908,3949.764,2728.7961,0.0,140.12306,0,0.0,7527934.5,0.020131065,301630.44,151545.3387352425
Geo8,2022-02-07,0,492987,166970,1452276,1.9792367,-1.222451,0.0,4753.002,1240.7415,11317.355,147952,1.313338,1240388.8,0.019906607,301630.44,24691.9323688016
Geo8,2022-02-14,1056790,302180,0,600171,-1.5278814,0.44564587,7749.1484,2913.3872,0.0,4677.037,511180,1.988466,8642832.0,0.020057034,301630.44,173349.575280288
Geo8,2022-02-21,0,677444,808969,1142711,0.23814988,1.7772753,0.0,6531.3945,6011.3877,8904.965,539212,0.0,8541968.0,0.019957285,301630.44,170474.48983688
Geo8,2022-02-28,282293,0,0,0,-2.330063,-1.6841172,2069.9763,0.0,0.0,0.0,0,0.0,6218833.0,0.020083163,301630.44,124893.836808779
Geo8,2022-03-07,330446,238009,0,0,-2.542913,-0.19968808,2423.069,2294.7,0.0,0.0,306364,0.0,5695704.5,0.020003619,301630.44,113934.7027545855
Geo8,2022-03-14,280025,444162,0,696637,0.7312446,-0.7078459,2053.3457,4282.2686,0.0,5428.781,348346,0.0,2715525.8,0.019967308,301630.44,54221.740030546396
Geo8,2022-03-21,0,524090,33432,926048,0.18580228,0.085012406,0.0,5052.873,248.43068,7216.5444,167477,0.8220636,3965775.8,0.020062963,301630.44,79565.21314169539
Geo8,2022-03-28,0,0,0,0,-2.781691,-2.1922612,0.0,0.0,0.0,0.0,201601,0.0,8187128.0,0.020242482,301630.44,165727.79117169598
Geo8,2022-04-04,427030,545555,0,479217,-2.4139438,-0.14141428,3131.2927,5259.822,0.0,3734.4617,340824,0.7842552,7779239.0,0.020165596,301630.44,156872.990861444
Geo8,2022-04-11,704159,244444,21093,1290592,-0.26059297,-0.7162212,5163.403,2356.7412,156.74048,10057.378,246738,2.420814,6472613.0,0.0200007,301630.44,129456.79082909999
Geo8,2022-04-18,0,436707,0,938682,-1.9105489,-1.7530322,0.0,4210.3936,0.0,7314.999,0,0.0,8433152.0,0.020074274,301630.44,169289.403931648
Geo8,2022-04-25,438690,474353,0,1036741,-1.0906422,1.0611465,3216.7922,4573.347,0.0,8079.157,195585,0.0,7695521.5,0.01992945,301630.44,153367.510958175
Geo8,2022-05-02,361232,207940,668525,1606093,0.87910926,-0.068894744,2648.8142,2004.7976,4967.7583,12516.027,346144,1.8525078,5613593.5,0.020018477,301630.44,112375.5923670995
Geo8,2022-05-09,0,0,0,580577,1.2811601,-1.4467084,0.0,0.0,0.0,4524.344,0,0.0,5278687.0,0.019979594,301630.44,105466.023113078
Geo8,2022-05-16,140766,163596,0,280004,-2.3143735,-1.9372647,1032.1981,1577.2668,0.0,2182.0266,0,1.5055296,9559017.0,0.020132774,301630.44,192449.52892315798
Geo8,2022-05-23,0,168734,0,667362,-1.7661517,0.57118845,0.0,1626.8035,0.0,5200.6455,192081,0.030838072,7372468.0,0.01985791,301630.44,146401.80602188
Geo8,2022-05-30,406505,244875,0,1065064,0.03598526,0.79648983,2980.7886,2360.8965,0.0,8299.874,338151,1.1156576,6700347.0,0.01994449,301630.44,133635.00373803
Geo8,2022-06-06,154125,443724,0,585769,-1.9230407,0.17463237,1130.156,4278.046,0.0,4564.8047,518230,0.7501693,7485284.5,0.0198684,301630.44,148720.6265598
Geo8,2022-06-13,626333,0,0,170023,-2.0964859,-1.2313339,4592.7266,0.0,0.0,1324.9622,130711,0.0,6027362.0,0.020067492,301630.44,120954.038716104
Geo8,2022-06-20,653001,509093,163034,796353,-1.0409398,0.7539956,4788.2754,4908.2837,1211.4934,6205.852,306827,0.82679486,11449517.0,0.020066436,301630.44,229751.000111412
Geo8,2022-06-27,0,0,0,355862,-0.9653456,-1.1886752,0.0,0.0,0.0,2773.1758,0,0.4718063,6365292.5,0.020002538,301630.44,127322.005112365
Geo8,2022-07-04,337436,0,0,453325,0.7316296,-0.73150754,2474.3247,0.0,0.0,3532.6895,0,0.0,5619498.5,0.020125942,301630.44,113097.70088008701
Geo8,2022-07-11,735225,0,67424,1351224,0.10950524,1.3808354,5391.2017,0.0,501.02264,10529.873,838993,1.1963634,6082491.5,0.020072117,301630.44,122088.4810395055
Geo8,2022-07-18,17791,492536,0,292716,-2.4089923,-0.13030814,130.45648,4748.6533,0.0,2281.089,0,0.0,10463649.0,0.019941041,301630.44,208656.053718609
Geo8,2022-07-25,0,0,0,0,-1.0939661,-0.16640231,0.0,0.0,0.0,0.0,0,0.0,7735269.0,0.02000541,301630.44,154747.22780529002
Geo8,2022-08-01,432991,230071,0,920817,-1.7314975,0.8540219,3175.0032,2218.1677,0.0,7175.78,0,0.0,8114210.5,0.01994206,301630.44,161814.07264363
Geo8,2022-08-08,816349,243873,0,658965,0.35245478,-0.092738695,5986.061,2351.236,0.0,5135.209,0,0.6224488,4779711.0,0.020043539,301630.44,95802.32383722899
Geo8,2022-08-15,0,39670,0,1099294,0.5756359,-0.6132826,0.0,382.46765,0.0,8566.623,194176,0.0,2876636.5,0.01989226,301630.44,57222.801183489995
Geo8,2022-08-22,418874,176255,0,434620,-0.15055422,0.6099053,3071.487,1699.3153,0.0,3386.9243,401689,0.0,6494098.5,0.01990375,301630.44,129256.913019375
Geo8,2022-08-29,1520290,109161,435358,1418510,0.5024349,0.67340803,11147.866,1052.4465,3235.1125,11054.222,999667,3.7845514,10000633.0,0.020046903,301630.44,200481.719689599
Geo8,2022-09-05,0,762650,0,1488230,0.072171375,0.7747224,0.0,7352.885,0.0,11597.539,0,0.0,5345094.0,0.019925676,301630.44,106504.611233544
Geo8,2022-09-12,486145,439940,899895,2242879,3.358917,0.17951477,3564.7668,4241.5635,6687.0513,17478.398,481609,0.84518117,1530974.4,0.019903041,301630.44,30471.046253150398
Geo8,2022-09-19,358411,922554,1311628,1427796,2.24372,3.085959,2628.1287,8894.557,9746.609,11126.586,1121486,0.0,3447880.5,0.02018926,301630.44,69610.15586343
Geo8,2022-09-26,268672,446708,539857,1796404,2.1262052,-0.11513293,1970.0974,4306.8154,4011.6365,13999.09,99899,0.0,3154046.5,0.020007053,301630.44,63103.1754899645
Geo8,2022-10-03,327883,874477,277138,823010,0.000979066,0.29015222,2404.2751,8431.035,2059.3916,6413.5854,703798,0.0,6324563.0,0.02004847,301630.44,126797.81156860999
Geo8,2022-10-10,1226210,0,760743,2567635,2.7539196,0.69843376,8991.458,0.0,5653.0234,20009.17,998061,3.1037567,4498466.5,0.019970646,301630.44,89837.282014359
Geo8,2022-10-17,138951,509413,0,382260,0.57213545,-0.35932857,1018.88916,4911.3687,0.0,2978.8914,287306,0.1837745,3251713.0,0.019944135,301630.44,64852.60305325501
Geo8,2022-10-24,496130,272772,253427,974800,0.21862683,-0.010559101,3637.984,2629.858,1883.1969,7596.461,463427,0.28773683,6336361.0,0.019941835,301630.44,126358.66556243501
Geo8,2022-10-31,304234,659067,0,827052,-0.47951645,0.4246413,2230.8638,6354.2173,0.0,6445.0845,406638,0.20357585,8651982.0,0.019982606,301630.44,172889.147425092
Geo8,2022-11-07,0,36629,0,951171,0.18518913,-0.37593055,0.0,353.14865,0.0,7412.324,0,0.0,3124080.2,0.019986153,301630.44,62438.3448614706
Geo8,2022-11-14,813188,240365,660662,1977717,3.098643,0.5913995,5962.8823,2317.4146,4909.3296,15412.033,743744,1.2679176,2820056.8,0.020031812,301630.44,56490.8476469216
Geo8,2022-11-21,1086175,0,0,1157325,-0.21886492,0.1527499,7964.6206,0.0,0.0,9018.849,97513,0.88132936,7675299.0,0.020056736,301630.44,153941.445764064
Geo8,2022-11-28,0,482097,0,657068,0.73366934,-0.7699013,0.0,4648.009,0.0,5120.426,169684,0.0,3313535.5,0.019888632,301630.44,65901.688178436
Geo8,2022-12-05,201463,527046,401323,1262644,0.6164006,1.7127192,1477.2723,5081.3726,2982.201,9839.583,451187,0.3479007,5908262.5,0.02012681,301630.44,118914.47676762499
Geo8,2022-12-12,666460,364104,0,812338,0.64796853,0.49662182,4886.9663,3510.411,0.0,6330.4204,393770,0.0,4433224.0,0.020081209,301630.44,89024.497687816
Geo8,2022-12-19,718897,583939,0,832014,-0.5690708,2.178806,5271.4727,5629.891,0.0,6483.7524,479503,0.0,7924451.0,0.019738622,301630.44,156417.74284652201
Geo8,2022-12-26,352516,672301,1146586,1589592,1.6776915,1.2674935,2584.9023,6481.8096,8520.194,12387.437,950809,0.67789865,4199648.5,0.01998947,301630.44,83948.747701295
Geo8,2023-01-02,549060,838622,327682,1165301,1.5211895,-1.3470877,4026.105,8085.349,2434.9802,9081.005,64243,0.0,4104166.0,0.019988379,301630.44,82035.625486914
Geo8,2023-01-09,377302,1140361,0,1802134,0.7158234,1.9772272,2766.651,10994.484,0.0,14043.743,989344,1.5926627,8971828.0,0.019990813,301630.44,179354.135816164
Geo8,2023-01-16,153197,31910,0,557777,-0.05910462,-0.6462918,1123.3511,307.65167,0.0,4346.667,38769,0.36029345,5046215.5,0.019998537,301630.44,100916.9273867235
Geo8,2023-01-23,480361,0,0,1914449,-0.48483145,1.6065646,3522.3542,0.0,0.0,14918.996,286671,1.1923299,3585695.0,0.020008361,301630.44,71743.879995895
Geo8,2023-01-30,511043,111190,0,562581,-2.1617455,0.50813556,3747.3367,1072.0085,0.0,4384.104,0,0.0,10184388.0,0.020083854,301630.44,204541.76167135203
Geo8,2023-02-06,364292,0,0,0,-1.7331746,-0.6515708,2671.2524,0.0,0.0,0.0,307161,0.15613392,7407952.5,0.019951882,301630.44,147802.59414160502
Geo8,2023-02-13,1273579,880565,26929,1506231,-0.5923575,0.74611634,9338.802,8489.731,200.10736,11737.818,737660,0.87555844,8245176.0,0.020009832,301630.44,164984.586570432
Geo8,2023-02-20,1153536,300905,0,819619,-0.324226,-1.7664824,8458.56,2901.0947,0.0,6387.16,126637,1.638836,6577034.5,0.020002758,301630.44,131558.829461151
Geo8,2023-02-27,1089290,470576,188793,891551,-1.3835151,0.813247,7987.462,4536.932,1402.9065,6947.7144,644637,0.6296551,9193308.0,0.01987343,301630.44,182702.56300644
Geo8,2023-03-06,422122,21299,0,1188303,1.2265033,-0.76213646,3095.3037,205.34859,0.0,9260.256,0,0.0,3365606.5,0.020124437,301630.44,67730.93597604049
Geo8,2023-03-13,193347,556426,0,1111829,-0.946447,-0.10108203,1417.76,5364.632,0.0,8664.306,65800,0.0,6627713.0,0.020016393,301630.44,132662.90809920902
Geo8,2023-03-20,0,0,0,602312,-1.546912,-2.3510454,0.0,0.0,0.0,4693.7217,0,0.0,7555413.0,0.019932976,301630.44,150601.865999088
Geo8,2023-03-27,1021164,293513,0,1238254,-0.8161066,-0.07884334,7487.913,2829.8267,0.0,9649.516,0,0.0,7499710.0,0.020005932,301630.44,150038.68827972
Geo8,2023-04-03,1118552,441231,0,1092969,-1.4200385,0.387024,8202.032,4254.01,0.0,8517.333,217627,0.8245555,8187497.0,0.020201763,301630.44,165401.873957211
Geo8,2023-04-10,725117,879062,0,1183421,0.7528831,-0.6284242,5317.082,8475.24,0.0,9222.211,218234,0.9125091,7104747.5,0.01994576,301630.44,141709.5884956
Geo8,2023-04-17,144168,148350,0,505761,-2.0213795,-0.5512869,1057.144,1430.2767,0.0,3941.3147,0,0.0,6346797.5,0.020030992,301630.44,127132.64994812
Geo8,2023-04-24,55236,0,0,6499,-3.5100768,0.06161362,405.03027,0.0,0.0,50.64567,0,0.0,9586780.0,0.019894231,301630.44,190721.61586618
Geo8,2023-05-01,219906,0,0,1038319,-0.30903566,-0.29838818,1612.5099,0.0,0.0,8091.4546,327742,1.0583217,8552154.0,0.020132234,301630.44,172173.965532036
Geo8,2023-05-08,355136,78932,0,657214,-1.9099299,-0.9633135,2604.114,761.0017,0.0,5121.564,373148,0.14523798,6144664.5,0.0200704,301630.44,123325.87438079999
Geo8,2023-05-15,106993,170394,0,314562,-2.555582,-0.1421223,784.55005,1642.808,0.0,2451.3315,0,0.0,8321398.0,0.01999969,301630.44,166425.38036662
Geo8,2023-05-22,664493,357782,471616,1426501,-0.17044595,0.16264738,4872.543,3449.459,3504.5427,11116.495,217931,1.5820166,3913557.2,0.020007415,301630.44,78300.16302663801
Geo8,2023-05-29,83972,0,0,477003,-0.30915445,-0.016126692,615.7434,0.0,0.0,3717.2083,286099,0.8980713,7767546.5,0.020044966,301630.44,155700.205495919
Geo8,2023-06-05,603241,526047,0,1586281,0.07496625,-0.09763883,4423.399,5071.741,0.0,12361.635,956609,1.5115683,6202006.0,0.019922787,301630.44,123561.24451072201
Geo8,2023-06-12,80445,0,0,325410,-0.95383155,-0.9217833,589.8809,0.0,0.0,2535.8682,0,0.21422592,4542857.5,0.019977419,301630.44,90754.5677347925
Geo8,2023-06-19,0,0,0,881625,2.0891743,-4.0132847,0.0,0.0,0.0,6870.363,0,0.0,2161286.5,0.019878225,301630.44,42962.5393364625
Geo8,2023-06-26,385576,257713,0,705009,1.2197154,-1.3514634,2827.322,2484.6707,0.0,5494.0225,4737,0.9875629,3492132.5,0.020145372,301630.44,70350.30828579
Geo8,2023-07-03,593429,0,0,25363,-1.958401,-1.8793049,4351.4507,0.0,0.0,197.64981,0,0.0,5181973.0,0.019971145,301630.44,103489.934169085
Geo8,2023-07-10,571170,0,0,1121720,-0.035961807,-0.00866884,4188.2314,0.0,0.0,8741.385,461738,0.8390509,5655394.0,0.020097665,301630.44,113660.21405501
Geo8,2023-07-17,340645,0,0,281970,-1.5960574,-1.5384963,2497.8555,0.0,0.0,2197.3472,0,0.0,8803074.0,0.019908339,301630.44,175254.581434086
Geo8,2023-07-24,392835,122825,429093,606811,0.026468799,1.1725777,2880.5503,1184.1842,3188.5579,4728.7817,916677,0.34860504,7056583.0,0.020105409,301630.44,141875.487357447
Geo8,2023-07-31,23190,0,0,0,-0.5183567,-1.8978982,170.04584,0.0,0.0,0.0,0,0.0,7021790.0,0.020018889,301630.44,140568.43459131
Geo8,2023-08-07,468101,0,0,407909,-0.58141685,-1.464427,3432.455,0.0,0.0,3178.7698,457974,1.2735827,6682033.0,0.020030681,301630.44,133845.67145447302
Geo8,2023-08-14,0,33953,0,592361,-1.3356601,-1.7203677,0.0,327.34872,0.0,4616.175,0,0.0,6545414.5,0.020080883,301630.44,131437.70276100351
Geo8,2023-08-21,613432,0,0,481208,-0.31944394,0.23079209,4498.127,0.0,0.0,3749.9773,360002,0.0,7140777.0,0.020067517,301630.44,143297.663840709
Geo8,2023-08-28,398308,0,85039,830350,0.33375567,-1.6112664,2920.6821,0.0,631.9184,6470.785,0,0.0,3414751.0,0.020043235,301630.44,68442.65675948499
Geo8,2023-09-04,371783,163430,0,1725958,1.500767,-1.2685529,2726.1816,1575.6665,0.0,13450.115,1061517,0.5077181,4035361.2,0.019972228,301630.44,80595.1539487536
Geo8,2023-09-11,0,0,0,705092,1.0660517,-1.8033168,0.0,0.0,0.0,5494.6694,0,0.0,4806500.0,0.02003588,301630.44,96302.45722
Geo8,2023-09-18,0,117708,0,781321,1.3119588,-2.004324,0.0,1134.8501,0.0,6088.71,0,0.0,4560184.5,0.020076398,301630.44,91552.078975431
Geo8,2023-09-25,448186,159818,0,976074,1.369639,0.41474128,3286.4238,1540.8424,0.0,7606.389,0,0.0,6294346.5,0.019900633,301630.44,125261.4796713345
Geo8,2023-10-02,791533,696925,628058,1656253,0.5559329,1.2416977,5804.0923,6719.2153,4667.0513,12906.915,602550,0.0,7873732.0,0.019958459,301630.44,157147.55729898802
Geo8,2023-10-09,138904,276548,65051,1125495,0.8560965,-1.0222476,1018.54456,2666.2632,483.38907,8770.803,416500,0.0,2701018.0,0.020137636,301630.44,54392.117313448
Geo8,2023-10-16,297942,0,0,1461574,-0.039548814,1.9489651,2184.7263,0.0,0.0,11389.813,971310,0.0,5837212.0,0.019978836,301630.44,116620.701245232
Geo8,2023-10-23,1110377,0,99476,1481933,0.413772,0.7624674,8142.087,0.0,739.1986,11548.467,564118,1.2451408,3393573.8,0.020075766,301630.44,68128.59351253079
Geo8,2023-10-30,0,0,0,344716,0.64044195,-1.9847553,0.0,0.0,0.0,2686.3167,117826,0.0,9217415.0,0.019944943,301630.44,183840.816782345
Geo8,2023-11-06,1410947,157325,860643,1556182,1.3874784,1.268009,10346.084,1516.8068,6395.373,12127.078,757489,1.9670777,6690516.5,0.020006316,301630.44,133852.587302214
Geo8,2023-11-13,444209,134783,10823,915348,-0.39432657,0.8516473,3257.2615,1299.4741,80.4249,7133.161,375250,0.042678535,6927145.0,0.020146498,301630.44,139557.71288821
Geo8,2023-11-20,0,543464,513961,1294956,0.3700928,0.851704,0.0,5239.6626,3819.2053,10091.386,0,0.14089203,9374098.0,0.019906882,301630.44,186609.062742436
Geo8,2023-11-27,1048722,268456,121153,1413303,1.2037983,-0.17982537,7689.988,2588.2466,900.2788,11013.645,303459,0.8842262,1908921.4,0.0200028,301630.44,38183.77297992
Geo8,2023-12-04,1018766,23099,0,244266,-0.7634245,-1.6378134,7470.329,222.70282,0.0,1903.526,466454,1.045166,4907609.5,0.020273142,301630.44,99492.664274049
Geo8,2023-12-11,0,0,0,689110,-1.774925,-1.7480763,0.0,0.0,0.0,5370.1245,0,1.4192688,6273105.5,0.020041121,301630.44,125720.0663712655
Geo8,2023-12-18,602383,400165,0,1151020,-0.61921376,0.06186074,4417.108,3858.0835,0.0,8969.715,0,1.1032908,3333924.5,0.020013073,301630.44,66722.07439498849
Geo8,2023-12-25,906184,589527,1252396,2372548,2.578325,0.97131366,6644.7964,5683.7666,9306.46,18488.889,401381,0.80569035,4848300.0,0.019892223,301630.44,96443.4647709
Geo8,2024-01-01,453929,0,77574,1725729,0.574112,0.17051467,3328.5356,0.0,576.4465,13448.331,1046102,0.72306824,5451277.5,0.020025313,301630.44,109163.5381873575
Geo8,2024-01-08,0,767073,0,1007920,-1.5886332,0.20004302,0.0,7395.5283,0.0,7854.56,398969,0.0,6433966.5,0.019917004,301630.44,128145.33651636599
Geo8,2024-01-15,264803,461691,0,1774890,0.59654343,0.72766566,1941.7272,4451.27,0.0,13831.435,377178,0.0,5571634.5,0.020110138,301630.44,112046.33868056099
Geo9,2021-01-25,376705,132639,0,1509916,-0.9759401,0.3185988,2762.2734,1278.8032,0.0,11766.535,1144514,0.0,9952539.0,0.019942397,513695.22,198477.483895983
Geo9,2021-02-01,756601,287772,605244,3098689,1.515282,0.44702193,5547.9453,2774.4766,4497.5225,24147.59,517228,0.0,9143526.0,0.019980965,513695.22,182696.47298259
Geo9,2021-02-08,866731,99125,0,2223630,-0.20587486,-0.4518236,6355.4985,955.6871,0.0,17328.395,0,0.0,18018834.0,0.019990543,513695.22,360206.275886862
Geo9,2021-02-15,113318,0,0,697968,-2.7947493,-2.1987576,830.9295,0.0,0.0,5439.1533,0,0.0,16915318.0,0.019930478,513695.22,337130.37326200405
Geo9,2021-02-22,713135,975358,643061,2092420,0.5554521,0.120708436,5229.2217,9403.652,4778.5376,16305.895,85213,0.0,2930177.8,0.019935317,513695.22,58414.0233093626
Geo9,2021-03-01,411727,714598,0,1970717,0.16155517,-1.2487246,3019.08,6889.605,0.0,15357.483,821367,1.0056525,8530693.0,0.0200097,513695.22,170696.6077221
Geo9,2021-03-08,848138,0,0,833459,-1.6674902,-0.11244258,6219.161,0.0,0.0,6495.013,140534,0.0,12357725.0,0.019842878,513695.22,245212.82953255
Geo9,2021-03-15,1104794,35653,0,922402,-0.004911006,0.05234626,8101.1484,343.7388,0.0,7188.1313,0,0.0,9005776.0,0.020061582,513695.22,180670.113697632
Geo9,2021-03-22,1665832,1395684,0,1115080,0.70958674,-0.87713724,12215.085,13456.113,0.0,8689.641,1065870,1.2051729,10460600.0,0.020083634,513695.22,210086.8618204
Geo9,2021-03-29,2020064,600118,0,564699,-2.15899,0.26053926,14812.57,5785.8765,0.0,4400.609,1094006,0.6911526,11177712.0,0.020033315,513695.22,223926.62547528
Geo9,2021-04-05,0,0,120488,656704,-0.34474003,-0.54133,0.0,0.0,895.3373,5117.5894,0,0.0,13816270.0,0.020097693,513695.22,277675.15286511
Geo9,2021-04-12,0,557581,0,1355218,-0.4258856,0.44379836,0.0,5375.7676,0.0,10560.998,74122,0.0,8030427.5,0.020080328,513695.22,161253.61818022002
Geo9,2021-04-19,1550012,347908,0,1517266,-1.1004292,1.5917829,11365.809,3354.2615,0.0,11823.812,0,0.0,10664412.0,0.01979872,513695.22,211141.70715263998
Geo9,2021-04-26,21968,840598,0,1016598,-0.693693,0.16664553,161.08527,8104.4,0.0,7922.186,591770,0.20947589,14345691.0,0.019819321,513695.22,284321.854895811
Geo9,2021-05-03,614191,328964,0,2028469,1.3049239,-0.6074867,4503.6924,3171.618,0.0,15807.535,675936,0.0,10992589.0,0.020006336,513695.22,219921.429043904
Geo9,2021-05-10,0,394506,0,923927,-0.52939963,-1.7135385,0.0,3803.5237,0.0,7200.0156,0,0.0,13909649.0,0.019965151,513695.22,277708.242641999
Geo9,2021-05-17,1095561,548202,0,2142254,-1.2678298,0.127631,8033.4453,5285.3423,0.0,16694.244,755473,2.1905537,18130752.0,0.01995452,513695.22,361790.45339904
Geo9,2021-05-24,442152,0,0,835623,-1.7160527,-0.001677483,3242.1782,0.0,0.0,6511.8765,0,0.0,12099259.0,0.02003105,513695.22,242360.86199195002
Geo9,2021-05-31,1040059,102602,0,1614126,-1.4860966,-0.1333574,7626.4644,989.2096,0.0,12578.626,459364,0.0,10584039.0,0.019958606,513695.22,211242.664289634
Geo9,2021-06-07,1251022,764041,0,1340330,0.9075486,-0.074614584,9173.398,7366.296,0.0,10444.978,739374,0.5772785,12525307.0,0.019867664,513695.22,248848.590972848
Geo9,2021-06-14,1468065,1203413,620566,2968432,1.782903,0.9520902,10764.914,11602.383,4611.379,23132.518,1382364,0.0,4270343.5,0.020112075,513695.22,85885.4687477625
Geo9,2021-06-21,371374,254671,0,1252249,-0.06366235,-2.0644844,2723.1829,2455.342,0.0,9758.577,0,1.1834596,15447194.0,0.019863892,513695.22,306841.393319048
Geo9,2021-06-28,1248900,0,0,2248157,1.9165423,-1.550294,9157.838,0.0,0.0,17519.527,199168,0.97484076,8984424.0,0.020112677,513695.22,180700.817943048
Geo9,2021-07-05,0,0,0,2503192,-0.63414365,0.2117855,0.0,0.0,0.0,19506.977,340982,0.6068878,15322531.0,0.020093445,513695.22,307882.433909295
Geo9,2021-07-12,0,0,0,784289,-0.38858172,-0.99244285,0.0,0.0,0.0,6111.839,301127,0.0,12129313.0,0.019933982,513695.22,241785.50701436598
Geo9,2021-07-19,946332,1168560,0,2213736,-0.14063886,0.55819595,6939.1904,11266.358,0.0,17251.293,0,0.0,15575667.0,0.019971129,513695.22,311063.654918043
Geo9,2021-07-26,451649,1864124,0,1462508,-0.9264686,0.79127204,3311.817,17972.451,0.0,11397.092,0,0.0,13510202.0,0.019972287,513695.22,269829.631771974
Geo9,2021-08-02,1171296,854829,1141730,1297502,0.21456122,0.929748,8588.789,8241.6045,8484.109,10111.226,1272806,0.0,10958912.0,0.02004224,513695.22,219641.14444288
Geo9,2021-08-09,1398483,401424,2476872,4358900,2.8999581,3.0786805,10254.689,3870.2217,18405.447,33968.21,1062547,0.4886561,5605751.0,0.020072607,513695.22,112522.036762857
Geo9,2021-08-16,863351,0,0,1562919,6.13e-05,-0.2255441,6330.714,0.0,0.0,12179.578,497679,0.0,11520620.0,0.019894825,513695.22,229200.71879150002
Geo9,2021-08-23,813869,1112554,0,2058116,0.30078006,-0.7443869,5967.876,10726.391,0.0,16038.57,178324,0.9295845,11113217.0,0.020008305,513695.22,222356.63526718502
Geo9,2021-08-30,2221135,885442,1494446,3703356,2.3201807,1.4154291,16286.968,8536.751,11105.115,28859.662,1369650,1.2881627,7390115.5,0.020032857,513695.22,148045.12702498352
Geo9,2021-09-06,0,293059,0,701832,-1.1652596,-1.6419551,0.0,2825.4497,0.0,5469.265,360859,0.0,13110616.0,0.019998802,513695.22,262196.613482032
Geo9,2021-09-13,101351,648767,0,3144017,-1.431877,0.1242066,743.17883,6254.913,0.0,24500.822,0,0.0,11928416.0,0.020018293,513695.22,238786.526513888
Geo9,2021-09-20,0,1256745,0,596520,-0.70799685,-0.4808355,0.0,12116.57,0.0,4648.585,310039,0.0,12675500.0,0.019983869,513695.22,253305.53150950003
Geo9,2021-09-27,30586,1671030,0,1443425,-1.898259,1.2318257,224.27867,16110.787,0.0,11248.381,0,0.48489487,15708066.0,0.020035459,513695.22,314718.312312294
Geo9,2021-10-04,1001863,625582,0,1865449,0.67906266,0.3437221,7346.384,6031.381,0.0,14537.146,908806,0.0,7983259.0,0.020021267,513695.22,159834.959969153
Geo9,2021-10-11,1337204,1974000,658392,2152976,0.502878,0.8277754,9805.347,19031.793,4892.461,16777.799,2353917,0.73769504,8427412.0,0.019872874,513695.22,167476.896822088
Geo9,2021-10-18,1177356,1095946,814356,2187550,1.3430192,0.7185063,8633.226,10566.269,6051.418,17047.229,1020172,1.0866752,6612326.0,0.020045178,513695.22,132545.251664028
Geo9,2021-10-25,276512,555315,0,845386,-1.2276812,0.52979594,2027.586,5353.9204,0.0,6587.958,243818,0.016456414,15511194.0,0.019928757,513695.22,309118.81600585795
Geo9,2021-11-01,2402024,163827,452235,2773502,0.3477893,2.3800943,17613.377,1579.494,3360.524,21613.457,958102,0.0,3739107.8,0.020027664,513695.22,74885.5946781792
Geo9,2021-11-08,242750,0,0,928889,-1.5645618,-1.1355016,1780.0186,0.0,0.0,7238.684,197875,0.83616686,18853796.0,0.0198863,513695.22,374932.2433948
Geo9,2021-11-15,26763,425600,0,1640266,-0.77517366,-0.76120067,196.24567,4103.308,0.0,12782.331,0,0.0,14381644.0,0.020061415,513695.22,288516.12866626
Geo9,2021-11-22,1553101,458126,750782,4027111,1.9043771,0.18784094,11388.46,4416.899,5579.0044,31382.635,1772535,3.1150794,12007677.0,0.020084767,513695.22,241171.394756259
Geo9,2021-11-29,856800,140390,0,1325367,-0.5384327,-0.124194846,6282.677,1353.5325,0.0,10328.374,134683,0.79244494,14924261.0,0.019991325,513695.22,298355.752035825
Geo9,2021-12-06,765047,392425,643475,345608,1.6467357,-0.13385317,5609.878,3783.4602,4781.614,2693.268,792750,0.5146679,12841234.0,0.020034654,513695.22,257269.680123036
Geo9,2021-12-13,513067,0,0,1930132,0.23509458,0.2107228,3762.1782,0.0,0.0,15041.211,0,1.0611782,15546616.0,0.01986446,513695.22,308825.13166736
Geo9,2021-12-20,1776107,873534,0,1741949,-0.11195871,-0.069387585,13023.701,8421.944,0.0,13574.731,0,0.0,8869010.0,0.020032294,513695.22,177666.61580894
Geo9,2021-12-27,1446168,0,517744,2175733,-1.484651,-0.6035903,10604.35,0.0,3847.3164,16955.14,701802,3.0491989,16459787.0,0.019979829,513695.22,328863.729636423
Geo9,2022-01-03,1047630,1937338,900053,2745659,2.0035648,1.1810385,7681.9805,18678.324,6688.226,21396.482,249096,0.41391683,13541618.0,0.01971786,513695.22,267011.72789748
Geo9,2022-01-10,1489650,308515,0,1016051,-1.6754007,-0.067133114,10923.191,2974.4646,0.0,7917.9233,0,0.0,14858859.0,0.020091122,513695.22,298531.14894979796
Geo9,2022-01-17,347477,0,0,733869,-0.83322984,-1.0307201,2547.9526,0.0,0.0,5718.924,0,0.039050076,7737518.5,0.019975016,513695.22,154557.055837796
Geo9,2022-01-24,0,125222,0,2255832,-0.106454015,-0.34454554,0.0,1207.2942,0.0,17579.338,0,0.0,12309834.0,0.019932618,513695.22,245367.218765412
Geo9,2022-01-31,1261176,374891,0,1575490,-0.4053741,0.5099179,9247.854,3614.411,0.0,12277.542,25599,0.0,9640754.0,0.020053376,513695.22,193329.66488550403
Geo9,2022-02-07,402049,1261414,0,1115905,0.3298216,-1.5611286,2948.114,12161.584,0.0,8696.07,83755,0.8915764,12241674.0,0.020249909,513695.22,247892.784507666
Geo9,2022-02-14,972335,581197,0,1424011,-0.91719055,0.7509634,7129.8633,5603.455,0.0,11097.091,116560,0.0,12282211.0,0.020133842,513695.22,247288.095684662
Geo9,2022-02-21,882144,0,0,2846162,0.41902325,-0.8700265,6468.5176,0.0,0.0,22179.686,407386,0.8202895,9207657.0,0.019980723,513695.22,183975.643996011
Geo9,2022-02-28,1162243,1330399,0,1593057,-0.5117364,0.42358917,8522.406,12826.685,0.0,12414.439,1514860,0.0,12895274.0,0.020156898,513695.22,259928.722700052
Geo9,2022-03-07,777193,0,0,968086,0.054688096,-0.94703424,5698.941,0.0,0.0,7544.14,734051,0.0,12464881.0,0.02014357,513695.22,251087.20296517
Geo9,2022-03-14,373008,308865,0,73775,-0.3328535,-1.7403228,2735.1646,2977.839,0.0,574.9168,0,0.0,12967069.0,0.019990921,513695.22,259223.65198054898
Geo9,2022-03-21,311488,0,0,1060230,-0.6677506,-0.2298229,2284.0552,0.0,0.0,8262.203,131571,0.0,16156072.0,0.01998149,513695.22,322822.39110728004
Geo9,2022-03-28,0,0,0,0,-0.96798396,-2.4521375,0.0,0.0,0.0,0.0,0,0.0,15797782.0,0.019913727,513695.22,314592.71795351396
Geo9,2022-04-04,105450,0,0,1106164,-0.9664297,0.65968144,773.2356,0.0,0.0,8620.16,622896,0.0,8633498.0,0.020012284,513695.22,172776.013889432
Geo9,2022-04-11,824773,83589,0,854383,-0.8977728,1.2157695,6047.832,805.9009,0.0,6658.0703,813812,0.8230959,6092836.0,0.020006875,513695.22,121898.6082475
Geo9,2022-04-18,100020,0,0,594072,-0.5255964,-2.257286,733.41895,0.0,0.0,4629.5083,0,0.0,6480816.5,0.020099517,513695.22,130261.28141563051
Geo9,2022-04-25,282406,229967,0,0,-1.159265,-2.9132059,2070.805,2217.165,0.0,0.0,0,0.0,12861471.0,0.02016894,513695.22,259402.23691074
Geo9,2022-05-02,517544,0,0,617170,-1.1971731,-2.4023614,3795.0068,0.0,0.0,4809.5073,0,0.0,11309273.0,0.020084022,513695.22,227135.687736006
Geo9,2022-05-09,1039965,624269,0,2038564,1.2589519,0.51175225,7625.7754,6018.722,0.0,15886.204,90855,0.0,9063789.0,0.02015174,513695.22,182651.11934286
Geo9,2022-05-16,1438777,161832,0,1036626,-1.6203489,0.47513255,10550.153,1560.2598,0.0,8078.261,1290837,1.8405473,12199428.0,0.02008437,513695.22,245017.82574036001
Geo9,2022-05-23,1251482,734574,0,522662,-0.98575985,1.0898827,9176.771,7082.198,0.0,4073.0215,727848,0.0,10827161.0,0.019926736,513695.22,215749.978876496
Geo9,2022-05-30,0,0,0,2736781,0.85881895,-0.15757889,0.0,0.0,0.0,21327.299,0,0.0,8916900.0,0.020150691,513695.22,179681.69657789997
Geo9,2022-06-06,970814,0,0,1690969,-0.04755181,-2.7399156,7118.7104,0.0,0.0,13177.452,0,0.5913825,10925312.0,0.019959863,513695.22,218067.730752256
Geo9,2022-06-13,920994,0,0,1275674,-1.471823,-0.71832454,6753.394,0.0,0.0,9941.124,516105,0.0,12942829.0,0.020028481,513695.22,259225.20471274902
Geo9,2022-06-20,45010,0,0,1592287,-0.46539643,-1.0771577,330.04587,0.0,0.0,12408.439,995744,1.259671,17633558.0,0.020126596,513695.22,354903.497908568
Geo9,2022-06-27,1401480,0,0,1676888,-1.0705426,-0.8317949,10276.665,0.0,0.0,13067.721,605848,0.9363556,14216728.0,0.019928465,513695.22,283317.56636252
Geo9,2022-07-04,1211978,0,0,1286972,-0.07381271,-1.8902427,8887.099,0.0,0.0,10029.167,0,0.57214576,13300587.0,0.019981824,513695.22,265769.988530688
Geo9,2022-07-11,921700,0,0,1319298,-1.7618916,0.22626688,6758.571,0.0,0.0,10281.079,63539,0.080795825,15419041.0,0.020010268,513695.22,308539.142712988
Geo9,2022-07-18,909184,542675,1055560,1859047,0.41874814,-0.34716654,6666.7944,5232.0557,7843.7866,14487.257,0,0.0,7833362.0,0.020253573,513695.22,158653.569102426
Geo9,2022-07-25,564444,0,0,1386155,-2.5487146,-0.0762037,4138.9116,0.0,0.0,10802.085,0,1.0763085,15253970.0,0.019877827,513695.22,303215.77672319004
Geo9,2022-08-01,835191,894243,0,3572581,0.32800746,1.2665321,6124.2246,8621.604,0.0,27840.555,657460,0.5271939,14728182.0,0.020067243,513695.22,295554.007142226
Geo9,2022-08-08,721510,72970,284487,2081746,1.5957844,0.27992824,5290.633,703.5207,2114.0015,16222.714,0,0.0,12025742.0,0.019752055,513695.22,237533.11739981
Geo9,2022-08-15,0,312648,0,1029561,-0.7006419,-1.5216095,0.0,3014.3118,0.0,8023.2046,0,0.0,10473771.0,0.019957634,513695.22,209031.688217814
Geo9,2022-08-22,2172072,1109885,485760,2201844,0.4054891,0.9293791,15927.203,10700.658,3609.6458,17158.62,869620,1.1686652,16081390.0,0.019930406,513695.22,320508.63174434
Geo9,2022-08-29,618393,1270288,0,1734648,0.6467682,0.20690623,4534.5044,12247.141,0.0,13517.835,0,0.0,13582458.0,0.020035539,513695.22,272131.866974862
Geo9,2022-09-05,1783394,1368557,0,3906097,0.6572778,0.36013395,13077.134,13194.575,0.0,30439.59,1568670,1.6352376,12828477.0,0.019948104,513695.22,255903.79335760802
Geo9,2022-09-12,78945,116307,0,1226266,-0.65613276,-0.9309673,578.88184,1121.3428,0.0,9556.095,305638,0.0,12640844.0,0.019989926,513695.22,252689.53613754403
Geo9,2022-09-19,589132,1724127,126455,2459167,0.5518637,0.28779197,4319.942,16622.707,939.67755,19163.896,1221407,1.3137581,15056537.0,0.020127574,513695.22,303051.562651238
Geo9,2022-09-26,1895011,1584385,1139767,3710415,2.5004778,-0.79022396,13895.591,15275.423,8469.522,28914.672,450364,3.3358676,14702332.0,0.019836482,513695.22,291642.544076024
Geo9,2022-10-03,619820,1093326,910695,2891557,0.89295113,2.040172,4544.9683,10541.009,6767.3057,22533.441,1498631,0.2335157,11364869.0,0.02000043,513695.22,227302.26689367
Geo9,2022-10-10,1241949,140721,919419,1867498,1.9498683,0.5083545,9106.868,1356.7238,6832.133,14553.114,0,0.012224376,12672953.0,0.019923145,513695.22,252485.080197185
Geo9,2022-10-17,252627,203212,1052066,2178436,2.007863,0.30500403,1852.4438,1959.214,7817.823,16976.203,37530,0.0,8265268.0,0.019985124,513695.22,165182.405873232
Geo9,2022-10-24,0,965176,0,1051412,-2.309925,0.54464936,0.0,9305.485,0.0,8193.486,415026,0.8030889,14733369.0,0.020115213,513695.22,296364.855642597
Geo9,2022-10-31,940576,771452,774743,1991941,0.5681506,1.0519743,6896.9834,7437.7476,5757.0566,15522.878,0,0.0,6876514.0,0.019838165,513695.22,136417.41935681002
Geo9,2022-11-07,616347,723040,0,2613355,0.7902854,0.6358717,4519.502,6970.996,0.0,20365.457,923097,1.3777877,10630277.0,0.019865848,513695.22,211179.46707989599
Geo9,2022-11-14,1944812,555322,1072446,3130990,2.17731,0.71814185,14260.768,5353.988,7969.265,24399.307,1164594,1.2098811,8738403.0,0.019924197,513695.22,174105.66283739102
Geo9,2022-11-21,1668080,1289275,0,2688612,0.42984778,-0.5641279,12231.569,12430.199,0.0,20951.924,636594,1.3973556,11020358.0,0.01988722,513695.22,219164.28402476
Geo9,2022-11-28,2195224,875539,323872,2851846,0.32899573,2.3405385,16096.97,8441.274,2406.6682,22223.98,218547,0.4373381,11041594.0,0.020106453,513695.22,222007.290806082
Geo9,2022-12-05,485559,675126,2062,2995750,-0.9135074,1.2554932,3560.4697,6509.046,15.322566,23345.402,0,0.0,18736194.0,0.019865239,513695.22,372198.971760366
Geo9,2022-12-12,0,683788,0,1365528,-0.7127478,0.6401448,0.0,6592.5586,0.0,10641.342,722283,0.0,9982261.0,0.020142887,513695.22,201071.55532750703
Geo9,2022-12-19,0,982741,0,1520747,0.19549587,-1.8766966,0.0,9474.834,0.0,11850.939,0,0.0,13331359.0,0.019906536,513695.22,265381.177862424
Geo9,2022-12-26,0,396730,0,0,-0.23942244,-2.1421292,0.0,3824.9658,0.0,0.0,0,0.0,19517282.0,0.020007309,513695.22,390488.291814138
Geo9,2023-01-02,1542516,1501754,1170392,3213326,1.4483118,1.4297595,11310.843,14478.758,8697.094,25040.936,440941,0.113850355,6935800.5,0.020125458,513695.22,139586.161659129
Geo9,2023-01-09,152608,460991,0,1278752,-0.48245588,-0.5040847,1119.0322,4444.521,0.0,9965.11,0,0.0,13216957.0,0.020171203,513695.22,266601.922689271
Geo9,2023-01-16,86933,964382,283822,1464700,2.2389815,-0.48392028,637.4556,9297.83,2109.0598,11414.173,451764,0.12154007,5989683.0,0.019969529,513695.22,119611.148369307
Geo9,2023-01-23,620732,0,0,2286635,0.53396654,0.003639638,4551.656,0.0,0.0,17819.383,0,0.0,3984488.8,0.019898744,513695.22,79286.3226020672
Geo9,2023-01-30,1102032,0,82916,2317692,1.9807556,-1.3611621,8080.8955,0.0,616.1425,18061.404,0,0.23063052,10522108.0,0.0201005,513695.22,211499.631854
Geo9,2023-02-06,1555147,907530,0,2122265,-2.28265,0.82836914,11403.462,8749.707,0.0,16538.473,1106566,1.2592828,20113772.0,0.020138722,513695.22,405065.662679384
Geo9,2023-02-13,1413787,1716309,0,548982,-1.2044268,0.6678431,10366.909,16547.332,0.0,4278.129,0,0.0,17924606.0,0.019940654,513695.22,357428.366332324
Geo9,2023-02-20,685056,0,0,1732300,0.36043373,-1.6441445,5023.326,0.0,0.0,13499.538,0,0.0,14605475.0,0.019923901,513695.22,290998.037957975
Geo9,2023-02-27,0,510288,0,529715,-1.4978529,-0.35692734,0.0,4919.805,0.0,4127.9844,0,0.13935745,15270583.0,0.020012984,513695.22,305609.933249672
Geo9,2023-03-06,722153,15836,0,1749827,0.5563996,0.7613834,5295.348,152.67854,0.0,13636.123,1082788,0.0,9882936.0,0.020013051,513695.22,197787.702197736
Geo9,2023-03-13,1414065,91790,0,460460,-1.1059424,-2.2856884,10368.947,884.9686,0.0,3588.2913,0,0.0,11449781.0,0.019980427,513695.22,228771.51343648697
Geo9,2023-03-20,0,0,0,0,-0.8062338,-1.6244195,0.0,0.0,0.0,0.0,0,0.023952544,16953098.0,0.020047922,513695.22,339874.38636235596
Geo9,2023-03-27,0,1003487,0,1655927,1.2342495,-0.39594874,0.0,9674.851,0.0,12904.375,0,0.0,7295900.0,0.02015336,513695.22,147036.899224
Geo9,2023-04-03,1804082,1024651,0,1169317,-1.2839043,-0.13058677,13228.834,9878.898,0.0,9112.301,0,0.33449194,13630703.0,0.019940538,513695.22,271803.551138214
Geo9,2023-04-10,275399,662015,543950,1661389,-0.5279722,-0.2890924,2019.4247,6382.64,4042.0513,12946.939,828448,1.4859377,14905745.0,0.020029627,513695.22,298556.512507115
Geo9,2023-04-17,474239,0,0,1808813,-1.7808656,0.10963935,3477.4631,0.0,0.0,14095.791,0,0.0,13751007.0,0.019934848,513695.22,274124.23439193604
Geo9,2023-04-24,24774,816556,0,389326,-0.6879944,-1.6153109,181.66089,7872.6055,0.0,3033.9556,0,0.0,13008855.0,0.020038387,513695.22,260676.470916885
Geo9,2023-05-01,188048,0,1197111,2666228,1.3224297,0.86198634,1378.9039,0.0,8895.641,20777.49,0,0.089601494,9572738.0,0.019981742,513695.22,191279.980949596
Geo9,2023-05-08,1376438,484954,0,609361,-1.8268911,-1.2907653,10093.039,4675.554,0.0,4748.653,0,0.0,15476078.0,0.020121442,513695.22,311401.00586447597
Geo9,2023-05-15,1252252,0,0,277750,-3.0690584,-0.5237191,9182.417,0.0,0.0,2164.4614,109920,0.0,14729311.0,0.02003112,513695.22,295044.59615831997
Geo9,2023-05-22,1759483,0,0,594905,-1.1559358,-0.95963764,12901.802,0.0,0.0,4636.0,0,1.3527248,12848736.0,0.019865643,513695.22,255248.40237724798
Geo9,2023-05-29,129499,519565,0,777962,-0.3756743,-2.071159,949.5803,5009.2466,0.0,6062.534,0,0.48107442,11155315.0,0.020042298,513695.22,223578.14751387
Geo9,2023-06-05,1295361,848467,809013,2073456,0.9395256,-1.5376934,9498.524,8180.267,6011.7144,16158.112,963214,2.2144966,13050816.0,0.0200177,513695.22,261247.3194432
Geo9,2023-06-12,1841554,750248,291344,1281423,-0.32094026,1.2197899,13503.606,7233.3145,2164.9553,9985.925,0,0.0,9784585.0,0.020183386,513695.22,197486.05590481
Geo9,2023-06-19,625696,81859,0,1812685,-0.6635072,-0.33558357,4588.0557,789.22156,0.0,14125.965,0,0.0,17746560.0,0.020094631,513695.22,356610.57471936004
Geo9,2023-06-26,1673500,373172,1348996,2490856,1.8918886,-0.07947427,12271.312,3597.8376,10024.287,19410.844,488747,0.060948938,9672774.0,0.020056192,513695.22,193999.012516608
Geo9,2023-07-03,649945,496813,88079,1006138,-0.14757733,0.01704675,4765.8667,4789.889,654.50836,7840.673,0,0.0,9795582.0,0.020040775,513695.22,196311.05485605
Geo9,2023-07-10,48264,0,0,2476789,-0.91857564,1.5698727,353.90656,0.0,0.0,19301.223,86722,0.69412327,14191210.0,0.020091081,513695.22,285116.74959801
Geo9,2023-07-17,972158,0,0,2199506,-0.38537705,-1.1346713,7128.5654,0.0,0.0,17140.4,0,0.5598321,19422304.0,0.02018869,513695.22,392110.87454175996
Geo9,2023-07-24,250787,610857,577449,1614082,0.55967677,0.8728428,1838.9517,5889.414,4290.98,12578.284,1231114,0.0,14891319.0,0.020056285,513695.22,298664.537889915
Geo9,2023-07-31,750064,125728,0,2268656,0.4618257,0.37569934,5500.0117,1212.1727,0.0,17679.273,0,0.8620245,8923565.0,0.020054609,513695.22,178958.606961085
Geo9,2023-08-07,2299955,1127368,1985666,3750659,1.0244848,2.4416444,16864.934,10869.216,14755.334,29228.287,2031092,0.0,13603948.0,0.020019336,513695.22,272342.005938528
Geo9,2023-08-14,1671153,0,0,839806,-1.4890916,-0.40006992,12254.102,0.0,0.0,6544.474,393342,2.1339266,11282002.0,0.019946476,513695.22,225036.182124952
Geo9,2023-08-21,854753,470430,18422,1800674,2.201062,-1.1438727,6267.667,4535.5244,136.89249,14032.365,484001,0.0,9320978.0,0.01986571,513695.22,185167.84586438
Geo9,2023-08-28,886693,788178,637047,2055885,-0.38210756,-0.3373478,6501.8745,7599.0063,4733.848,16021.184,603145,0.5299823,12233963.0,0.020081319,513695.22,245674.113637197
Geo9,2023-09-04,1822647,2362948,2188381,3368288,0.6001389,2.025486,13364.966,22781.729,16261.694,26248.531,2088291,1.8067561,10981352.0,0.020112313,513695.22,220860.38858717598
Geo9,2023-09-11,1487792,927292,1062921,3535126,1.7076201,0.7627212,10909.567,8940.237,7898.4854,27548.672,1055310,1.087803,14038585.0,0.019949265,513695.22,280059.452390025
Geo9,2023-09-18,724946,1382102,0,1499139,-1.2314768,1.6523057,5315.8286,13325.165,0.0,11682.551,696903,0.3434126,13823739.0,0.020007355,513695.22,276576.453600345
Geo9,2023-09-25,1449505,0,0,2601256,0.04504335,0.013966829,10628.819,0.0,0.0,20271.174,0,0.9772409,16776159.0,0.020064674,513695.22,336608.16130716604
Geo9,2023-10-02,595359,1306134,2034984,3140318,2.472172,1.6212158,4365.6025,12592.74,15121.812,24471.998,1709186,2.099927,4537316.5,0.01986298,513695.22,90124.62689316999
Geo9,2023-10-09,1104488,979647,1895643,2358422,0.3876087,1.4382311,8098.9043,9445.004,14086.38,18378.807,774723,0.0,7708800.5,0.020100653,513695.22,154951.92389672648
Geo9,2023-10-16,0,332765,0,2238560,1.375283,0.9442836,0.0,3208.2644,0.0,17444.74,888675,0.039348453,9085641.0,0.019940842,513695.22,181175.331649722
Geo9,2023-10-23,933794,293294,1547474,3495722,2.4402366,0.37760153,6847.253,2827.7153,11499.162,27241.604,444827,1.9893533,7422049.0,0.020173451,513695.22,149728.341821099
Geo9,2023-10-30,147267,0,0,191938,-1.333964,-1.1132263,1079.8682,0.0,0.0,1495.7423,0,0.0,13045565.0,0.019933317,513695.22,260041.382589105
Geo9,2023-11-06,1441526,895502,1317835,2624981,1.605237,-0.46523342,10570.311,8633.742,9792.732,20456.059,979058,3.7086716,13733064.0,0.019815732,513695.22,272130.715762848
Geo9,2023-11-13,107247,567340,0,1301164,-1.2971616,0.5805483,786.41254,5469.8564,0.0,10139.763,0,0.0,13507908.0,0.019938726,513695.22,269330.476445208
Geo9,2023-11-20,1682924,0,0,2718666,-0.39674786,-0.32825172,12340.416,0.0,0.0,21186.13,1022271,3.5293636,19147140.0,0.019929862,513695.22,381599.85789468
Geo9,2023-11-27,1107571,0,400074,2752699,0.3332789,2.4845955,8121.5117,0.0,2972.9197,21451.344,2363542,0.35522622,9498833.0,0.020091878,513695.22,190849.393778374
Geo9,2023-12-04,943697,905080,1227307,3357211,0.8502641,0.9973392,6919.869,8726.086,9120.026,26162.21,0,1.185485,11147428.0,0.019979132,513695.22,222715.935472496
Geo9,2023-12-11,50031,597209,912556,2082298,-0.22051397,-0.6939443,366.86346,5757.83,6781.1343,16227.016,198492,1.6136458,15290744.0,0.02010107,513695.22,307360.31549608
Geo9,2023-12-18,1464367,857806,0,1956612,-0.71970654,0.33181256,10737.798,8270.307,0.0,15247.565,541384,0.0,15234047.0,0.020121904,513695.22,306538.031265488
Geo9,2023-12-25,953124,489442,0,1427191,-1.0535691,0.519312,6988.9946,4718.8237,0.0,11121.872,0,0.0,18156892.0,0.020085929,513695.22,364698.043572668
Geo9,2024-01-01,0,0,213133,2846124,0.5483877,-0.56981814,0.0,0.0,1583.7753,22179.39,0,0.38804582,10182924.0,0.019854816,513695.22,202180.082361984
Geo9,2024-01-08,1209242,497181,0,1287116,-0.3857871,0.36446416,8867.037,4793.437,0.0,10030.29,709495,0.25841752,12583538.0,0.020161478,513695.22,253702.724549164
Geo9,2024-01-15,810417,134665,903322,2740408,1.2601953,0.09176579,5942.5635,1298.3365,6712.5176,21355.562,1167460,0.7236535,10481814.0,0.020133315,513695.22,211033.66303340998
